sale_id,sale_date,product_id,quantity,unit_price_eur,discount_pct,customer_type,sales_channel,customer_region,order_status
1,2025-09-01,5,15,22.07,0.030,restaurant,direct,Nürnberg,completed
2,2025-09-01,8,20,24.45,0.040,bar,wholesale,Bayreuth,completed
3,2025-09-01,12,101,27.21,0.130,beverage_wholesaler,wholesale,Nürnberg,completed
4,2025-09-01,8,35,24.30,0.040,restaurant,direct,Nürnberg,completed
5,2025-09-01,10,31,32.93,0.030,restaurant,direct,Bayreuth,completed
6,2025-09-01,7,23,31.64,0.040,bar,direct,Marktredwitz,completed
7,2025-09-01,10,43,32.80,0.050,bar,direct,Bayreuth,completed
8,2025-09-01,5,21,21.83,0.035,bar,wholesale,Bayreuth,completed
9,2025-09-01,1,33,22.97,0.080,supermarket,wholesale,Bayreuth,completed
10,2025-09-01,5,132,21.64,0.085,supermarket,wholesale,Bayreuth,completed
11,2025-09-01,2,55,25.18,0.060,event_catering,direct,Coburg,completed
12,2025-09-01,8,73,24.50,0.065,supermarket,wholesale,Bayreuth,completed
13,2025-09-02,9,90,25.77,0.085,supermarket,wholesale,Kulmbach,completed
14,2025-09-02,6,14,24.53,0.030,restaurant,wholesale,Bayreuth,completed
15,2025-09-02,4,61,22.40,0.080,supermarket,direct,Bayreuth,completed
16,2025-09-02,6,30,24.27,0.030,restaurant,direct,Nürnberg,completed
17,2025-09-02,10,23,32.50,0.035,bar,direct,Bayreuth,completed
18,2025-09-02,8,18,23.99,0.040,restaurant,direct,Bayreuth,completed
19,2025-09-02,2,42,25.05,0.050,bar,wholesale,Marktredwitz,completed
20,2025-09-02,2,77,24.57,0.070,supermarket,wholesale,Bamberg,completed
21,2025-09-02,11,86,23.20,0.130,beverage_wholesaler,wholesale,Bayreuth,completed
22,2025-09-02,5,70,22.19,0.060,event_catering,direct,Nürnberg,completed
23,2025-09-02,6,20,24.14,0.030,restaurant,direct,Kulmbach,completed
24,2025-09-02,4,17,22.76,0.030,restaurant,direct,Nürnberg,completed
25,2025-09-02,6,81,24.33,0.135,beverage_wholesaler,wholesale,Nürnberg,completed
26,2025-09-02,2,17,24.90,0.030,restaurant,wholesale,Kulmbach,completed
27,2025-09-02,9,22,26.01,0.030,restaurant,direct,Nürnberg,completed
28,2025-09-02,1,116,22.96,0.085,supermarket,wholesale,Bamberg,completed
29,2025-09-02,8,23,24.09,0.040,bar,wholesale,Coburg,completed
30,2025-09-02,10,45,33.28,0.060,event_catering,direct,Hof,completed
31,2025-09-02,8,15,24.11,0.040,bar,direct,Marktredwitz,completed
32,2025-09-02,3,14,23.78,0.040,restaurant,wholesale,Coburg,completed
33,2025-09-02,3,45,23.97,0.040,bar,wholesale,Nürnberg,completed
34,2025-09-02,1,90,23.04,0.085,supermarket,direct,Marktredwitz,completed
35,2025-09-02,8,77,24.53,0.070,supermarket,wholesale,Nürnberg,completed
36,2025-09-03,11,102,23.51,0.085,supermarket,wholesale,Hof,completed
37,2025-09-03,6,96,24.17,0.135,beverage_wholesaler,wholesale,Hof,cancelled
38,2025-09-03,9,207,25.90,0.160,beverage_wholesaler,wholesale,Bamberg,completed
39,2025-09-03,8,15,24.42,0.030,restaurant,direct,Hof,completed
40,2025-09-03,1,42,23.24,0.065,supermarket,direct,Coburg,completed
41,2025-09-03,7,122,31.85,0.130,beverage_wholesaler,wholesale,Nürnberg,completed
42,2025-09-03,9,49,26.00,0.080,supermarket,wholesale,Hof,completed
43,2025-09-03,3,31,23.82,0.040,bar,direct,Bayreuth,completed
44,2025-09-03,4,22,22.74,0.040,bar,direct,Kulmbach,completed
45,2025-09-03,8,19,24.42,0.025,restaurant,direct,Kulmbach,completed
46,2025-09-03,3,52,24.14,0.040,bar,wholesale,Bamberg,completed
47,2025-09-03,5,73,21.66,0.080,supermarket,wholesale,Coburg,completed
48,2025-09-03,3,39,23.72,0.050,bar,direct,Bayreuth,completed
49,2025-09-03,3,102,24.08,0.085,supermarket,wholesale,Marktredwitz,completed
50,2025-09-03,1,31,22.88,0.030,restaurant,direct,Bayreuth,completed
51,2025-09-03,7,81,31.52,0.085,supermarket,wholesale,Marktredwitz,completed
52,2025-09-03,3,76,23.61,0.070,supermarket,direct,Marktredwitz,completed
53,2025-09-03,12,86,27.03,0.095,supermarket,wholesale,Bayreuth,completed
54,2025-09-03,4,22,22.64,0.040,restaurant,direct,Bamberg,completed
55,2025-09-03,8,58,24.44,0.070,event_catering,direct,Bayreuth,completed
56,2025-09-03,2,21,24.98,0.025,restaurant,direct,Marktredwitz,completed
57,2025-09-03,2,161,25.05,0.145,beverage_wholesaler,wholesale,Bayreuth,completed
58,2025-09-04,2,45,25.26,0.065,supermarket,wholesale,Hof,completed
59,2025-09-04,2,25,24.94,0.030,restaurant,direct,Bayreuth,completed
60,2025-09-04,9,191,25.78,0.160,beverage_wholesaler,wholesale,Bamberg,cancelled
61,2025-09-04,1,118,22.66,0.135,beverage_wholesaler,wholesale,Bayreuth,completed
62,2025-09-04,5,21,21.72,0.025,restaurant,direct,Bayreuth,completed
63,2025-09-04,12,47,27.27,0.065,supermarket,wholesale,Coburg,completed
64,2025-09-04,1,45,22.56,0.070,supermarket,wholesale,Bayreuth,completed
65,2025-09-04,7,38,32.31,0.040,bar,direct,Bayreuth,completed
66,2025-09-04,999,71,22.72,0.070,supermarket,wholesale,Marktredwitz,completed
67,2025-09-04,5,26,22.03,0.040,bar,direct,Hof,completed
68,2025-09-04,1,61,22.57,0.070,supermarket,wholesale,Bayreuth,completed
69,2025-09-04,1,315,22.58,0.145,beverage_wholesaler,wholesale,Nürnberg,completed
70,2025-09-04,2,76,25.25,0.080,supermarket,wholesale,Coburg,completed
71,2025-09-04,1,27,23.12,0.050,bar,direct,Bayreuth,completed
72,2025-09-04,11,26,23.61,0.040,bar,direct,Kulmbach,completed
73,2025-09-04,8,34,24.03,0.030,restaurant,direct,Kulmbach,completed
74,2025-09-04,1,183,22.77,0.150,beverage_wholesaler,wholesale,Bamberg,completed
75,2025-09-04,1,15,23.13,0.040,restaurant,direct,Coburg,cancelled
76,2025-09-04,10,68,32.68,0.070,supermarket,wholesale,Kulmbach,completed
77,2025-09-04,9,65,25.96,0.055,event_catering,wholesale,Bamberg,completed
78,2025-09-04,3,86,24.17,0.085,supermarket,wholesale,Bamberg,cancelled
79,2025-09-04,4,24,22.42,0.050,bar,wholesale,Coburg,completed
80,2025-09-04,1,55,23.16,0.060,event_catering,direct,Bamberg,completed
81,2025-09-04,4,73,22.69,0.080,supermarket,wholesale,Nürnberg,completed
82,2025-09-05,3,33,23.95,0.050,bar,direct,Bayreuth,completed
83,2025-09-05,6,18,24.47,0.030,restaurant,wholesale,Coburg,completed
84,2025-09-05,5,72,22.13,0.080,supermarket,wholesale,Kulmbach,completed
85,2025-09-05,7,32,32.29,0.040,bar,wholesale,Kulmbach,completed
86,2025-09-05,2,179,24.99,0.150,beverage_wholesaler,wholesale,Hof,completed
87,2025-09-05,6,159,24.71,0.100,supermarket,wholesale,Coburg,completed
88,2025-09-05,3,26,24.17,0.025,restaurant,direct,Coburg,completed
89,2025-09-05,9,18,25.88,0.040,bar,wholesale,Bayreuth,completed
90,2025-09-05,6,18,24.40,0.025,restaurant,direct,Nürnberg,completed
91,2025-09-05,6,99,24.21,0.085,supermarket,wholesale,Bamberg,completed
92,2025-09-05,9,166,26.22,0.160,beverage_wholesaler,wholesale,Nürnberg,completed
93,2025-09-05,2,28,24.63,0.025,restaurant,direct,Marktredwitz,completed
94,2025-09-05,4,168,22.60,0.160,beverage_wholesaler,wholesale,Marktredwitz,completed
95,2025-09-05,7,46,32.24,0.060,event_catering,direct,Bayreuth,completed
96,2025-09-05,3,69,24.22,0.070,supermarket,wholesale,Marktredwitz,completed
97,2025-09-05,11,18,23.70,0.030,restaurant,wholesale,Nürnberg,completed
98,2025-09-05,9,51,25.51,0.065,supermarket,wholesale,Nürnberg,completed
99,2025-09-05,2,31,24.79,0.030,restaurant,direct,Bayreuth,completed
100,2025-09-05,1,26,22.88,0.030,restaurant,direct,Bayreuth,completed
101,2025-09-05,11,46,23.60,0.040,restaurant,wholesale,Bamberg,completed
102,2025-09-05,1,179,22.78,0.150,beverage_wholesaler,wholesale,Bamberg,completed
103,2025-09-05,7,62,31.86,0.070,supermarket,wholesale,Nürnberg,completed
104,2025-09-06,9,42,25.95,0.025,restaurant,direct,Hof,completed
105,2025-09-06,4,108,22.55,0.135,beverage_wholesaler,wholesale,Marktredwitz,completed
106,2025-09-06,9,27,25.69,0.025,restaurant,direct,Bayreuth,completed
107,2025-09-06,6,145,24.15,0.135,beverage_wholesaler,wholesale,Nürnberg,completed
108,2025-09-06,2,31,24.63,0.060,event_catering,direct,Kulmbach,completed
109,2025-09-06,4,112,22.69,0.135,beverage_wholesaler,wholesale,Bayreuth,completed
110,2025-09-06,6,31,24.49,0.040,restaurant,direct,Bayreuth,completed
111,2025-09-06,4,85,22.52,0.145,beverage_wholesaler,wholesale,Bayreuth,completed
112,2025-09-06,2,77,24.53,0.060,event_catering,direct,Bayreuth,completed
113,2025-09-06,4,37,22.36,0.050,bar,wholesale,Nürnberg,completed
114,2025-09-06,4,32,22.73,0.040,restaurant,direct,Marktredwitz,completed
115,2025-09-06,2,61,24.58,0.070,supermarket,wholesale,Kulmbach,completed
116,2025-09-06,3,22,24.09,0.030,restaurant,direct,Hof,completed
117,2025-09-06,8,180,24.30,0.145,beverage_wholesaler,wholesale,Bamberg,returned
118,2025-09-06,4,57,22.56,0.060,event_catering,direct,Kulmbach,completed
119,2025-09-06,3,48,23.98,0.070,supermarket,wholesale,Bayreuth,completed
120,2025-09-06,9,87,25.76,0.085,supermarket,wholesale,Hof,completed
121,2025-09-06,9,27,26.01,0.025,restaurant,direct,Bayreuth,completed
122,2025-09-06,6,21,24.43,0.070,event_catering,direct,Bamberg,completed
123,2025-09-07,3,123,23.94,0.075,event_catering,direct,Nürnberg,completed
124,2025-09-07,11,20,23.27,0.030,restaurant,wholesale,Nürnberg,completed
125,2025-09-07,1,34,22.65,0.065,supermarket,wholesale,Bayreuth,completed
126,2025-09-07,8,67,24.10,0.130,beverage_wholesaler,direct,Hof,completed
127,2025-09-07,8,42,24.49,0.080,supermarket,wholesale,Hof,completed
128,2025-09-07,8,77,24.54,0.080,supermarket,wholesale,Bamberg,completed
129,2025-09-07,6,34,24.66,0.030,restaurant,direct,Bayreuth,completed
130,2025-09-07,4,21,22.80,0.030,restaurant,direct,Bayreuth,completed
131,2025-09-07,1,25,22.81,0.040,bar,wholesale,Bayreuth,completed
132,2025-09-07,8,71,24.34,0.130,beverage_wholesaler,wholesale,Nürnberg,completed
133,2025-09-07,1,20,23.20,0.065,supermarket,wholesale,Bayreuth,completed
134,2025-09-07,1,61,22.87,0.115,beverage_wholesaler,wholesale,Bayreuth,completed
135,2025-09-07,4,44,22.16,0.080,supermarket,wholesale,Bayreuth,completed
136,2025-09-08,1,30,22.59,0.030,restaurant,wholesale,Nürnberg,completed
137,2025-09-08,4,34,22.21,0.030,restaurant,direct,Hof,completed
138,2025-09-08,2,75,24.88,0.035,bar,direct,Bayreuth,completed
139,2025-09-08,1,34,22.86,0.040,bar,direct,Coburg,completed
140,2025-09-08,2,67,24.73,0.055,event_catering,direct,Kulmbach,completed
141,2025-09-08,2,56,25.02,0.070,supermarket,wholesale,Marktredwitz,completed
142,2025-09-08,3,35,24.22,0.040,bar,direct,Nürnberg,completed
143,2025-09-08,1,160,23.21,0.160,beverage_wholesaler,wholesale,Bayreuth,completed
144,2025-09-08,4,57,22.33,0.070,supermarket,wholesale,Kulmbach,completed
145,2025-09-08,5,53,21.71,0.080,supermarket,wholesale,Kulmbach,completed
146,2025-09-08,1,75,23.17,0.060,event_catering,direct,Bayreuth,completed
147,2025-09-08,8,55,24.41,0.060,event_catering,direct,Nürnberg,completed
148,2025-09-08,4,24,22.52,0.050,bar,wholesale,Nürnberg,completed
149,2025-09-08,6,22,24.23,0.030,restaurant,direct,Marktredwitz,completed
150,2025-09-08,1,66,22.91,0.070,supermarket,wholesale,Hof,completed
151,2025-09-09,11,153,23.69,0.150,beverage_wholesaler,wholesale,Bayreuth,completed
152,2025-09-09,2,116,24.75,0.095,supermarket,wholesale,Nürnberg,completed
153,2025-09-09,2,72,25.07,0.070,supermarket,direct,Bamberg,completed
154,2025-09-09,5,19,21.87,0.030,restaurant,direct,Kulmbach,completed
155,2025-09-09,4,66,22.50,0.060,event_catering,direct,Coburg,completed
156,2025-09-09,11,33,23.56,0.040,bar,direct,Bayreuth,completed
157,2025-09-09,6,51,24.40,0.080,supermarket,wholesale,Coburg,completed
158,2025-09-09,1,24,23.12,0.030,restaurant,direct,Nürnberg,completed
159,2025-09-09,3,22,23.91,0.025,restaurant,direct,Bayreuth,completed
160,2025-09-09,4,22,22.26,0.025,restaurant,direct,Kulmbach,completed
161,2025-09-09,9,49,25.93,0.035,bar,direct,Nürnberg,completed
162,2025-09-09,6,243,24.57,0.150,beverage_wholesaler,wholesale,Kulmbach,completed
163,2025-09-09,2,31,25.00,0.055,event_catering,wholesale,Nürnberg,completed
164,2025-09-09,1,15,22.84,0.030,restaurant,direct,Nürnberg,completed
165,2025-09-09,9,156,25.67,0.095,supermarket,wholesale,Bamberg,completed
166,2025-09-09,2,98,25.03,0.085,supermarket,wholesale,Kulmbach,completed
167,2025-09-09,4,181,22.31,0.150,beverage_wholesaler,wholesale,Bayreuth,cancelled
168,2025-09-09,7,25,31.70,0.040,bar,direct,Bayreuth,completed
169,2025-09-09,3,148,23.75,0.135,beverage_wholesaler,wholesale,Kulmbach,completed
170,2025-09-09,4,43,22.63,0.065,supermarket,wholesale,Bayreuth,completed
171,2025-09-10,6,61,24.80,0.060,event_catering,wholesale,Kulmbach,completed
172,2025-09-10,12,21,27.20,0.030,restaurant,direct,Coburg,completed
173,2025-09-10,2,22,24.88,0.025,restaurant,direct,Marktredwitz,completed
174,2025-09-10,2,11,24.95,0.030,restaurant,direct,Bamberg,completed
175,2025-09-10,9,176,25.66,0.150,beverage_wholesaler,wholesale,Coburg,completed
176,2025-09-10,2,15,24.72,0.030,restaurant,direct,Bayreuth,completed
177,2025-09-10,1,92,22.81,0.085,supermarket,direct,Bamberg,completed
178,2025-09-10,12,49,27.11,0.080,supermarket,wholesale,Bamberg,completed
179,2025-09-10,5,178,22.03,0.145,beverage_wholesaler,wholesale,Nürnberg,completed
180,2025-09-10,4,25,22.74,0.030,restaurant,direct,Nürnberg,completed
181,2025-09-10,9,168,25.91,0.150,beverage_wholesaler,wholesale,Bamberg,completed
182,2025-09-10,7,45,31.97,0.070,supermarket,wholesale,Hof,completed
183,2025-09-10,10,14,33.16,0.030,restaurant,direct,Marktredwitz,cancelled
184,2025-09-10,3,0,23.64,0.035,bar,direct,Marktredwitz,completed
185,2025-09-10,1,50,22.92,0.070,event_catering,direct,Kulmbach,completed
186,2025-09-10,10,35,33.01,0.050,bar,wholesale,Bayreuth,completed
187,2025-09-10,5,22,21.73,0.030,restaurant,direct,Bayreuth,completed
188,2025-09-11,5,24,22.10,0.040,bar,direct,Bayreuth,completed
189,2025-09-11,1,45,23.19,0.060,event_catering,direct,Nürnberg,completed
190,2025-09-11,2,160,24.67,0.150,beverage_wholesaler,wholesale,Bayreuth,completed
191,2025-09-11,9,62,25.82,0.070,supermarket,wholesale,Bamberg,completed
192,2025-09-11,6,25,24.48,0.050,bar,wholesale,Bamberg,completed
193,2025-09-11,2,106,25.08,0.135,beverage_wholesaler,wholesale,Kulmbach,completed
194,2025-09-11,2,50,25.15,0.065,supermarket,wholesale,Nürnberg,completed
195,2025-09-11,9,94,25.64,0.085,supermarket,wholesale,Bayreuth,completed
196,2025-09-11,6,191,24.23,0.160,beverage_wholesaler,wholesale,Nürnberg,completed
197,2025-09-11,4,25,22.52,0.030,restaurant,wholesale,Bayreuth,completed
198,2025-09-11,6,18,24.32,0.025,restaurant,wholesale,Hof,completed
199,2025-09-11,4,14,22.62,0.030,restaurant,direct,Marktredwitz,completed
200,2025-09-11,1,101,22.99,0.135,beverage_wholesaler,wholesale,Hof,completed
201,2025-09-11,3,160,23.57,0.150,beverage_wholesaler,wholesale,Nürnberg,completed
202,2025-09-11,1,180,22.96,0.150,beverage_wholesaler,wholesale,Nürnberg,completed
203,2025-09-11,1,15,22.82,0.040,bar,wholesale,Bayreuth,completed
204,2025-09-11,8,58,24.45,0.070,supermarket,wholesale,Bayreuth,completed
205,2025-09-11,8,36,24.19,0.070,event_catering,wholesale,Kulmbach,completed
206,2025-09-11,6,32,24.66,0.070,supermarket,wholesale,Nürnberg,completed
207,2025-09-11,8,105,24.52,0.135,beverage_wholesaler,wholesale,Nürnberg,completed
208,2025-09-11,4,26,22.18,0.030,restaurant,direct,Bayreuth,completed
209,2025-09-11,3,52,24.06,0.070,supermarket,direct,Kulmbach,completed
210,2025-09-11,7,18,31.89,0.030,restaurant,direct,Bamberg,completed
211,2025-09-11,1,24,22.96,0.050,bar,direct,Bamberg,completed
212,2025-09-11,3,45,23.86,0.040,bar,wholesale,Marktredwitz,completed
213,2025-09-11,2,81,24.76,0.095,supermarket,direct,Nürnberg,completed
214,2025-09-11,4,32,22.35,0.050,bar,direct,Nürnberg,completed
215,2025-09-11,12,22,27.27,0.060,event_catering,direct,Bayreuth,completed
216,2025-09-11,7,58,31.65,0.070,supermarket,wholesale,Kulmbach,completed
217,2025-09-12,4,39,22.42,0.050,bar,direct,Bamberg,completed
218,2025-09-12,12,74,26.59,0.070,supermarket,wholesale,Bayreuth,completed
219,2025-09-12,2,34,25.07,0.050,bar,direct,Bamberg,completed
220,2025-09-12,1,25,23.20,0.030,restaurant,direct,Nürnberg,completed
221,2025-09-12,4,67,22.29,0.070,supermarket,wholesale,Kulmbach,completed
222,2025-09-12,4,133,22.30,0.135,beverage_wholesaler,wholesale,Coburg,completed
223,2025-09-12,9,30,25.60,0.040,restaurant,direct,Bayreuth,completed
224,2025-09-12,3,59,24.15,0.060,event_catering,wholesale,Kulmbach,completed
225,2025-09-12,6,97,24.41,0.135,beverage_wholesaler,wholesale,Kulmbach,completed
226,2025-09-12,4,74,22.54,0.070,supermarket,wholesale,Nürnberg,completed
227,2025-09-12,1,64,22.84,0.050,bar,wholesale,Bamberg,completed
228,2025-09-12,5,97,21.75,0.085,supermarket,wholesale,Bayreuth,completed
229,2025-09-12,8,78,24.03,0.070,supermarket,direct,Hof,completed
230,2025-09-12,8,72,23.91,0.080,supermarket,wholesale,Hof,completed
231,2025-09-12,4,20,22.75,0.050,bar,wholesale,Marktredwitz,completed
232,2025-09-12,7,51,31.58,0.040,restaurant,direct,Hof,completed
233,2025-09-12,3,20,24.24,0.030,restaurant,direct,Bayreuth,completed
234,2025-09-12,9,117,26.23,0.085,event_catering,wholesale,Bamberg,returned
235,2025-09-12,2,62,24.89,0.040,restaurant,direct,Coburg,completed
236,2025-09-12,6,35,24.47,0.040,bar,direct,Bamberg,completed
237,2025-09-12,1,328,22.83,0.145,beverage_wholesaler,wholesale,Coburg,cancelled
238,2025-09-12,2,78,25.12,0.080,supermarket,wholesale,Kulmbach,completed
239,2025-09-12,9,27,25.67,0.040,restaurant,direct,Nürnberg,completed
240,2025-09-12,10,49,32.49,0.070,supermarket,wholesale,Bayreuth,completed
241,2025-09-12,7,37,32.09,0.030,restaurant,direct,Nürnberg,completed
242,2025-09-12,7,26,31.64,0.030,restaurant,wholesale,Bayreuth,completed
243,2025-09-13,7,22,31.66,0.030,restaurant,direct,Bayreuth,completed
244,2025-09-13,2,44,25.09,0.070,supermarket,wholesale,Nürnberg,completed
245,2025-09-13,4,80,22.21,0.130,beverage_wholesaler,wholesale,Marktredwitz,completed
246,2025-09-13,3,48,24.03,0.035,bar,wholesale,Kulmbach,completed
247,2025-09-13,1,134,23.08,0.130,beverage_wholesaler,wholesale,Bayreuth,completed
248,2025-09-13,1,51,22.99,0.065,supermarket,wholesale,Nürnberg,completed
249,2025-09-13,7,16,32.01,0.040,restaurant,direct,Nürnberg,completed
250,2025-09-13,1,71,23.09,0.065,supermarket,wholesale,Bayreuth,completed
251,2025-09-13,2,23,25.00,0.025,restaurant,direct,Hof,completed
252,2025-09-13,2,58,24.70,0.030,restaurant,direct,Coburg,completed
253,2025-09-13,4,121,22.54,0.135,beverage_wholesaler,wholesale,Bayreuth,completed
254,2025-09-13,4,40,22.55,0.040,bar,direct,Kulmbach,completed
255,2025-09-13,4,16,22.75,0.040,restaurant,direct,Bayreuth,completed
256,2025-09-13,3,14,23.72,0.025,restaurant,wholesale,Bamberg,completed
257,2025-09-13,8,70,23.84,0.060,event_catering,direct,Hof,completed
258,2025-09-13,9,94,25.59,0.055,bar,direct,Coburg,completed
259,2025-09-13,12,83,27.22,0.085,supermarket,wholesale,Bayreuth,completed
260,2025-09-13,1,36,22.72,0.040,bar,direct,Marktredwitz,completed
261,2025-09-13,8,112,24.52,0.135,beverage_wholesaler,wholesale,Nürnberg,completed
262,2025-09-14,7,107,31.56,0.135,beverage_wholesaler,direct,Kulmbach,completed
263,2025-09-14,2,32,25.16,0.050,bar,direct,Bayreuth,completed
264,2025-09-14,8,25,24.43,0.030,restaurant,direct,Bayreuth,completed
265,2025-09-14,2,51,24.62,0.070,supermarket,wholesale,Nürnberg,completed
266,2025-09-14,7,45,31.59,0.070,event_catering,direct,Bamberg,completed
267,2025-09-14,1,27,22.90,0.040,bar,direct,Coburg,completed
268,2025-09-14,4,31,22.59,0.030,restaurant,wholesale,Kulmbach,completed
269,2025-09-14,3,48,23.90,0.055,event_catering,direct,Hof,completed
270,2025-09-14,9,41,26.11,0.040,bar,direct,Bayreuth,completed
271,2025-09-14,10,35,33.31,0.060,event_catering,direct,Kulmbach,completed
272,2025-09-15,1,167,22.66,0.150,beverage_wholesaler,wholesale,Bayreuth,completed
273,2025-09-15,3,31,23.76,0.030,restaurant,direct,Bamberg,completed
274,2025-09-15,11,62,23.64,0.055,event_catering,direct,Hof,completed
275,2025-09-15,2,16,24.66,0.030,restaurant,direct,Nürnberg,completed
276,2025-09-15,8,69,24.51,0.070,supermarket,wholesale,Coburg,cancelled
277,2025-09-15,1,80,22.67,0.085,supermarket,wholesale,Marktredwitz,completed
278,2025-09-15,9,166,26.05,0.150,beverage_wholesaler,wholesale,Nürnberg,completed
279,2025-09-15,4,113,22.50,0.145,beverage_wholesaler,wholesale,Bayreuth,completed
280,2025-09-15,9,48,25.86,0.030,restaurant,direct,Bamberg,completed
281,2025-09-15,1,10,23.06,0.030,restaurant,wholesale,Bayreuth,completed
282,2025-09-15,6,24,24.58,0.030,restaurant,direct,Nürnberg,completed
283,2025-09-15,4,48,22.34,0.035,bar,direct,Marktredwitz,completed
284,2025-09-15,9,24,25.58,0.040,restaurant,direct,Nürnberg,completed
285,2025-09-16,9,99,25.58,0.085,supermarket,wholesale,Bayreuth,completed
286,2025-09-16,5,49,21.95,0.070,event_catering,direct,Nürnberg,completed
287,2025-09-16,1,33,23.02,0.035,bar,direct,Coburg,completed
288,2025-09-16,12,79,26.66,0.130,beverage_wholesaler,wholesale,Bayreuth,completed
289,2025-09-16,7,81,31.80,0.080,supermarket,wholesale,Kulmbach,completed
290,2025-09-16,8,77,23.92,0.080,supermarket,wholesale,Coburg,completed
291,2025-09-16,1,42,22.97,0.065,supermarket,wholesale,Marktredwitz,completed
292,2025-09-16,7,21,32.30,0.040,restaurant,direct,Nürnberg,completed
293,2025-09-16,2,118,25.25,0.135,beverage_wholesaler,wholesale,Kulmbach,completed
294,2025-09-16,3,175,23.68,0.150,beverage_wholesaler,wholesale,Hof,completed
295,2025-09-16,9,268,25.56,0.150,beverage_wholesaler,wholesale,Hof,completed
296,2025-09-16,5,107,22.11,0.135,beverage_wholesaler,wholesale,Bamberg,completed
297,2025-09-16,3,26,23.96,0.040,restaurant,direct,Bayreuth,completed
298,2025-09-16,7,95,32.24,0.135,beverage_wholesaler,wholesale,Hof,completed
299,2025-09-16,,29,24.88,0.030,restaurant,direct,Bayreuth,completed
300,2025-09-16,6,145,24.76,0.145,beverage_wholesaler,wholesale,Bayreuth,completed
301,2025-09-17,1,59,23.05,0.070,supermarket,direct,Bayreuth,completed
302,2025-09-17,3,32,24.03,0.040,bar,direct,Bamberg,completed
303,2025-09-17,2,29,24.66,0.055,event_catering,direct,Kulmbach,completed
304,2025-09-17,8,16,24.31,0.040,bar,direct,Hof,completed
305,2025-09-17,9,142,26.17,0.145,beverage_wholesaler,wholesale,Bamberg,completed
306,2025-09-17,1,108,22.92,0.095,supermarket,direct,Marktredwitz,completed
307,2025-09-17,3,32,23.89,0.030,restaurant,direct,Marktredwitz,completed
308,2025-09-17,2,80,24.89,0.085,supermarket,wholesale,Bayreuth,completed
309,2025-09-17,3,106,23.92,0.085,supermarket,direct,Nürnberg,completed
310,2025-09-17,5,146,21.78,0.135,beverage_wholesaler,wholesale,Hof,completed
311,2025-09-17,1,51,22.97,0.035,bar,wholesale,Bayreuth,completed
312,2025-09-17,9,71,25.53,0.070,event_catering,wholesale,Kulmbach,completed
313,2025-09-17,4,33,22.68,0.030,restaurant,direct,Bayreuth,completed
314,2025-09-17,9,33,25.88,0.030,restaurant,direct,Bayreuth,completed
315,2025-09-17,6,75,24.65,0.065,supermarket,direct,Kulmbach,completed
316,2025-09-17,2,94,24.68,0.080,supermarket,wholesale,Nürnberg,completed
317,2025-09-17,2,13,25.04,0.030,restaurant,direct,Nürnberg,completed
318,2025-09-17,1,26,23.09,0.030,restaurant,direct,Bayreuth,completed
319,2025-09-17,4,91,22.66,0.145,beverage_wholesaler,wholesale,Nürnberg,completed
320,2025-09-17,6,17,24.83,0.040,restaurant,direct,Coburg,completed
321,2025-09-18,9,100,25.69,0.080,supermarket,direct,Bayreuth,completed
322,2025-09-18,6,55,24.39,0.080,supermarket,wholesale,Nürnberg,completed
323,2025-09-18,12,70,26.76,0.120,beverage_wholesaler,wholesale,Nürnberg,completed
324,2025-09-18,9,58,25.86,0.065,supermarket,wholesale,Kulmbach,completed
325,2025-09-18,6,15,24.54,0.025,restaurant,wholesale,Bamberg,completed
326,2025-09-18,9,90,26.25,0.085,event_catering,direct,Nürnberg,completed
327,2025-09-18,5,28,22.04,0.030,restaurant,wholesale,Bamberg,completed
328,2025-09-18,9,53,25.80,0.025,restaurant,wholesale,Kulmbach,completed
329,2025-09-18,8,60,23.97,0.070,supermarket,wholesale,Coburg,completed
330,2025-09-18,7,42,31.54,0.065,supermarket,wholesale,Hof,completed
331,2025-09-18,11,69,23.49,0.065,supermarket,direct,Bamberg,completed
332,2025-09-18,7,16,32.00,0.025,restaurant,wholesale,Nürnberg,completed
333,2025-09-18,7,23,32.35,0.040,bar,direct,Nürnberg,completed
334,2025-09-18,8,19,24.35,0.040,bar,direct,Nürnberg,completed
335,2025-09-18,2,18,24.90,0.030,restaurant,direct,Nürnberg,completed
336,2025-09-18,4,28,22.62,0.040,restaurant,direct,Kulmbach,completed
337,2025-09-18,1,79,23.02,0.120,beverage_wholesaler,wholesale,Bamberg,completed
338,2025-09-18,2,49,24.68,0.030,restaurant,direct,Kulmbach,completed
339,2025-09-18,6,68,24.42,0.065,supermarket,wholesale,Nürnberg,completed
340,2025-09-18,1,57,23.22,0.070,supermarket,wholesale,Nürnberg,completed
341,2025-09-18,9,33,26.10,0.030,restaurant,direct,Coburg,completed
342,2025-09-18,2,62,25.25,0.120,beverage_wholesaler,wholesale,Marktredwitz,completed
343,2025-09-18,2,48,25.16,0.025,restaurant,wholesale,Bayreuth,completed
344,2025-09-18,7,96,31.49,0.080,supermarket,wholesale,Bayreuth,completed
345,2025-09-18,2,49,24.75,0.070,supermarket,wholesale,Bayreuth,completed
346,2025-09-18,8,73,24.16,0.070,supermarket,wholesale,Nürnberg,completed
347,2025-09-18,7,104,32.11,0.080,supermarket,wholesale,Marktredwitz,completed
348,2025-09-18,4,119,22.38,0.135,beverage_wholesaler,wholesale,Bamberg,completed
349,2025-09-18,5,61,22.14,0.060,event_catering,direct,Hof,completed
350,2025-09-18,12,108,27.10,0.085,supermarket,wholesale,Nürnberg,completed
351,2025-09-18,1,46,23.12,0.035,bar,direct,Bayreuth,completed
352,2025-09-19,9,45,25.74,0.055,event_catering,direct,Kulmbach,completed
353,2025-09-19,9,218,26.25,0.145,beverage_wholesaler,wholesale,Marktredwitz,completed
354,2025-09-19,4,169,22.29,0.150,beverage_wholesaler,wholesale,Kulmbach,completed
355,2025-09-19,5,31,21.74,0.030,restaurant,direct,Nürnberg,completed
356,2025-09-19,6,50,24.79,0.060,event_catering,direct,Kulmbach,completed
357,2025-09-19,5,81,22.20,0.085,supermarket,wholesale,Kulmbach,completed
358,2025-09-19,6,111,24.78,0.135,beverage_wholesaler,wholesale,Nürnberg,completed
359,2025-09-19,2,54,25.19,0.040,bar,wholesale,Nürnberg,completed
360,2025-09-19,9,203,25.96,0.095,supermarket,wholesale,Nürnberg,completed
361,2025-09-19,9,44,25.80,0.030,restaurant,wholesale,Bayreuth,completed
362,2025-09-19,4,141,22.17,0.130,beverage_wholesaler,direct,Kulmbach,completed
363,2025-09-19,8,48,24.53,0.055,event_catering,wholesale,Nürnberg,completed
364,2025-09-19,3,97,23.73,0.135,beverage_wholesaler,wholesale,Bamberg,completed
365,2025-09-19,3,85,23.96,0.085,supermarket,wholesale,Hof,completed
366,2025-09-19,9,35,25.91,0.040,bar,wholesale,Nürnberg,completed
367,2025-09-19,6,76,24.30,0.070,supermarket,wholesale,Bamberg,completed
368,2025-09-20,1,73,22.99,0.065,supermarket,wholesale,Coburg,completed
369,2025-09-20,2,151,24.65,0.160,beverage_wholesaler,wholesale,Marktredwitz,completed
370,2025-09-20,2,152,25.22,0.150,beverage_wholesaler,wholesale,Coburg,completed
371,2025-09-20,1,39,23.12,0.050,bar,direct,Bayreuth,completed
372,2025-09-20,9,208,25.89,0.150,beverage_wholesaler,wholesale,Nürnberg,completed
373,2025-09-20,8,162,24.47,0.150,beverage_wholesaler,wholesale,Coburg,completed
374,2025-09-20,8,37,23.91,0.055,event_catering,direct,Bamberg,completed
375,2025-09-20,2,40,24.53,0.030,restaurant,direct,Coburg,completed
376,2025-09-20,3,67,24.01,0.080,supermarket,direct,Bamberg,completed
377,2025-09-20,2,53,24.94,0.050,bar,direct,Kulmbach,completed
378,2025-09-20,12,89,27.09,0.095,supermarket,wholesale,Bamberg,completed
379,2025-09-20,7,100,32.17,0.145,beverage_wholesaler,wholesale,Bamberg,completed
380,2025-09-20,3,112,23.88,0.085,supermarket,wholesale,Bayreuth,completed
381,2025-09-20,6,27,24.66,0.040,bar,wholesale,Kulmbach,completed
382,2025-09-20,4,75,22.36,0.115,beverage_wholesaler,wholesale,Nürnberg,completed
383,2025-09-20,2,61,24.68,0.065,supermarket,wholesale,Bayreuth,completed
384,2025-09-21,4,47,22.81,0.065,supermarket,wholesale,Nürnberg,completed
385,2025-09-21,11,64,23.83,0.070,supermarket,wholesale,Nürnberg,completed
386,2025-09-21,1,41,22.91,0.070,supermarket,wholesale,Bayreuth,completed
387,2025-09-21,6,34,24.29,0.030,restaurant,direct,Bayreuth,completed
388,2025-09-21,2,120,25.18,0.135,beverage_wholesaler,wholesale,Marktredwitz,completed
389,2025-09-21,1,28,22.56,0.025,restaurant,wholesale,Nürnberg,completed
390,2025-09-21,3,105,24.25,0.135,beverage_wholesaler,wholesale,Kulmbach,completed
391,2025-09-21,1,29,22.58,0.025,restaurant,wholesale,Nürnberg,completed
392,2025-09-21,1,100,22.56,0.135,beverage_wholesaler,wholesale,Bamberg,completed
393,2025-09-21,2,26,25.24,0.050,bar,direct,Nürnberg,completed
394,2025-09-21,8,21,23.97,0.050,bar,direct,Bamberg,completed
395,2025-09-21,2,15,24.67,0.040,restaurant,direct,Bayreuth,completed
396,2025-09-22,2,30,24.95,0.030,restaurant,direct,Bayreuth,completed
397,2025-09-22,9,40,26.27,0.030,restaurant,direct,Bayreuth,completed
398,2025-09-22,4,32,22.59,0.080,supermarket,wholesale,Hof,completed
399,2025-09-22,6,163,24.19,0.150,beverage_wholesaler,wholesale,Kulmbach,completed
400,2025-09-22,6,35,24.68,0.070,supermarket,wholesale,Nürnberg,completed
401,2025-09-22,1,19,22.70,0.030,restaurant,direct,Coburg,completed
402,2025-09-22,1,80,22.63,0.075,event_catering,direct,Bamberg,completed
403,2025-09-22,2,73,24.62,0.060,event_catering,direct,Kulmbach,completed
404,2025-09-22,3,35,24.21,0.065,supermarket,wholesale,Coburg,completed
405,2025-09-22,5,49,21.86,0.055,event_catering,direct,Nürnberg,completed
406,2025-09-22,2,82,24.72,0.145,beverage_wholesaler,wholesale,Bamberg,completed
407,2025-09-22,3,118,24.22,0.145,beverage_wholesaler,wholesale,Coburg,completed
408,2025-09-23,9,66,26.02,0.030,restaurant,direct,Hof,completed
409,2025-09-23,1,15,22.74,0.040,restaurant,direct,Bayreuth,completed
410,2025-09-23,5,19,21.65,0.030,restaurant,direct,Bayreuth,completed
411,2025-09-23,2,19,25.27,0.040,restaurant,wholesale,Bayreuth,completed
412,2025-09-23,11,18,23.78,0.040,bar,direct,Coburg,completed
413,2025-09-23,7,11,31.92,0.030,restaurant,direct,Marktredwitz,cancelled
414,2025-09-23,3,71,23.92,0.065,supermarket,wholesale,Kulmbach,completed
415,2025-09-23,9,28,25.76,0.040,restaurant,direct,Coburg,completed
416,2025-09-23,1,23,23.09,0.030,restaurant,direct,Hof,completed
417,2025-09-23,11,78,23.60,0.070,supermarket,wholesale,Kulmbach,completed
418,2025-09-23,12,52,27.09,0.040,restaurant,direct,Bayreuth,completed
419,2025-09-23,1,163,23.04,0.145,beverage_wholesaler,wholesale,Bayreuth,completed
420,2025-09-23,2,31,24.86,0.040,bar,direct,Hof,completed
421,2025-09-24,10,47,32.97,0.070,supermarket,wholesale,Bayreuth,completed
422,2025-09-24,2,52,24.54,0.070,supermarket,wholesale,Nürnberg,completed
423,2025-09-24,4,63,22.72,0.070,event_catering,direct,Coburg,completed
424,2025-09-24,8,44,24.36,0.070,supermarket,wholesale,Bamberg,completed
425,2025-09-24,6,28,24.68,0.080,supermarket,wholesale,Bayreuth,completed
426,2025-09-24,4,69,22.52,0.070,supermarket,direct,Nürnberg,completed
427,2025-09-24,12,176,27.16,0.160,beverage_wholesaler,wholesale,Nürnberg,completed
428,2025-09-24,5,83,21.87,0.095,supermarket,wholesale,Kulmbach,completed
429,2025-09-24,4,47,22.18,0.060,event_catering,direct,Nürnberg,completed
430,2025-09-24,5,19,21.75,0.040,bar,direct,Nürnberg,completed
431,2025-09-24,5,32,22.05,0.040,bar,direct,Kulmbach,completed
432,2025-09-24,5,231,21.60,0.150,beverage_wholesaler,wholesale,Nürnberg,completed
433,2025-09-24,3,186,24.17,0.150,beverage_wholesaler,wholesale,Marktredwitz,completed
434,2025-09-24,8,58,24.07,0.070,supermarket,wholesale,Bayreuth,completed
435,2025-09-24,6,96,24.30,0.085,supermarket,wholesale,Bayreuth,completed
436,2025-09-24,5,15,21.83,0.030,restaurant,direct,Bayreuth,completed
437,2025-09-24,2,102,24.99,0.130,beverage_wholesaler,wholesale,Bamberg,completed
438,2025-09-24,3,29,23.68,0.030,restaurant,direct,Hof,completed
439,2025-09-24,3,139,23.68,0.135,beverage_wholesaler,wholesale,Bayreuth,completed
440,2025-09-25,1,76,22.73,0.070,supermarket,wholesale,Nürnberg,completed
441,2025-09-25,4,89,22.75,0.085,supermarket,direct,Bayreuth,completed
442,2025-09-25,3,26,23.60,0.065,supermarket,direct,Bayreuth,completed
443,2025-09-25,1,97,22.83,0.095,supermarket,wholesale,Nürnberg,completed
444,2025-09-25,2,56,24.99,0.040,bar,wholesale,Nürnberg,completed
445,2025-09-25,5,101,22.00,0.145,beverage_wholesaler,wholesale,Bayreuth,completed
446,2025-09-25,6,44,24.45,0.060,event_catering,direct,Nürnberg,completed
447,2025-09-25,6,77,24.77,0.070,supermarket,wholesale,Bayreuth,completed
448,2025-09-25,12,50,26.65,0.070,supermarket,wholesale,Bayreuth,completed
449,2025-09-25,12,37,26.62,0.030,restaurant,direct,Kulmbach,completed
450,2025-09-25,6,29,24.30,0.025,restaurant,direct,Marktredwitz,completed
451,2025-09-25,4,82,22.29,0.085,supermarket,wholesale,Bamberg,completed
452,2025-09-25,4,35,22.67,0.030,restaurant,wholesale,Bayreuth,completed
453,2025-09-25,4,45,22.45,0.060,event_catering,direct,Coburg,completed
454,2025-09-25,3,234,23.92,0.145,beverage_wholesaler,wholesale,Nürnberg,completed
455,2025-09-25,9,96,25.94,0.085,supermarket,wholesale,Bamberg,completed
456,2025-09-26,7,19,31.73,0.030,restaurant,direct,Nürnberg,completed
457,2025-09-26,1,40,22.92,0.030,restaurant,wholesale,Hof,completed
458,2025-09-26,3,54,23.95,0.070,supermarket,wholesale,Marktredwitz,completed
459,2025-09-26,7,129,31.70,0.145,beverage_wholesaler,wholesale,Bayreuth,completed
460,2025-09-26,8,64,24.48,0.055,event_catering,direct,Bayreuth,completed
461,2025-09-26,1,82,22.75,0.080,supermarket,wholesale,Bamberg,completed
462,2025-09-26,1,25,23.01,0.030,restaurant,direct,Bayreuth,completed
463,2025-09-26,4,34,22.61,0.055,event_catering,direct,Bayreuth,completed
464,2025-09-26,8,69,24.07,0.070,supermarket,wholesale,Marktredwitz,completed
465,2025-09-26,,136,22.78,0.135,beverage_wholesaler,wholesale,Coburg,completed
466,2025-09-26,5,38,21.85,0.030,restaurant,direct,Bayreuth,completed
467,2025-09-26,10,87,32.89,0.095,supermarket,wholesale,Nürnberg,completed
468,2025-09-26,1,128,23.11,0.130,beverage_wholesaler,wholesale,Marktredwitz,completed
469,2025-09-26,1,56,22.63,0.070,supermarket,wholesale,Bayreuth,completed
470,2025-09-26,9,185,26.13,0.110,supermarket,wholesale,Marktredwitz,completed
471,2025-09-26,5,46,22.18,0.080,supermarket,wholesale,Coburg,completed
472,2025-09-26,5,64,22.12,0.065,supermarket,wholesale,Nürnberg,completed
473,2025-09-26,8,92,24.03,0.085,supermarket,direct,Coburg,completed
474,2025-09-26,2,35,25.11,0.040,bar,wholesale,Coburg,completed
475,2025-09-26,4,75,22.66,0.080,supermarket,wholesale,Bayreuth,completed
476,2025-09-27,2,77,24.77,0.070,supermarket,wholesale,Nürnberg,completed
477,2025-09-27,1,24,23.21,0.040,bar,direct,Bamberg,completed
478,2025-09-27,2,76,24.98,0.070,supermarket,wholesale,Nürnberg,completed
479,2025-09-27,6,25,24.79,0.025,restaurant,direct,Bamberg,completed
480,2025-09-27,3,32,23.60,0.065,supermarket,wholesale,Kulmbach,completed
481,2025-09-27,8,83,24.33,0.085,supermarket,wholesale,Bayreuth,completed
482,2025-09-27,9,92,25.65,0.055,restaurant,direct,Bayreuth,completed
483,2025-09-27,4,121,22.68,0.135,beverage_wholesaler,wholesale,Kulmbach,completed
484,2025-09-27,8,19,24.22,0.030,restaurant,direct,Hof,completed
485,2025-09-27,12,64,26.84,0.065,supermarket,wholesale,Nürnberg,cancelled
486,2025-09-27,2,50,25.15,0.035,bar,direct,Nürnberg,completed
487,2025-09-27,4,27,22.24,0.035,bar,wholesale,Bayreuth,completed
488,2025-09-27,6,25,24.35,0.035,bar,direct,Bamberg,completed
489,2025-09-27,2,48,25.06,0.040,restaurant,wholesale,Coburg,completed
490,2025-09-27,4,50,22.32,0.070,supermarket,wholesale,Nürnberg,completed
491,2025-09-27,3,36,23.64,0.050,bar,wholesale,Kulmbach,completed
492,2025-09-28,12,75,27.19,0.130,beverage_wholesaler,wholesale,Nürnberg,completed
493,2025-09-28,4,34,22.40,0.070,event_catering,direct,Nürnberg,completed
494,2025-09-28,2,53,24.96,0.065,supermarket,wholesale,Coburg,completed
495,2025-09-28,5,73,21.88,0.070,supermarket,direct,Kulmbach,completed
496,2025-09-28,8,30,24.28,0.030,restaurant,direct,Bamberg,completed
497,2025-09-28,9,31,26.26,0.030,restaurant,direct,Bamberg,completed
498,2025-09-28,8,28,24.29,0.030,restaurant,direct,Marktredwitz,completed
499,2025-09-29,2,15,24.78,0.030,restaurant,direct,Hof,completed
500,2025-09-29,4,41,22.30,0.060,event_catering,direct,Bayreuth,completed
501,2025-09-29,1,45,22.88,0.070,supermarket,direct,Hof,completed
502,2025-09-29,3,17,23.55,0.040,restaurant,direct,Nürnberg,completed
503,2025-09-29,7,38,31.74,0.070,supermarket,wholesale,Marktredwitz,completed
504,2025-09-29,8,120,24.40,0.080,supermarket,wholesale,Kulmbach,completed
505,2025-09-29,1,49,22.80,0.070,event_catering,direct,Kulmbach,completed
506,2025-09-29,1,43,23.21,0.030,restaurant,direct,Nürnberg,completed
507,2025-09-29,1,66,23.11,0.025,restaurant,direct,Coburg,completed
508,2025-09-29,6,14,24.70,0.030,restaurant,direct,Kulmbach,completed
509,2025-09-29,8,103,24.08,0.145,beverage_wholesaler,direct,Bayreuth,completed
510,2025-09-29,4,61,22.60,0.040,bar,direct,Bamberg,completed
511,2025-09-29,1,62,22.61,0.070,supermarket,wholesale,Nürnberg,completed
512,2025-09-29,1,75,23.18,0.070,supermarket,wholesale,Coburg,completed
513,2025-09-29,4,82,22.42,0.075,event_catering,direct,Bamberg,completed
514,2025-09-29,12,21,27.01,0.030,restaurant,direct,Nürnberg,completed
515,2025-09-29,1,58,22.68,0.070,supermarket,wholesale,Marktredwitz,completed
516,2025-09-30,1,67,22.66,0.055,event_catering,wholesale,Bayreuth,completed
517,2025-09-30,6,19,24.31,0.030,restaurant,direct,Bayreuth,completed
518,2025-09-30,9,48,25.56,0.065,supermarket,wholesale,Coburg,completed
519,2025-09-30,1,49,22.78,0.080,supermarket,wholesale,Nürnberg,cancelled
520,2025-09-30,8,37,23.88,0.030,restaurant,wholesale,Coburg,completed
521,2025-09-30,1,16,22.63,0.030,restaurant,direct,Kulmbach,completed
522,2025-09-30,4,56,22.44,0.120,beverage_wholesaler,wholesale,Bayreuth,completed
523,2025-09-30,6,67,24.58,0.070,supermarket,wholesale,Bayreuth,completed
524,2025-09-30,6,86,24.54,0.085,supermarket,direct,Marktredwitz,completed
525,2025-09-30,9,75,25.73,0.060,event_catering,direct,Nürnberg,completed
526,2025-09-30,4,34,22.20,0.070,supermarket,wholesale,Marktredwitz,completed
527,2025-09-30,9,42,26.23,0.040,bar,wholesale,Nürnberg,completed
528,2025-09-30,9,134,25.84,0.085,supermarket,direct,Bayreuth,completed
529,2025-09-30,2,18,24.81,0.030,restaurant,direct,Bayreuth,completed
530,2025-09-30,1,108,22.81,0.095,supermarket,wholesale,Coburg,completed
531,2025-09-30,3,26,23.87,0.050,bar,direct,Bayreuth,completed
532,2025-09-30,8,151,24.26,0.150,beverage_wholesaler,wholesale,Nürnberg,completed
533,2025-09-30,9,31,25.73,0.050,bar,wholesale,Bamberg,completed
534,2025-10-01,8,95,23.90,0.085,supermarket,wholesale,Bamberg,completed
535,2025-10-01,3,20,24.08,0.035,bar,direct,Bayreuth,completed
536,2025-10-01,3,162,24.05,0.160,beverage_wholesaler,wholesale,Coburg,completed
537,2025-10-01,5,18,21.93,0.035,bar,wholesale,Nürnberg,completed
538,2025-10-01,8,66,24.12,0.030,restaurant,direct,Coburg,completed
539,2025-10-01,7,36,32.36,0.040,bar,direct,Nürnberg,completed
540,2025-10-01,5,80,22.16,0.085,supermarket,wholesale,Marktredwitz,completed
541,2025-10-01,4,24,22.64,0.040,restaurant,direct,Kulmbach,completed
542,2025-10-01,8,48,24.12,0.040,bar,wholesale,Nürnberg,completed
543,2025-10-01,1,18,22.91,0.030,restaurant,direct,Bayreuth,completed
544,2025-10-01,1,46,22.76,0.060,event_catering,wholesale,Nürnberg,completed
545,2025-10-01,6,22,24.49,0.030,restaurant,direct,Marktredwitz,completed
546,2025-10-02,2,97,24.64,0.085,supermarket,direct,Kulmbach,completed
547,2025-10-02,1,69,22.88,0.070,supermarket,direct,Bayreuth,completed
548,2025-10-02,1,87,22.79,0.085,event_catering,direct,Nürnberg,completed
549,2025-10-02,1,18,22.59,0.030,restaurant,direct,Nürnberg,completed
550,2025-10-02,2,22,25.26,0.030,restaurant,direct,Marktredwitz,completed
551,2025-10-02,1,78,22.81,0.080,supermarket,wholesale,Bamberg,completed
552,2025-10-02,9,57,26.08,0.050,bar,wholesale,Marktredwitz,completed
553,2025-10-02,2,71,24.83,0.070,supermarket,wholesale,Bayreuth,completed
554,2025-10-02,8,49,24.05,0.080,supermarket,wholesale,Nürnberg,completed
555,2025-10-02,4,37,22.27,0.040,bar,direct,Nürnberg,completed
556,2025-10-02,6,55,24.15,0.070,supermarket,wholesale,Bayreuth,completed
557,2025-10-02,3,54,23.99,0.060,event_catering,direct,Nürnberg,completed
558,2025-10-02,5,31,21.67,0.030,restaurant,direct,Bamberg,completed
559,2025-10-02,3,20,23.91,0.040,bar,direct,Bayreuth,completed
560,2025-10-02,5,29,21.63,0.030,restaurant,wholesale,Hof,completed
561,2025-10-02,3,24,23.61,0.030,restaurant,direct,Bamberg,completed
562,2025-10-02,6,38,24.66,0.025,restaurant,wholesale,Coburg,completed
563,2025-10-02,1,22,23.12,0.040,bar,direct,Coburg,completed
564,2025-10-02,7,89,31.62,0.135,beverage_wholesaler,wholesale,Kulmbach,cancelled
565,2025-10-02,1,118,22.63,0.135,beverage_wholesaler,wholesale,Bayreuth,completed
566,2025-10-02,2,51,24.68,0.025,restaurant,direct,Bayreuth,completed
567,2025-10-02,9,39,26.12,0.035,bar,direct,Bayreuth,completed
568,2025-10-02,8,26,23.96,0.030,restaurant,direct,Hof,completed
569,2025-10-02,10,186,32.59,0.145,beverage_wholesaler,wholesale,Marktredwitz,completed
570,2025-10-03,3,79,23.64,0.070,supermarket,wholesale,Nürnberg,completed
571,2025-10-03,12,21,26.60,0.040,restaurant,direct,Marktredwitz,completed
572,2025-10-03,5,17,21.81,0.050,bar,wholesale,Nürnberg,completed
573,2025-10-03,1,62,22.90,0.070,event_catering,direct,Bamberg,completed
574,2025-10-03,1,22,22.76,0.030,restaurant,wholesale,Bayreuth,completed
575,2025-10-03,4,73,22.49,0.080,supermarket,wholesale,Bamberg,completed
576,2025-10-03,11,81,23.42,0.135,beverage_wholesaler,wholesale,Nürnberg,completed
577,2025-10-03,5,106,21.89,0.085,supermarket,wholesale,Bayreuth,completed
578,2025-10-03,6,105,24.48,0.080,supermarket,wholesale,Bayreuth,completed
579,2025-10-03,5,22,21.78,0.030,restaurant,direct,Bayreuth,completed
580,2025-10-03,8,124,24.56,0.135,beverage_wholesaler,wholesale,Kulmbach,completed
581,2025-10-03,2,17,24.87,0.030,restaurant,direct,Bayreuth,completed
582,2025-10-03,7,122,31.52,0.130,beverage_wholesaler,wholesale,Bayreuth,completed
583,2025-10-03,9,46,25.79,0.030,restaurant,direct,Bamberg,completed
584,2025-10-03,9,209,25.74,0.150,beverage_wholesaler,wholesale,Hof,completed
585,2025-10-03,7,85,31.49,0.085,supermarket,wholesale,Marktredwitz,completed
586,2025-10-03,6,14,24.62,0.040,restaurant,direct,Hof,completed
587,2025-10-03,6,45,24.77,0.035,bar,direct,Bamberg,completed
588,2025-10-03,4,117,22.74,0.070,event_catering,wholesale,Hof,completed
589,2025-10-03,2,135,25.16,0.135,beverage_wholesaler,wholesale,Bayreuth,completed
590,2025-10-03,9,163,25.71,0.150,beverage_wholesaler,wholesale,Nürnberg,completed
591,2025-10-03,2,41,25.27,0.025,restaurant,wholesale,Bayreuth,completed
592,2025-10-03,1,36,22.68,0.025,restaurant,wholesale,Bayreuth,completed
593,2025-10-03,9,55,26.21,0.070,supermarket,wholesale,Bayreuth,completed
594,2025-10-03,10,89,32.97,0.085,supermarket,wholesale,Bayreuth,completed
595,2025-10-03,8,78,24.01,0.070,supermarket,wholesale,Nürnberg,completed
596,2025-10-03,3,43,23.70,0.050,bar,direct,Nürnberg,completed
597,2025-10-03,9,27,25.76,0.040,bar,direct,Bamberg,completed
598,2025-10-03,10,47,32.43,0.060,event_catering,direct,Coburg,cancelled
599,2025-10-04,9,46,26.07,0.040,bar,wholesale,Bayreuth,completed
600,2025-10-04,4,104,22.66,0.130,beverage_wholesaler,wholesale,Nürnberg,completed
601,2025-10-04,6,33,24.28,0.040,restaurant,direct,Nürnberg,completed
602,2025-10-04,7,43,32.23,0.030,restaurant,wholesale,Bayreuth,completed
603,2025-10-04,8,20,24.42,0.040,bar,direct,Bamberg,completed
604,2025-10-04,11,36,23.80,0.030,restaurant,direct,Coburg,completed
605,2025-10-04,2,155,24.99,0.160,beverage_wholesaler,wholesale,Marktredwitz,completed
606,2025-10-04,5,92,22.04,0.075,event_catering,wholesale,Bayreuth,completed
607,2025-10-04,4,85,22.28,0.145,beverage_wholesaler,wholesale,Kulmbach,completed
608,2025-10-04,4,41,22.22,0.070,event_catering,wholesale,Bayreuth,completed
609,2025-10-04,2,53,24.72,0.055,event_catering,direct,Kulmbach,completed
610,2025-10-04,9,31,26.27,0.040,bar,direct,Bayreuth,completed
611,2025-10-04,2,86,25.18,0.135,beverage_wholesaler,wholesale,Bayreuth,completed
612,2025-10-04,1,97,22.91,0.085,supermarket,wholesale,Bayreuth,completed
613,2025-10-04,11,211,23.19,0.160,beverage_wholesaler,wholesale,Bamberg,completed
614,2025-10-04,7,19,31.86,0.040,restaurant,direct,Bayreuth,completed
615,2025-10-04,2,11,25.14,0.025,restaurant,direct,Kulmbach,completed
616,2025-10-04,1,33,22.73,0.030,restaurant,direct,Marktredwitz,completed
617,2025-10-04,12,22,27.17,0.040,bar,direct,Kulmbach,completed
618,2025-10-04,4,86,22.25,0.130,beverage_wholesaler,wholesale,Nürnberg,completed
619,2025-10-04,8,36,24.13,0.040,bar,wholesale,Hof,completed
620,2025-10-04,9,109,25.61,0.135,beverage_wholesaler,wholesale,Bayreuth,completed
621,2025-10-04,7,64,31.91,0.120,beverage_wholesaler,wholesale,Kulmbach,completed
622,2025-10-04,4,173,22.29,0.095,supermarket,wholesale,Nürnberg,completed
623,2025-10-04,6,100,24.52,0.095,supermarket,wholesale,Marktredwitz,completed
624,2025-10-04,8,85,24.22,0.085,supermarket,wholesale,Bayreuth,completed
625,2025-10-04,1,25,23.11,0.025,restaurant,direct,Bayreuth,completed
626,2025-10-05,10,127,33.14,0.135,beverage_wholesaler,wholesale,Kulmbach,completed
627,2025-10-05,1,15,22.87,0.040,restaurant,direct,Nürnberg,completed
628,2025-10-05,2,168,25.13,0.160,beverage_wholesaler,wholesale,Nürnberg,completed
629,2025-10-05,7,19,31.84,0.030,restaurant,wholesale,Hof,completed
630,2025-10-05,4,19,22.77,0.030,restaurant,direct,Kulmbach,completed
631,2025-10-05,4,42,22.20,0.080,supermarket,wholesale,Bayreuth,completed
632,2025-10-05,9,209,26.29,0.145,beverage_wholesaler,wholesale,Marktredwitz,completed
633,2025-10-05,10,44,32.82,0.070,supermarket,wholesale,Nürnberg,completed
634,2025-10-05,4,93,22.47,0.135,beverage_wholesaler,wholesale,Bamberg,completed
635,2025-10-05,4,100,22.78,0.135,beverage_wholesaler,wholesale,Bamberg,completed
636,2025-10-05,7,47,32.18,0.070,supermarket,wholesale,Coburg,completed
637,2025-10-05,8,60,23.95,0.070,supermarket,wholesale,Kulmbach,completed
638,2025-10-06,8,40,24.43,0.030,restaurant,direct,Marktredwitz,completed
639,2025-10-06,9,69,26.10,0.080,supermarket,direct,Coburg,completed
640,2025-10-06,9,26,26.11,0.040,restaurant,wholesale,Kulmbach,completed
641,2025-10-06,2,38,24.80,0.080,supermarket,wholesale,Kulmbach,completed
642,2025-10-06,2,168,25.20,0.160,beverage_wholesaler,wholesale,Bamberg,completed
643,2025-10-06,4,121,22.80,0.080,supermarket,wholesale,Marktredwitz,completed
644,2025-10-06,1,90,23.18,0.075,event_catering,direct,Bayreuth,completed
645,2025-10-06,5,96,22.15,0.130,beverage_wholesaler,wholesale,Nürnberg,completed
646,2025-10-06,9,47,25.86,0.050,bar,direct,Coburg,completed
647,2025-10-06,7,111,31.50,0.135,beverage_wholesaler,wholesale,Nürnberg,completed
648,2025-10-06,5,124,21.93,0.130,beverage_wholesaler,wholesale,Coburg,completed
649,2025-10-06,8,26,24.36,0.030,restaurant,direct,Bayreuth,returned
650,2025-10-06,6,22,24.46,0.030,restaurant,direct,Kulmbach,completed
651,2025-10-06,8,36,24.45,0.035,bar,direct,Bayreuth,completed
652,2025-10-06,5,45,21.64,0.070,supermarket,wholesale,Hof,completed
653,2025-10-06,1,111,22.60,0.135,beverage_wholesaler,wholesale,Bamberg,completed
654,2025-10-06,5,73,22.14,0.080,supermarket,wholesale,Kulmbach,completed
655,2025-10-06,11,71,23.25,0.060,event_catering,direct,Nürnberg,completed
656,2025-10-06,9,25,25.54,0.040,restaurant,direct,Nürnberg,completed
657,2025-10-06,9,53,25.54,0.060,event_catering,direct,Bayreuth,completed
658,2025-10-06,4,69,22.45,0.055,event_catering,direct,Kulmbach,completed
659,2025-10-06,8,29,24.49,0.050,bar,direct,Bayreuth,completed
660,2025-10-06,8,121,24.32,0.145,beverage_wholesaler,wholesale,Nürnberg,completed
661,2025-10-06,6,11,24.53,0.030,restaurant,wholesale,Nürnberg,completed
662,2025-10-06,9,239,25.95,0.150,beverage_wholesaler,wholesale,Nürnberg,completed
663,2025-10-06,5,12,22.06,0.030,restaurant,direct,Nürnberg,completed
664,2025-10-07,5,20,21.67,0.030,restaurant,direct,Marktredwitz,completed
665,2025-10-07,2,29,24.77,0.030,restaurant,direct,Marktredwitz,completed
666,2025-10-07,1,14,22.72,0.035,bar,direct,Coburg,completed
667,2025-10-07,3,57,23.83,0.060,event_catering,wholesale,Bayreuth,completed
668,2025-10-07,6,21,24.36,0.040,bar,direct,Marktredwitz,completed
669,2025-10-07,11,97,23.83,0.095,supermarket,wholesale,Bayreuth,completed
670,2025-10-07,6,135,24.82,0.135,beverage_wholesaler,wholesale,Marktredwitz,completed
671,2025-10-07,3,148,23.74,0.130,beverage_wholesaler,wholesale,Kulmbach,completed
672,2025-10-07,7,53,32.26,0.030,restaurant,direct,Bayreuth,completed
673,2025-10-07,11,145,23.39,0.135,beverage_wholesaler,wholesale,Coburg,completed
674,2025-10-07,6,53,24.54,0.040,restaurant,direct,Nürnberg,completed
675,2025-10-07,9,54,26.03,0.050,bar,wholesale,Bayreuth,completed
676,2025-10-07,2,214,24.62,0.150,beverage_wholesaler,wholesale,Kulmbach,completed
677,2025-10-07,8,36,23.90,0.030,restaurant,direct,Hof,completed
678,2025-10-07,4,106,22.30,0.130,beverage_wholesaler,wholesale,Bayreuth,completed
679,2025-10-07,5,30,22.01,0.035,bar,direct,Coburg,completed
680,2025-10-07,1,25,23.24,0.070,supermarket,wholesale,Hof,completed
681,2025-10-07,4,50,22.35,0.050,bar,direct,Nürnberg,completed
682,2025-10-08,4,83,22.38,0.135,beverage_wholesaler,wholesale,Marktredwitz,completed
683,2025-10-08,1,32,22.72,0.040,restaurant,direct,Bamberg,completed
684,2025-10-08,10,48,33.02,0.040,bar,direct,Hof,completed
685,2025-10-08,2,23,24.58,0.040,restaurant,direct,Bayreuth,completed
686,2025-10-08,1,37,23.10,0.035,bar,direct,Kulmbach,completed
687,2025-10-08,6,31,24.47,0.070,supermarket,wholesale,Bamberg,completed
688,2025-10-08,1,30,22.64,0.025,restaurant,direct,Nürnberg,completed
689,2025-10-08,2,36,25.24,0.065,supermarket,wholesale,Nürnberg,completed
690,2025-10-08,1,99,23.22,0.135,beverage_wholesaler,wholesale,Hof,completed
691,2025-10-08,9,36,25.66,0.030,restaurant,wholesale,Bayreuth,completed
692,2025-10-08,6,132,24.55,0.130,beverage_wholesaler,wholesale,Kulmbach,completed
693,2025-10-09,6,37,24.28,0.030,restaurant,direct,Bamberg,completed
694,2025-10-09,9,35,26.17,0.040,bar,direct,Bayreuth,completed
695,2025-10-09,8,55,24.32,0.070,supermarket,direct,Kulmbach,completed
696,2025-10-09,9,58,25.76,0.060,event_catering,direct,Coburg,completed
697,2025-10-09,5,76,21.79,0.060,event_catering,direct,Hof,completed
698,2025-10-09,11,165,23.70,0.150,beverage_wholesaler,wholesale,Coburg,completed
699,2025-10-09,9,45,25.87,0.025,restaurant,direct,Kulmbach,completed
700,2025-10-09,4,51,22.60,0.065,supermarket,direct,Nürnberg,completed
701,2025-10-09,2,60,25.23,0.070,supermarket,wholesale,Bayreuth,completed
702,2025-10-09,4,19,22.51,0.040,restaurant,direct,Bayreuth,completed
703,2025-10-09,4,62,22.40,0.070,supermarket,wholesale,Kulmbach,completed
704,2025-10-09,8,51,24.02,0.070,supermarket,wholesale,Nürnberg,completed
705,2025-10-09,6,163,24.14,0.150,beverage_wholesaler,wholesale,Bayreuth,completed
706,2025-10-09,3,140,24.01,0.145,beverage_wholesaler,direct,Bamberg,returned
707,2025-10-09,7,94,32.17,0.130,beverage_wholesaler,wholesale,Bayreuth,completed
708,2025-10-09,2,27,24.68,0.080,supermarket,wholesale,Hof,completed
709,2025-10-09,1,25,23.08,0.050,bar,direct,Nürnberg,completed
710,2025-10-09,1,70,22.70,0.080,supermarket,wholesale,Nürnberg,completed
711,2025-10-09,5,18,21.68,0.030,restaurant,direct,Bayreuth,completed
712,2025-10-09,1,109,23.01,0.135,beverage_wholesaler,wholesale,Nürnberg,completed
713,2025-10-10,3,42,24.17,0.025,restaurant,direct,Bayreuth,completed
714,2025-10-10,9,184,25.82,0.150,beverage_wholesaler,wholesale,Kulmbach,completed
715,2025-10-10,6,32,24.65,0.040,bar,direct,Bayreuth,completed
716,2025-10-10,1,48,23.04,0.030,restaurant,direct,Coburg,completed
717,2025-10-10,5,61,21.71,0.070,supermarket,wholesale,Marktredwitz,completed
718,2025-10-10,4,64,22.43,0.070,supermarket,wholesale,Nürnberg,completed
719,2025-10-10,8,138,24.31,0.130,beverage_wholesaler,wholesale,Kulmbach,completed
720,2025-10-10,1,132,22.76,0.085,supermarket,wholesale,Bayreuth,completed
721,2025-10-10,7,20,32.11,0.030,restaurant,direct,Hof,completed
722,2025-10-10,6,79,24.42,0.070,supermarket,wholesale,Bayreuth,completed
723,2025-10-10,8,44,23.98,0.030,restaurant,direct,Hof,completed
724,2025-10-10,7,41,31.82,0.030,restaurant,direct,Coburg,completed
725,2025-10-10,2,118,24.70,0.085,supermarket,wholesale,Bayreuth,completed
726,2025-10-10,1,22,23.00,0.030,restaurant,direct,Nürnberg,completed
727,2025-10-10,5,37,21.97,0.030,restaurant,direct,Kulmbach,cancelled
728,2025-10-10,7,56,32.36,0.070,supermarket,wholesale,Marktredwitz,completed
729,2025-10-10,4,29,22.56,0.025,restaurant,direct,Coburg,returned
730,2025-10-10,2,143,24.59,0.080,supermarket,wholesale,Coburg,completed
731,2025-10-10,6,15,24.68,0.040,restaurant,direct,Kulmbach,completed
732,2025-10-10,5,106,21.71,0.085,supermarket,direct,Hof,completed
733,2025-10-10,7,65,31.48,0.060,event_catering,wholesale,Hof,completed
734,2025-10-10,10,21,33.23,0.025,restaurant,direct,Marktredwitz,completed
735,2025-10-11,8,183,23.85,0.110,supermarket,direct,Bamberg,completed
736,2025-10-11,5,58,21.82,0.120,beverage_wholesaler,wholesale,Marktredwitz,completed
737,2025-10-11,3,85,23.54,0.085,supermarket,wholesale,Bamberg,completed
738,2025-10-11,4,25,22.49,0.050,bar,direct,Bamberg,completed
739,2025-10-11,10,28,33.16,0.040,bar,wholesale,Bayreuth,completed
740,2025-10-11,7,152,32.04,0.150,beverage_wholesaler,wholesale,Kulmbach,completed
741,2025-10-11,9,50,25.71,0.030,restaurant,direct,Bayreuth,completed
742,2025-10-11,11,54,23.43,0.050,bar,wholesale,Nürnberg,completed
743,2025-10-11,4,95,22.50,0.085,supermarket,direct,Bayreuth,completed
744,2025-10-11,8,39,24.43,0.070,supermarket,wholesale,Hof,completed
745,2025-10-11,1,86,22.60,0.135,beverage_wholesaler,wholesale,Nürnberg,completed
746,2025-10-11,2,54,24.89,0.070,supermarket,wholesale,Hof,completed
747,2025-10-11,2,168,24.72,0.100,supermarket,wholesale,Bayreuth,completed
748,2025-10-11,9,76,25.61,0.080,supermarket,wholesale,Nürnberg,completed
749,2025-10-11,8,11,24.27,0.040,restaurant,wholesale,Bamberg,returned
750,2025-10-12,7,71,31.54,0.065,supermarket,direct,Nürnberg,completed
751,2025-10-12,4,250,22.44,0.145,beverage_wholesaler,direct,Bayreuth,completed
752,2025-10-12,1,41,23.02,0.060,event_catering,direct,Hof,completed
753,2025-10-12,3,94,24.07,0.135,beverage_wholesaler,wholesale,Hof,completed
754,2025-10-12,5,31,21.90,0.030,restaurant,wholesale,Bamberg,completed
755,2025-10-12,4,44,22.31,0.060,event_catering,direct,Marktredwitz,completed
756,2025-10-12,7,15,32.33,0.040,restaurant,direct,Bamberg,completed
757,2025-10-12,4,60,22.79,0.060,event_catering,direct,Nürnberg,completed
758,2025-10-12,7,68,32.35,0.065,supermarket,wholesale,Kulmbach,completed
759,2025-10-12,1,19,23.07,0.040,bar,direct,Kulmbach,completed
760,2025-10-12,5,115,21.78,0.145,beverage_wholesaler,wholesale,Marktredwitz,completed
761,2025-10-12,5,73,22.13,0.115,beverage_wholesaler,wholesale,Bamberg,completed
762,2025-10-12,7,18,31.99,0.040,bar,wholesale,Bayreuth,completed
763,2025-10-12,7,18,31.70,0.040,restaurant,direct,Marktredwitz,cancelled
764,2025-10-13,10,160,32.54,0.150,beverage_wholesaler,wholesale,Kulmbach,completed
765,2025-10-13,7,116,31.84,0.135,beverage_wholesaler,wholesale,Coburg,completed
766,2025-10-13,2,28,24.60,0.025,restaurant,wholesale,Hof,completed
767,2025-10-13,7,25,31.53,0.040,bar,direct,Marktredwitz,completed
768,2025-10-13,7,54,31.89,0.080,supermarket,direct,Bayreuth,completed
769,2025-10-13,7,114,32.25,0.095,supermarket,wholesale,Kulmbach,completed
770,2025-10-13,1,38,22.71,0.065,supermarket,direct,Kulmbach,completed
771,2025-10-13,1,72,22.76,0.080,supermarket,wholesale,Nürnberg,completed
772,2025-10-13,5,98,21.94,0.145,beverage_wholesaler,wholesale,Coburg,completed
773,2025-10-13,5,126,22.07,0.085,supermarket,wholesale,Bamberg,completed
774,2025-10-13,7,13,31.54,0.030,restaurant,direct,Coburg,completed
775,2025-10-13,9,35,25.64,0.025,restaurant,direct,Nürnberg,cancelled
776,2025-10-13,11,35,23.46,0.025,restaurant,direct,Bayreuth,completed
777,2025-10-13,3,67,24.02,0.070,supermarket,wholesale,Marktredwitz,completed
778,2025-10-13,2,14,24.79,0.025,restaurant,direct,Coburg,completed
779,2025-10-13,3,37,24.22,0.030,restaurant,wholesale,Bayreuth,completed
780,2025-10-13,6,16,24.66,0.030,restaurant,direct,Bayreuth,completed
781,2025-10-13,9,54,25.53,0.080,supermarket,wholesale,Bayreuth,completed
782,2025-10-13,5,21,21.67,0.030,restaurant,direct,Bayreuth,completed
783,2025-10-13,2,14,24.97,0.030,restaurant,direct,Marktredwitz,completed
784,2025-10-13,2,25,24.65,0.040,bar,direct,Nürnberg,completed
785,2025-10-14,7,79,31.60,0.130,beverage_wholesaler,wholesale,Marktredwitz,returned
786,2025-10-14,4,87,22.80,0.085,supermarket,wholesale,Bayreuth,completed
787,2025-10-14,7,26,32.34,0.030,restaurant,direct,Bayreuth,completed
788,2025-10-14,4,149,22.29,0.130,beverage_wholesaler,wholesale,Bamberg,completed
789,2025-10-14,3,17,24.03,0.040,bar,direct,Nürnberg,completed
790,2025-10-14,9,42,25.90,0.040,restaurant,wholesale,Bayreuth,completed
791,2025-10-14,9,33,25.68,0.040,bar,direct,Nürnberg,completed
792,2025-10-14,10,41,33.33,0.030,restaurant,wholesale,Kulmbach,completed
793,2025-10-14,4,21,22.76,0.030,restaurant,direct,Bayreuth,completed
794,2025-10-14,1,24,23.18,0.030,restaurant,wholesale,Bamberg,completed
795,2025-10-14,3,13,24.12,0.035,bar,direct,Bamberg,completed
796,2025-10-14,3,112,23.62,0.135,beverage_wholesaler,wholesale,Bayreuth,completed
797,2025-10-14,1,18,23.11,0.050,bar,direct,Kulmbach,completed
798,2025-10-14,4,111,22.70,0.135,beverage_wholesaler,wholesale,Coburg,completed
799,2025-10-15,7,23,32.25,0.040,bar,direct,Nürnberg,returned
800,2025-10-15,7,236,32.01,0.145,beverage_wholesaler,wholesale,Bayreuth,completed
801,2025-10-15,1,59,23.19,0.070,supermarket,wholesale,Bayreuth,completed
802,2025-10-15,3,17,23.70,0.030,restaurant,direct,Bayreuth,completed
803,2025-10-15,1,36,22.68,0.040,bar,direct,Bayreuth,completed
804,2025-10-15,2,34,25.23,0.040,bar,direct,Kulmbach,completed
805,2025-10-15,5,34,22.06,0.030,restaurant,direct,Bayreuth,completed
806,2025-10-15,5,30,21.96,0.030,restaurant,direct,Bayreuth,completed
807,2025-10-15,10,13,32.70,0.030,restaurant,wholesale,Nürnberg,completed
808,2025-10-16,5,121,22.06,0.145,beverage_wholesaler,wholesale,Bamberg,completed
809,2025-10-16,2,23,25.18,0.040,bar,direct,Bayreuth,completed
810,2025-10-16,2,64,24.62,0.115,beverage_wholesaler,wholesale,Bamberg,completed
811,2025-10-16,10,25,33.04,0.040,bar,wholesale,Nürnberg,completed
812,2025-10-16,3,72,24.22,0.070,supermarket,wholesale,Bayreuth,completed
813,2025-10-16,2,15,24.66,0.030,restaurant,direct,Coburg,cancelled
814,2025-10-16,8,44,24.24,0.055,event_catering,direct,Hof,completed
815,2025-10-16,8,36,24.37,0.040,bar,direct,Nürnberg,completed
816,2025-10-16,4,83,22.49,0.080,supermarket,wholesale,Bamberg,completed
817,2025-10-16,2,20,24.63,0.030,restaurant,direct,Bayreuth,completed
818,2025-10-16,7,60,32.15,0.070,supermarket,wholesale,Bamberg,completed
819,2025-10-16,1,26,23.21,0.030,restaurant,direct,Bayreuth,completed
820,2025-10-16,2,29,25.14,0.050,bar,direct,Nürnberg,completed
821,2025-10-16,2,25,24.60,0.030,restaurant,direct,Nürnberg,completed
822,2025-10-16,9,101,25.79,0.135,beverage_wholesaler,wholesale,Bayreuth,completed
823,2025-10-16,7,109,31.64,0.085,supermarket,wholesale,Nürnberg,completed
824,2025-10-16,3,22,24.03,0.030,restaurant,direct,Kulmbach,completed
825,2025-10-16,3,61,24.11,0.040,bar,wholesale,Hof,completed
826,2025-10-16,1,101,23.12,0.145,beverage_wholesaler,wholesale,Bayreuth,completed
827,2025-10-16,3,99,24.04,0.145,beverage_wholesaler,wholesale,Bayreuth,completed
828,2025-10-16,6,23,24.53,0.050,bar,direct,Hof,completed
829,2025-10-16,7,26,32.09,0.030,restaurant,direct,Bayreuth,completed
830,2025-10-16,5,35,21.77,0.060,event_catering,wholesale,Bayreuth,completed
831,2025-10-16,2,68,25.05,0.060,event_catering,direct,Coburg,completed
832,2025-10-16,4,26,22.41,0.030,restaurant,direct,Nürnberg,completed
833,2025-10-17,4,176,22.35,0.150,beverage_wholesaler,wholesale,Coburg,completed
834,2025-10-17,3,40,23.98,0.055,event_catering,direct,Hof,completed
835,2025-10-17,3,69,24.01,0.070,supermarket,wholesale,Nürnberg,completed
836,2025-10-17,9,26,25.59,0.025,restaurant,direct,Nürnberg,completed
837,2025-10-17,2,201,25.26,0.150,beverage_wholesaler,wholesale,Bayreuth,completed
838,2025-10-17,2,122,24.90,0.145,beverage_wholesaler,wholesale,Bayreuth,completed
839,2025-10-17,6,12,24.21,0.035,bar,direct,Bayreuth,completed
840,2025-10-17,5,104,22.02,0.085,supermarket,wholesale,Kulmbach,completed
841,2025-10-17,2,73,25.27,0.060,event_catering,wholesale,Bayreuth,completed
842,2025-10-17,8,72,24.10,0.070,supermarket,wholesale,Bamberg,completed
843,2025-10-17,3,86,24.23,0.135,beverage_wholesaler,direct,Hof,completed
844,2025-10-17,8,-15,24.20,0.030,restaurant,direct,Bayreuth,completed
845,2025-10-17,5,31,21.74,0.050,bar,direct,Bayreuth,completed
846,2025-10-17,1,79,22.81,0.120,beverage_wholesaler,wholesale,Nürnberg,completed
847,2025-10-17,4,77,22.41,0.070,supermarket,wholesale,Nürnberg,completed
848,2025-10-17,7,43,32.09,0.040,bar,direct,Coburg,completed
849,2025-10-17,5,37,22.01,0.040,restaurant,direct,Kulmbach,completed
850,2025-10-17,1,60,23.08,0.080,supermarket,wholesale,Hof,completed
851,2025-10-17,4,45,22.47,0.040,bar,wholesale,Marktredwitz,completed
852,2025-10-17,5,22,22.20,0.030,restaurant,direct,Bayreuth,completed
853,2025-10-17,1,69,23.16,0.080,supermarket,wholesale,Bayreuth,completed
854,2025-10-17,1,52,22.67,0.040,bar,direct,Coburg,completed
855,2025-10-18,9,91,26.28,0.085,supermarket,direct,Bayreuth,completed
856,2025-10-18,5,37,21.97,0.070,supermarket,wholesale,Nürnberg,completed
857,2025-10-18,11,23,23.78,0.030,restaurant,wholesale,Nürnberg,completed
858,2025-10-18,4,65,22.45,0.065,supermarket,wholesale,Nürnberg,cancelled
859,2025-10-18,3,63,23.82,0.070,event_catering,direct,Bamberg,completed
860,2025-10-18,6,34,24.82,0.065,supermarket,wholesale,Kulmbach,completed
861,2025-10-18,6,72,24.76,0.070,supermarket,wholesale,Nürnberg,completed
862,2025-10-18,9,163,25.83,0.110,supermarket,wholesale,Bayreuth,completed
863,2025-10-18,3,103,23.76,0.135,beverage_wholesaler,wholesale,Bayreuth,completed
864,2025-10-18,9,109,25.77,0.085,supermarket,direct,Bayreuth,completed
865,2025-10-18,2,46,24.85,0.025,restaurant,direct,Marktredwitz,completed
866,2025-10-18,3,99,23.90,0.135,beverage_wholesaler,wholesale,Bamberg,completed
867,2025-10-18,2,259,24.60,0.150,beverage_wholesaler,wholesale,Nürnberg,completed
868,2025-10-18,6,370,24.41,0.145,beverage_wholesaler,wholesale,Bayreuth,completed
869,2025-10-18,3,54,24.06,0.070,supermarket,wholesale,Nürnberg,completed
870,2025-10-18,1,25,23.17,0.040,bar,direct,Bayreuth,completed
871,2025-10-18,3,33,23.89,0.040,bar,direct,Coburg,completed
872,2025-10-18,6,32,24.14,0.040,bar,direct,Coburg,completed
873,2025-10-18,12,84,26.92,0.085,supermarket,wholesale,Bayreuth,completed
874,2025-10-19,2,43,25.01,0.065,supermarket,wholesale,Bayreuth,completed
875,2025-10-19,10,44,33.36,0.070,supermarket,wholesale,Marktredwitz,completed
876,2025-10-19,2,69,24.84,0.080,supermarket,wholesale,Bayreuth,completed
877,2025-10-19,4,57,22.47,0.070,supermarket,direct,Nürnberg,completed
878,2025-10-19,6,25,24.26,0.040,bar,wholesale,Bamberg,completed
879,2025-10-19,6,17,24.14,0.040,bar,wholesale,Bayreuth,completed
880,2025-10-19,3,16,23.97,0.030,restaurant,direct,Nürnberg,completed
881,2025-10-19,9,56,25.76,0.050,bar,direct,Nürnberg,completed
882,2025-10-19,12,93,26.98,0.135,beverage_wholesaler,wholesale,Bamberg,completed
883,2025-10-20,3,36,24.06,0.080,supermarket,wholesale,Bamberg,completed
884,2025-10-20,2,34,24.90,0.050,bar,wholesale,Nürnberg,completed
885,2025-10-20,1,282,22.67,0.150,beverage_wholesaler,wholesale,Marktredwitz,completed
886,2025-10-20,12,14,26.54,0.040,bar,direct,Coburg,completed
887,2025-10-20,3,69,24.16,0.070,supermarket,direct,Hof,completed
888,2025-10-20,4,33,22.49,0.055,event_catering,direct,Bamberg,completed
889,2025-10-20,1,219,22.94,0.150,beverage_wholesaler,wholesale,Bamberg,completed
890,2025-10-20,1,155,22.79,0.150,beverage_wholesaler,wholesale,Bayreuth,completed
891,2025-10-21,1,36,22.58,0.070,supermarket,wholesale,Bayreuth,completed
892,2025-10-21,1,28,22.85,0.035,bar,direct,Marktredwitz,completed
893,2025-10-21,3,42,23.83,0.040,bar,direct,Bayreuth,completed
894,2025-10-21,7,43,31.93,0.070,supermarket,direct,Bamberg,completed
895,2025-10-21,3,83,24.10,0.085,supermarket,wholesale,Bamberg,completed
896,2025-10-21,1,65,23.06,0.080,supermarket,wholesale,Hof,completed
897,2025-10-21,1,20,23.01,0.030,restaurant,direct,Nürnberg,completed
898,2025-10-21,2,46,24.89,0.060,event_catering,direct,Coburg,completed
899,2025-10-21,12,190,27.11,0.150,beverage_wholesaler,wholesale,Nürnberg,completed
900,2025-10-21,4,97,22.33,0.145,beverage_wholesaler,wholesale,Kulmbach,completed
901,2025-10-21,4,66,22.49,0.035,bar,direct,Kulmbach,completed
902,2025-10-21,4,59,22.66,0.065,supermarket,wholesale,Bayreuth,cancelled
903,2025-10-21,11,258,23.84,0.160,beverage_wholesaler,wholesale,Bayreuth,completed
904,2025-10-21,3,347,23.76,0.150,beverage_wholesaler,wholesale,Kulmbach,completed
905,2025-10-21,4,12,22.36,0.040,bar,direct,Nürnberg,cancelled
906,2025-10-21,1,76,22.60,0.070,supermarket,wholesale,Bamberg,completed
907,2025-10-21,1,24,23.01,0.030,restaurant,direct,Coburg,completed
908,2025-10-21,9,69,26.25,0.040,bar,direct,Kulmbach,completed
909,2025-10-21,10,175,32.82,0.160,beverage_wholesaler,wholesale,Bamberg,cancelled
910,2025-10-22,2,23,25.24,0.040,restaurant,wholesale,Bamberg,completed
911,2025-10-22,1,37,22.64,0.030,restaurant,direct,Hof,completed
912,2025-10-22,3,29,23.74,0.040,bar,direct,Hof,returned
913,2025-10-22,5,162,22.06,0.100,supermarket,wholesale,Coburg,completed
914,2025-10-22,1,33,23.17,0.030,restaurant,direct,Bayreuth,completed
915,2025-10-22,10,110,32.52,0.085,supermarket,wholesale,Nürnberg,completed
916,2025-10-22,2,22,24.82,0.040,restaurant,direct,Bayreuth,completed
917,2025-10-22,2,88,25.04,0.080,supermarket,wholesale,Bayreuth,completed
918,2025-10-22,2,119,24.91,0.085,supermarket,wholesale,Nürnberg,completed
919,2025-10-22,1,71,22.83,0.070,supermarket,wholesale,Kulmbach,completed
920,2025-10-22,1,28,22.96,0.040,bar,direct,Bamberg,completed
921,2025-10-22,9,84,25.73,0.095,supermarket,wholesale,Bamberg,cancelled
922,2025-10-22,3,150,23.67,0.150,beverage_wholesaler,wholesale,Bamberg,completed
923,2025-10-22,9,71,26.02,0.065,supermarket,direct,Bamberg,completed
924,2025-10-22,1,93,22.60,0.145,beverage_wholesaler,wholesale,Bamberg,completed
925,2025-10-22,4,29,22.82,0.030,restaurant,direct,Nürnberg,completed
926,2025-10-22,2,23,24.71,0.025,restaurant,direct,Coburg,completed
927,2025-10-22,6,41,24.86,0.070,supermarket,wholesale,Kulmbach,completed
928,2025-10-23,5,28,21.95,0.040,bar,direct,Nürnberg,completed
929,2025-10-23,1,25,23.19,0.030,restaurant,direct,Bamberg,completed
930,2025-10-23,11,12,23.80,0.025,restaurant,direct,Coburg,completed
931,2025-10-23,1,19,23.01,0.030,restaurant,direct,Nürnberg,completed
932,2025-10-23,1,15,22.72,0.030,restaurant,wholesale,Coburg,completed
933,2025-10-23,8,130,24.18,0.130,beverage_wholesaler,wholesale,Nürnberg,completed
934,2025-10-23,2,20,24.54,0.030,restaurant,wholesale,Bamberg,completed
935,2025-10-23,9,274,25.89,0.145,beverage_wholesaler,wholesale,Nürnberg,completed
936,2025-10-23,5,52,21.70,0.030,restaurant,direct,Nürnberg,completed
937,2025-10-23,2,37,25.18,0.030,restaurant,direct,Nürnberg,completed
938,2025-10-23,2,18,25.27,0.030,restaurant,direct,Bamberg,completed
939,2025-10-23,1,93,23.17,0.085,supermarket,wholesale,Nürnberg,completed
940,2025-10-23,5,41,21.78,0.040,bar,direct,Kulmbach,completed
941,2025-10-23,11,30,23.74,0.040,bar,direct,Bamberg,completed
942,2025-10-23,7,48,32.33,0.080,supermarket,wholesale,Bayreuth,completed
943,2025-10-23,2,44,25.17,0.040,bar,direct,Nürnberg,completed
944,2025-10-23,4,16,22.68,0.025,restaurant,wholesale,Bayreuth,completed
945,2025-10-23,9,93,26.10,0.135,beverage_wholesaler,wholesale,Kulmbach,completed
946,2025-10-23,7,76,31.95,0.070,supermarket,direct,Bamberg,completed
947,2025-10-23,5,25,21.74,0.035,bar,direct,Marktredwitz,completed
948,2025-10-23,9,51,25.58,0.060,event_catering,direct,Bayreuth,completed
949,2025-10-23,6,23,24.14,0.035,bar,direct,Kulmbach,completed
950,2025-10-23,4,75,22.31,0.115,beverage_wholesaler,wholesale,Coburg,completed
951,2025-10-23,2,38,24.62,0.050,bar,direct,Nürnberg,completed
952,2025-10-23,1,114,22.94,0.085,supermarket,direct,Bayreuth,completed
953,2025-10-24,1,39,23.17,0.050,bar,wholesale,Kulmbach,completed
954,2025-10-24,3,30,23.56,0.035,bar,wholesale,Bayreuth,completed
955,2025-10-24,4,82,22.42,0.085,supermarket,wholesale,Hof,completed
956,2025-10-24,6,39,24.76,0.030,restaurant,direct,Hof,completed
957,2025-10-24,4,30,22.78,0.070,supermarket,wholesale,Bamberg,completed
958,2025-10-24,2,27,24.80,0.070,event_catering,direct,Bayreuth,completed
959,2025-10-24,6,131,24.74,0.130,beverage_wholesaler,wholesale,Nürnberg,returned
960,2025-10-24,6,37,24.38,0.030,restaurant,direct,Coburg,completed
961,2025-10-24,4,103,22.75,0.085,supermarket,wholesale,Bayreuth,completed
962,2025-10-24,10,42,33.23,0.040,bar,direct,Nürnberg,completed
963,2025-10-24,5,25,21.84,0.030,restaurant,direct,Bamberg,completed
964,2025-10-24,9,47,25.57,0.030,restaurant,wholesale,Coburg,completed
965,2025-10-24,8,117,24.37,0.135,beverage_wholesaler,wholesale,Nürnberg,completed
966,2025-10-24,1,171,22.86,0.150,beverage_wholesaler,wholesale,Bamberg,completed
967,2025-10-24,2,50,24.96,0.055,event_catering,direct,Bayreuth,completed
968,2025-10-24,2,24,25.18,0.035,bar,direct,Kulmbach,completed
969,2025-10-25,9,107,26.16,0.095,supermarket,wholesale,Bayreuth,completed
970,2025-10-25,7,66,32.30,0.060,event_catering,wholesale,Nürnberg,completed
971,2025-10-25,4,17,22.70,0.030,restaurant,direct,Coburg,completed
972,2025-10-25,3,24,24.05,0.030,restaurant,wholesale,Bayreuth,completed
973,2025-10-25,8,34,24.53,0.070,supermarket,wholesale,Marktredwitz,completed
974,2025-10-25,2,49,25.13,0.080,supermarket,wholesale,Coburg,completed
975,2025-10-25,11,28,23.17,0.030,restaurant,direct,Coburg,completed
976,2025-10-25,3,110,24.14,0.085,supermarket,wholesale,Bayreuth,completed
977,2025-10-25,5,74,21.65,0.070,supermarket,wholesale,Nürnberg,completed
978,2025-10-25,3,37,24.23,0.050,bar,direct,Marktredwitz,completed
979,2025-10-25,9,59,25.74,0.040,bar,wholesale,Bayreuth,completed
980,2025-10-25,8,105,24.42,0.145,beverage_wholesaler,wholesale,Bayreuth,completed
981,2025-10-25,2,29,24.83,0.040,restaurant,direct,Bamberg,completed
982,2025-10-25,11,29,23.53,0.025,restaurant,direct,Nürnberg,completed
983,2025-10-26,1,86,23.06,0.130,beverage_wholesaler,wholesale,Kulmbach,completed
984,2025-10-26,1,17,22.75,0.030,restaurant,direct,Marktredwitz,completed
985,2025-10-26,8,74,23.93,0.080,supermarket,wholesale,Bayreuth,completed
986,2025-10-26,7,26,32.13,0.030,restaurant,wholesale,Bayreuth,completed
987,2025-10-26,3,27,23.76,0.030,restaurant,direct,Nürnberg,completed
988,2025-10-26,3,43,23.94,0.070,event_catering,wholesale,Nürnberg,completed
989,2025-10-26,1,53,23.08,0.070,supermarket,wholesale,Bayreuth,completed
990,2025-10-26,8,50,24.30,0.070,supermarket,wholesale,Bayreuth,completed
991,2025-10-26,2,72,24.59,0.060,event_catering,wholesale,Bayreuth,completed
992,2025-10-26,8,30,24.06,0.080,supermarket,wholesale,Coburg,completed
993,2025-10-26,3,55,23.90,0.035,bar,direct,Nürnberg,completed
994,2025-10-27,6,122,24.44,0.130,beverage_wholesaler,wholesale,Bamberg,completed
995,2025-10-27,9,64,25.95,0.060,event_catering,direct,Nürnberg,completed
996,2025-10-27,11,53,23.47,0.080,supermarket,direct,Hof,completed
997,2025-10-27,1,132,22.77,0.135,beverage_wholesaler,wholesale,Coburg,completed
998,2025-10-27,7,44,31.74,0.070,event_catering,direct,Bayreuth,completed
999,2025-10-27,5,15,21.75,0.030,restaurant,wholesale,Kulmbach,completed
1000,2025-10-27,6,60,24.60,0.065,supermarket,wholesale,Kulmbach,completed
1001,2025-10-27,2,25,24.97,0.025,restaurant,direct,Bayreuth,completed
1002,2025-10-27,2,148,24.53,0.135,beverage_wholesaler,wholesale,Nürnberg,completed
1003,2025-10-27,1,50,22.90,0.060,event_catering,direct,Nürnberg,completed
1004,2025-10-27,4,23,22.22,0.035,bar,direct,Kulmbach,completed
1005,2025-10-27,2,16,24.89,0.040,restaurant,direct,Nürnberg,completed
1006,2025-10-27,3,40,24.09,0.080,supermarket,wholesale,Bamberg,completed
1007,2025-10-27,10,47,32.60,0.070,supermarket,wholesale,Coburg,completed
1008,2025-10-28,6,116,24.73,0.130,beverage_wholesaler,wholesale,Bamberg,completed
1009,2025-10-28,8,159,24.44,0.160,beverage_wholesaler,wholesale,Bayreuth,completed
1010,2025-10-28,9,65,26.08,0.115,beverage_wholesaler,wholesale,Kulmbach,completed
1011,2025-10-28,2,110,24.84,0.145,beverage_wholesaler,wholesale,Coburg,completed
1012,2025-10-28,1,20,22.75,0.030,restaurant,direct,Hof,completed
1013,2025-10-28,9,30,26.16,0.025,restaurant,wholesale,Hof,completed
1014,2025-10-28,2,16,25.10,0.030,restaurant,direct,Coburg,completed
1015,2025-10-28,7,11,32.14,0.040,bar,direct,Bayreuth,completed
1016,2025-10-28,2,32,24.73,0.040,bar,wholesale,Kulmbach,completed
1017,2025-10-28,1,26,22.87,0.035,bar,wholesale,Bamberg,completed
1018,2025-10-28,3,25,23.79,0.040,restaurant,wholesale,Coburg,completed
1019,2025-10-28,4,18,22.78,0.030,restaurant,direct,Nürnberg,completed
1020,2025-10-28,3,73,23.77,0.070,supermarket,wholesale,Bamberg,completed
1021,2025-10-28,4,40,22.78,0.120,beverage_wholesaler,wholesale,Bayreuth,completed
1022,2025-10-28,8,22,24.37,0.040,restaurant,direct,Bayreuth,completed
1023,2025-10-29,11,68,23.70,0.070,supermarket,wholesale,Bamberg,completed
1024,2025-10-29,3,106,23.69,0.135,,wholesale,Bayreuth,completed
1025,2025-10-29,4,29,22.73,0.025,restaurant,direct,Coburg,completed
1026,2025-10-29,7,58,32.15,0.040,bar,direct,Bamberg,completed
1027,2025-10-29,8,156,24.22,0.160,beverage_wholesaler,wholesale,Bayreuth,completed
1028,2025-10-29,9,61,25.78,0.060,event_catering,direct,Bayreuth,completed
1029,2025-10-29,6,90,24.35,0.135,beverage_wholesaler,wholesale,Coburg,completed
1030,2025-10-29,2,30,25.24,0.030,restaurant,direct,Bayreuth,completed
1031,2025-10-29,4,49,22.63,0.080,supermarket,wholesale,Coburg,completed
1032,2025-10-29,1,54,22.97,0.070,supermarket,wholesale,Bamberg,completed
1033,2025-10-29,3,31,24.24,0.040,bar,direct,Bamberg,completed
1034,2025-10-29,3,130,23.91,0.085,supermarket,direct,Bayreuth,completed
1035,2025-10-29,1,101,23.17,0.085,supermarket,wholesale,Bamberg,completed
1036,2025-10-29,9,45,25.84,0.040,bar,direct,Kulmbach,completed
1037,2025-10-29,7,25,31.50,0.030,restaurant,direct,Bayreuth,completed
1038,2025-10-29,2,25,24.95,0.065,supermarket,wholesale,Bamberg,completed
1039,2025-10-29,7,30,32.36,0.025,restaurant,wholesale,Nürnberg,completed
1040,2025-10-30,2,113,25.02,0.145,beverage_wholesaler,wholesale,Nürnberg,completed
1041,2025-10-30,1,65,22.60,0.120,,wholesale,Nürnberg,completed
1042,2025-10-30,6,100,24.14,0.130,beverage_wholesaler,wholesale,Nürnberg,completed
1043,2025-10-30,8,35,24.02,0.080,supermarket,direct,Bamberg,completed
1044,2025-10-30,5,48,21.81,0.055,event_catering,direct,Nürnberg,completed
1045,2025-10-30,6,46,24.44,0.080,supermarket,wholesale,Bayreuth,completed
1046,2025-10-30,12,25,26.99,0.050,bar,direct,Hof,completed
1047,2025-10-30,5,19,21.93,0.040,restaurant,direct,Marktredwitz,completed
1048,2025-10-30,8,155,24.20,0.150,beverage_wholesaler,wholesale,Bayreuth,completed
1049,2025-10-30,2,45,24.92,0.040,bar,direct,Hof,completed
1050,2025-10-30,3,20,23.70,0.025,restaurant,direct,Coburg,completed
1051,2025-10-30,4,13,22.80,0.030,restaurant,direct,Nürnberg,completed
1052,2025-10-30,4,109,22.28,0.135,beverage_wholesaler,wholesale,Kulmbach,completed
1053,2025-10-30,9,31,26.04,0.750,bar,direct,Kulmbach,completed
1054,2025-10-30,6,13,24.14,0.030,restaurant,direct,Bamberg,completed
1055,2025-10-30,9,108,26.20,0.135,beverage_wholesaler,wholesale,Marktredwitz,completed
1056,2025-10-30,7,52,31.70,0.070,supermarket,wholesale,Marktredwitz,completed
1057,2025-10-30,7,123,32.18,0.145,beverage_wholesaler,wholesale,Kulmbach,completed
1058,2025-10-30,8,151,23.94,0.150,beverage_wholesaler,wholesale,Nürnberg,completed
1059,2025-10-30,7,27,32.15,0.040,bar,direct,Kulmbach,completed
1060,2025-10-30,2,18,24.69,0.040,bar,direct,Bamberg,completed
1061,2025-10-30,1,35,23.02,0.050,bar,wholesale,Marktredwitz,completed
1062,2025-10-30,9,28,25.96,0.030,restaurant,direct,Nürnberg,completed
1063,2025-10-30,9,44,26.27,0.040,bar,direct,Bamberg,completed
1064,2025-10-30,3,104,24.18,0.095,supermarket,direct,Bamberg,completed
1065,2025-10-31,2,125,24.70,0.085,supermarket,wholesale,Bayreuth,completed
1066,2025-10-31,2,116,25.20,0.075,event_catering,direct,Bayreuth,completed
1067,2025-10-31,8,27,24.07,0.030,restaurant,direct,Bayreuth,completed
1068,2025-10-31,2,29,24.75,0.040,restaurant,direct,Bayreuth,completed
1069,2025-10-31,4,175,22.67,0.145,beverage_wholesaler,wholesale,Nürnberg,returned
1070,2025-10-31,6,28,24.83,0.040,bar,wholesale,Bayreuth,completed
1071,2025-10-31,5,22,21.89,0.030,restaurant,wholesale,Bayreuth,completed
1072,2025-10-31,1,71,22.79,0.080,supermarket,wholesale,Bayreuth,completed
1073,2025-10-31,2,23,24.88,0.025,restaurant,wholesale,Bayreuth,completed
1074,2025-10-31,3,20,24.15,0.030,restaurant,direct,Nürnberg,completed
1075,2025-10-31,6,150,24.30,0.090,event_catering,wholesale,Marktredwitz,completed
1076,2025-10-31,2,331,24.86,0.150,beverage_wholesaler,wholesale,Kulmbach,completed
1077,2025-10-31,3,56,24.24,0.040,bar,direct,Hof,completed
1078,2025-10-31,7,112,31.83,0.135,beverage_wholesaler,wholesale,Bayreuth,completed
1079,2025-10-31,6,132,24.31,0.135,beverage_wholesaler,wholesale,Hof,completed
1080,2025-10-31,11,138,23.56,0.130,beverage_wholesaler,wholesale,Bamberg,completed
1081,2025-10-31,4,27,22.38,0.040,bar,direct,Nürnberg,completed
1082,2025-10-31,2,22,24.77,0.030,restaurant,direct,Bayreuth,completed
1083,2025-10-31,7,168,32.34,0.100,supermarket,wholesale,Hof,completed
1084,2025-10-31,3,105,24.03,0.135,beverage_wholesaler,wholesale,Bayreuth,completed
1085,2025-10-31,1,126,23.10,0.145,beverage_wholesaler,wholesale,Bayreuth,completed
1086,2025-10-31,5,92,21.89,0.070,event_catering,direct,Kulmbach,completed
1087,2025-10-31,12,206,27.18,0.145,beverage_wholesaler,wholesale,Nürnberg,completed
1088,2025-10-31,8,102,24.18,0.085,supermarket,direct,Marktredwitz,completed
1089,2025-10-31,2,30,25.19,0.040,restaurant,direct,Kulmbach,completed
1090,2025-10-31,1,66,22.96,0.070,supermarket,wholesale,Kulmbach,completed
1091,2025-10-31,9,152,26.11,0.100,supermarket,wholesale,Bayreuth,completed
1092,2025-11-01,4,33,22.75,0.040,restaurant,direct,Coburg,completed
1093,2025-11-01,2,36,24.60,0.030,restaurant,wholesale,Bamberg,completed
1094,2025-11-01,8,72,24.10,0.115,beverage_wholesaler,wholesale,Bayreuth,returned
1095,2025-11-01,4,23,22.17,0.040,restaurant,direct,Bayreuth,completed
1096,2025-11-01,3,47,23.71,0.060,event_catering,direct,Bayreuth,completed
1097,2025-11-01,1,153,22.64,0.150,beverage_wholesaler,wholesale,Coburg,completed
1098,2025-11-01,8,235,24.29,0.150,beverage_wholesaler,wholesale,Bayreuth,completed
1099,2025-11-01,1,43,23.16,0.030,restaurant,direct,Bamberg,completed
1100,2025-11-01,6,90,24.15,0.085,supermarket,wholesale,Kulmbach,completed
1101,2025-11-01,1,55,23.05,0.065,supermarket,wholesale,Hof,completed
1102,2025-11-01,3,28,23.86,0.035,bar,wholesale,Bayreuth,completed
1103,2025-11-01,10,24,32.77,0.025,restaurant,direct,Bamberg,completed
1104,2025-11-01,9,49,26.14,0.070,supermarket,wholesale,Hof,completed
1105,2025-11-01,2,128,24.66,0.135,beverage_wholesaler,wholesale,Nürnberg,completed
1106,2025-11-01,4,82,22.38,0.075,event_catering,direct,Nürnberg,completed
1107,2025-11-02,2,45,24.61,0.080,supermarket,wholesale,Coburg,completed
1108,2025-11-02,10,23,33.17,0.070,event_catering,direct,Kulmbach,completed
1109,2025-11-02,2,119,25.25,0.135,beverage_wholesaler,wholesale,Hof,completed
1110,2025-11-02,5,16,21.87,0.070,supermarket,direct,Bayreuth,completed
1111,2025-11-02,2,40,25.11,0.060,event_catering,direct,Marktredwitz,completed
1112,2025-11-02,5,48,21.81,0.065,supermarket,direct,Hof,completed
1113,2025-11-02,1,26,22.71,0.065,supermarket,wholesale,Kulmbach,completed
1114,2025-11-02,3,78,24.19,0.080,supermarket,direct,Marktredwitz,cancelled
1115,2025-11-02,10,64,32.99,0.065,supermarket,wholesale,Bayreuth,completed
1116,2025-11-02,1,29,23.00,0.030,restaurant,direct,Bamberg,completed
1117,2025-11-02,11,77,23.16,0.120,beverage_wholesaler,wholesale,Bayreuth,completed
1118,2025-11-02,4,20,22.53,0.030,restaurant,direct,Nürnberg,completed
1119,2025-11-03,7,101,32.25,0.135,beverage_wholesaler,wholesale,Bamberg,completed
1120,2025-11-03,4,19,22.22,0.040,bar,wholesale,Bayreuth,completed
1121,2025-11-03,6,24,24.54,0.040,restaurant,direct,Bamberg,completed
1122,2025-11-03,3,67,23.95,0.070,supermarket,wholesale,Marktredwitz,completed
1123,2025-11-03,10,32,32.75,0.040,bar,wholesale,Nürnberg,completed
1124,2025-11-03,10,129,33.07,0.095,supermarket,wholesale,Bamberg,completed
1125,2025-11-03,1,57,22.80,0.030,restaurant,direct,Marktredwitz,completed
1126,2025-11-03,8,33,24.40,0.060,event_catering,direct,Bayreuth,completed
1127,2025-11-03,8,224,24.45,0.150,beverage_wholesaler,wholesale,Nürnberg,completed
1128,2025-11-03,9,65,26.01,0.080,supermarket,wholesale,Hof,completed
1129,2025-11-03,3,99,24.23,0.135,beverage_wholesaler,wholesale,Bamberg,completed
1130,2025-11-03,7,67,31.59,0.065,supermarket,wholesale,Coburg,completed
1131,2025-11-03,10,56,33.11,0.030,restaurant,direct,Nürnberg,completed
1132,2025-11-03,11,35,23.38,0.060,event_catering,wholesale,Bayreuth,completed
1133,2025-11-03,12,25,26.85,0.030,restaurant,direct,Bayreuth,completed
1134,2025-11-03,9,26,25.94,0.035,bar,direct,Marktredwitz,completed
1135,2025-11-03,6,183,24.72,0.150,beverage_wholesaler,wholesale,Nürnberg,completed
1136,2025-11-03,2,109,25.06,0.130,beverage_wholesaler,wholesale,Marktredwitz,completed
1137,2025-11-03,3,138,23.95,0.135,beverage_wholesaler,wholesale,Bayreuth,completed
1138,2025-11-03,11,35,23.61,0.065,supermarket,wholesale,Bamberg,completed
1139,2025-11-04,2,85,24.63,0.095,supermarket,wholesale,Kulmbach,completed
1140,2025-11-04,6,33,24.70,0.040,bar,direct,Bayreuth,completed
1141,2025-11-04,2,33,25.23,0.040,bar,wholesale,Bayreuth,completed
1142,2025-11-04,7,18,31.72,0.040,bar,direct,Bamberg,completed
1143,2025-11-04,2,20,24.78,0.040,bar,direct,Bayreuth,completed
1144,2025-11-04,12,13,26.50,0.030,restaurant,direct,Nürnberg,returned
1145,2025-11-04,8,28,24.53,0.040,bar,direct,Kulmbach,completed
1146,2025-11-04,3,25,24.05,0.040,restaurant,direct,Bayreuth,completed
1147,2025-11-04,1,11,23.11,0.030,restaurant,direct,Hof,completed
1148,2025-11-04,4,44,22.27,0.035,bar,direct,Bayreuth,completed
1149,2025-11-04,9,64,25.80,0.070,supermarket,wholesale,Nürnberg,completed
1150,2025-11-04,3,49,24.15,0.030,restaurant,direct,Bamberg,completed
1151,2025-11-04,7,112,31.69,0.135,beverage_wholesaler,wholesale,Nürnberg,completed
1152,2025-11-04,3,23,23.62,0.050,bar,direct,Nürnberg,completed
1153,2025-11-05,8,108,24.33,0.135,beverage_wholesaler,wholesale,Coburg,completed
1154,2025-11-05,2,38,24.68,0.080,supermarket,wholesale,Bayreuth,completed
1155,2025-11-05,7,20,32.36,0.060,event_catering,wholesale,Bayreuth,returned
1156,2025-11-05,1,19,23.16,0.040,bar,direct,Coburg,completed
1157,2025-11-05,2,65,25.14,0.130,beverage_wholesaler,wholesale,Nürnberg,completed
1158,2025-11-05,2,10,25.00,0.030,restaurant,wholesale,Hof,completed
1159,2025-11-05,999,84,24.74,0.095,supermarket,direct,Bayreuth,completed
1160,2025-11-05,3,36,23.94,0.040,bar,direct,Hof,completed
1161,2025-11-05,1,20,22.72,0.060,event_catering,direct,Bamberg,completed
1162,2025-11-05,1,16,22.59,0.030,restaurant,direct,Nürnberg,completed
1163,2025-11-05,1,82,22.83,0.135,beverage_wholesaler,wholesale,Bayreuth,completed
1164,2025-11-05,2,25,24.58,0.040,restaurant,direct,Bayreuth,completed
1165,2025-11-05,11,50,23.66,0.065,supermarket,wholesale,Bayreuth,completed
1166,2025-11-05,7,13,31.54,0.025,restaurant,direct,Coburg,completed
1167,2025-11-05,6,65,24.42,0.065,supermarket,wholesale,Bayreuth,completed
1168,2025-11-05,12,68,26.86,0.070,supermarket,wholesale,Bayreuth,completed
1169,2025-11-05,11,24,23.41,0.040,bar,wholesale,Hof,completed
1170,2025-11-05,7,22,31.54,0.040,restaurant,direct,Bamberg,completed
1171,2025-11-05,4,14,22.41,0.050,bar,direct,Coburg,completed
1172,2025-11-06,1,18,23.20,0.030,restaurant,direct,Nürnberg,completed
1173,2025-11-06,12,95,26.96,0.095,supermarket,wholesale,Bayreuth,completed
1174,2025-11-06,8,37,24.51,0.035,bar,wholesale,Bayreuth,completed
1175,2025-11-06,8,148,23.98,0.135,beverage_wholesaler,wholesale,Nürnberg,completed
1176,2025-11-06,10,188,32.74,0.160,beverage_wholesaler,wholesale,Kulmbach,completed
1177,2025-11-06,10,107,32.81,0.130,beverage_wholesaler,wholesale,Bayreuth,completed
1178,2025-11-06,9,48,26.22,0.070,supermarket,wholesale,Kulmbach,completed
1179,2025-11-06,4,161,22.79,0.150,beverage_wholesaler,wholesale,Bamberg,completed
1180,2025-11-06,11,155,23.77,0.150,beverage_wholesaler,wholesale,Marktredwitz,completed
1181,2025-11-06,1,18,22.80,0.040,bar,direct,Kulmbach,cancelled
1182,2025-11-06,12,51,26.72,0.065,supermarket,direct,Nürnberg,completed
1183,2025-11-06,1,45,23.24,0.080,supermarket,wholesale,Coburg,completed
1184,2025-11-06,6,43,24.14,0.055,event_catering,direct,Nürnberg,completed
1185,2025-11-06,3,25,23.78,0.040,restaurant,wholesale,Bamberg,completed
1186,2025-11-06,3,113,23.60,0.135,beverage_wholesaler,wholesale,Bamberg,completed
1187,2025-11-06,9,86,25.63,0.135,beverage_wholesaler,wholesale,Coburg,completed
1188,2025-11-06,1,116,22.99,0.145,beverage_wholesaler,wholesale,Bayreuth,completed
1189,2025-11-06,1,28,22.56,0.070,supermarket,wholesale,Bayreuth,completed
1190,2025-11-06,2,22,25.06,0.030,restaurant,direct,Bayreuth,completed
1191,2025-11-06,6,87,24.14,0.080,supermarket,wholesale,Hof,completed
1192,2025-11-06,12,33,26.65,0.030,restaurant,wholesale,Nürnberg,completed
1193,2025-11-07,1,89,22.56,0.095,supermarket,wholesale,Coburg,completed
1194,2025-11-07,3,96,23.95,0.085,supermarket,wholesale,Coburg,completed
1195,2025-11-07,3,24,24.26,0.035,bar,direct,Hof,completed
1196,2025-11-07,4,18,22.48,0.040,restaurant,direct,Kulmbach,completed
1197,2025-11-07,3,0,23.85,0.030,restaurant,wholesale,Hof,completed
1198,2025-11-07,2,13,24.78,0.030,restaurant,direct,Marktredwitz,completed
1199,2025-11-07,5,22,21.86,0.050,bar,direct,Marktredwitz,completed
1200,2025-11-07,11,37,23.58,0.070,event_catering,direct,Bayreuth,completed
1201,2025-11-07,4,57,22.45,0.065,supermarket,wholesale,Bayreuth,completed
1202,2025-11-07,8,45,23.88,0.050,bar,direct,Nürnberg,completed
1203,2025-11-07,2,35,25.11,0.040,restaurant,direct,Kulmbach,completed
1204,2025-11-07,1,22,23.04,0.040,bar,wholesale,Bayreuth,completed
1205,2025-11-07,10,11,33.15,0.040,restaurant,direct,Nürnberg,completed
1206,2025-11-07,10,130,32.79,0.095,supermarket,wholesale,Nürnberg,completed
1207,2025-11-07,8,120,24.07,0.135,beverage_wholesaler,wholesale,Kulmbach,completed
1208,2025-11-08,1,44,22.81,0.040,bar,wholesale,Bayreuth,completed
1209,2025-11-08,1,60,22.87,0.070,supermarket,wholesale,Kulmbach,completed
1210,2025-11-08,2,23,24.76,0.040,bar,direct,Nürnberg,completed
1211,2025-11-08,3,32,24.00,0.070,supermarket,wholesale,Nürnberg,completed
1212,2025-11-08,7,31,31.56,0.030,restaurant,direct,Bamberg,completed
1213,2025-11-08,3,105,24.08,0.135,beverage_wholesaler,wholesale,Bayreuth,completed
1214,2025-11-08,3,91,24.09,0.085,supermarket,wholesale,Nürnberg,completed
1215,2025-11-08,1,32,22.59,0.040,restaurant,direct,Nürnberg,completed
1216,2025-11-08,4,14,22.18,0.040,restaurant,direct,Coburg,completed
1217,2025-11-08,5,40,21.80,0.070,supermarket,direct,Nürnberg,completed
1218,2025-11-08,3,78,23.94,0.070,supermarket,wholesale,Coburg,completed
1219,2025-11-08,3,20,24.01,0.030,restaurant,direct,Nürnberg,completed
1220,2025-11-08,8,43,24.42,0.070,event_catering,wholesale,Nürnberg,completed
1221,2025-11-08,8,45,24.43,0.025,restaurant,direct,Nürnberg,completed
1222,2025-11-08,10,59,32.42,0.070,supermarket,direct,Nürnberg,completed
1223,2025-11-08,3,25,23.89,0.040,restaurant,wholesale,Marktredwitz,completed
1224,2025-11-08,1,42,23.22,0.070,supermarket,wholesale,Marktredwitz,completed
1225,2025-11-08,2,19,24.62,0.040,bar,wholesale,Nürnberg,completed
1226,2025-11-08,10,119,32.86,0.135,beverage_wholesaler,wholesale,Coburg,completed
1227,2025-11-09,1,20,23.22,0.040,bar,direct,Kulmbach,completed
1228,2025-11-09,2,13,24.54,0.030,restaurant,wholesale,Hof,completed
1229,2025-11-09,1,38,22.94,0.040,restaurant,wholesale,Bamberg,completed
1230,2025-11-09,2,57,24.93,0.130,beverage_wholesaler,wholesale,Hof,completed
1231,2025-11-09,2,101,24.83,0.130,beverage_wholesaler,wholesale,Nürnberg,completed
1232,2025-11-10,8,57,24.43,0.120,beverage_wholesaler,direct,Bayreuth,completed
1233,2025-11-10,5,40,22.06,0.070,supermarket,wholesale,Bamberg,completed
1234,2025-11-10,9,62,25.96,0.070,supermarket,wholesale,Kulmbach,completed
1235,2025-11-10,6,23,24.66,0.060,event_catering,wholesale,Bayreuth,completed
1236,2025-11-10,10,165,32.71,0.160,beverage_wholesaler,wholesale,Bamberg,completed
1237,2025-11-10,1,41,22.60,0.060,event_catering,direct,Bayreuth,completed
1238,2025-11-10,1,53,22.70,0.060,event_catering,direct,Nürnberg,completed
1239,2025-11-10,1,57,22.80,0.070,supermarket,wholesale,Nürnberg,completed
1240,2025-11-10,8,93,24.53,0.135,beverage_wholesaler,direct,Hof,completed
1241,2025-11-10,8,18,23.90,0.040,bar,wholesale,Marktredwitz,completed
1242,2025-11-10,8,31,23.99,0.070,event_catering,direct,Bamberg,completed
1243,2025-11-10,8,35,23.97,0.025,restaurant,direct,Coburg,completed
1244,2025-11-10,8,88,24.19,0.130,beverage_wholesaler,wholesale,Nürnberg,completed
1245,2025-11-10,2,16,24.68,0.030,restaurant,direct,Kulmbach,completed
1246,2025-11-10,10,100,33.24,0.130,beverage_wholesaler,wholesale,Hof,completed
1247,2025-11-10,1,206,22.90,0.160,beverage_wholesaler,wholesale,Coburg,completed
1248,2025-11-10,3,111,23.74,0.135,beverage_wholesaler,wholesale,Coburg,completed
1249,2025-11-10,11,18,23.79,0.030,restaurant,direct,Bayreuth,completed
1250,2025-11-10,6,19,24.85,0.030,restaurant,direct,Nürnberg,completed
1251,2025-11-10,2,13,24.53,0.040,restaurant,wholesale,Bayreuth,completed
1252,2025-11-11,8,44,23.94,0.065,supermarket,wholesale,Nürnberg,completed
1253,2025-11-11,1,56,23.20,0.060,event_catering,direct,Bayreuth,completed
1254,2025-11-11,2,97,24.82,0.135,beverage_wholesaler,wholesale,Bayreuth,completed
1255,2025-11-11,6,156,24.31,0.150,beverage_wholesaler,wholesale,Bayreuth,completed
1256,2025-11-11,3,24,24.10,0.030,restaurant,direct,Nürnberg,completed
1257,2025-11-11,12,14,26.76,0.035,bar,wholesale,Nürnberg,completed
1258,2025-11-11,10,111,33.00,0.080,supermarket,wholesale,Kulmbach,completed
1259,2025-11-11,12,28,26.70,0.040,bar,direct,Nürnberg,completed
1260,2025-11-11,2,28,24.67,0.040,bar,direct,Bamberg,completed
1261,2025-11-11,7,16,32.19,0.040,bar,direct,Nürnberg,completed
1262,2025-11-11,5,40,21.69,0.065,supermarket,direct,Nürnberg,completed
1263,2025-11-11,8,74,24.11,0.080,supermarket,wholesale,Bayreuth,completed
1264,2025-11-11,3,41,24.23,0.060,event_catering,wholesale,Bamberg,completed
1265,2025-11-12,4,45,22.25,0.060,event_catering,wholesale,Nürnberg,completed
1266,2025-11-12,1,22,23.19,0.030,restaurant,direct,Bayreuth,completed
1267,2025-11-12,1,80,22.75,0.135,beverage_wholesaler,wholesale,Nürnberg,completed
1268,2025-11-12,10,66,32.95,0.070,supermarket,wholesale,Hof,completed
1269,2025-11-12,2,105,24.69,0.145,beverage_wholesaler,wholesale,Coburg,completed
1270,2025-11-12,1,17,23.15,0.025,restaurant,direct,Bayreuth,completed
1271,2025-11-12,3,20,24.15,0.040,restaurant,direct,Coburg,completed
1272,2025-11-12,7,76,31.73,0.120,beverage_wholesaler,wholesale,Bayreuth,completed
1273,2025-11-12,3,147,23.66,0.145,beverage_wholesaler,wholesale,Nürnberg,completed
1274,2025-11-12,7,40,32.34,0.050,bar,direct,Bayreuth,completed
1275,2025-11-12,7,52,32.11,0.080,supermarket,wholesale,Bayreuth,completed
1276,2025-11-13,2,38,24.65,0.040,bar,wholesale,Coburg,completed
1277,2025-11-13,8,71,24.52,0.080,supermarket,wholesale,Nürnberg,completed
1278,2025-11-13,7,136,32.17,0.135,beverage_wholesaler,wholesale,Bayreuth,completed
1279,2025-11-13,2,28,25.10,0.030,restaurant,direct,Nürnberg,completed
1280,2025-11-13,1,95,22.87,0.085,supermarket,wholesale,Bayreuth,completed
1281,2025-11-13,6,76,24.72,0.115,beverage_wholesaler,wholesale,Bayreuth,completed
1282,2025-11-13,4,45,22.67,0.080,supermarket,wholesale,Bamberg,completed
1283,2025-11-13,8,35,24.45,0.070,supermarket,direct,Bamberg,completed
1284,2025-11-13,1,26,22.86,0.040,bar,direct,Kulmbach,completed
1285,2025-11-13,8,121,23.94,0.135,beverage_wholesaler,wholesale,Hof,completed
1286,2025-11-13,7,24,31.82,0.040,bar,wholesale,Kulmbach,completed
1287,2025-11-13,2,61,25.19,0.130,beverage_wholesaler,wholesale,Marktredwitz,completed
1288,2025-11-13,5,23,21.68,0.035,bar,direct,Coburg,returned
1289,2025-11-13,1,72,22.86,0.120,beverage_wholesaler,wholesale,Bayreuth,completed
1290,2025-11-13,3,42,24.09,0.050,bar,direct,Kulmbach,completed
1291,2025-11-13,8,39,23.94,0.070,supermarket,wholesale,Nürnberg,completed
1292,2025-11-13,2,38,24.84,0.070,supermarket,wholesale,Bayreuth,completed
1293,2025-11-13,10,102,33.18,0.095,supermarket,direct,Bayreuth,completed
1294,2025-11-13,1,38,22.98,0.030,restaurant,wholesale,Nürnberg,cancelled
1295,2025-11-13,5,35,21.67,0.055,event_catering,direct,Bayreuth,completed
1296,2025-11-13,6,80,24.45,0.085,supermarket,direct,Bayreuth,completed
1297,2025-11-14,10,21,32.84,0.030,restaurant,direct,Bamberg,completed
1298,2025-11-14,10,62,33.32,0.080,supermarket,wholesale,Bayreuth,completed
1299,2025-11-14,2,89,24.77,0.080,supermarket,wholesale,Bayreuth,completed
1300,2025-11-14,1,26,23.20,0.030,restaurant,direct,Hof,completed
1301,2025-11-14,4,16,22.62,0.030,restaurant,direct,Bayreuth,completed
1302,2025-11-14,1,58,22.61,0.065,supermarket,wholesale,Bayreuth,completed
1303,2025-11-14,10,110,32.99,0.075,event_catering,direct,Hof,completed
1304,2025-11-14,1,135,22.62,0.130,beverage_wholesaler,wholesale,Kulmbach,completed
1305,2025-11-14,6,48,24.83,0.030,restaurant,direct,Coburg,completed
1306,2025-11-14,10,183,32.55,0.160,beverage_wholesaler,wholesale,Bamberg,completed
1307,2025-11-14,1,64,22.75,0.070,supermarket,wholesale,Bayreuth,completed
1308,2025-11-14,3,37,24.21,0.030,restaurant,direct,Bamberg,completed
1309,2025-11-14,2,33,25.13,0.030,restaurant,wholesale,Bayreuth,completed
1310,2025-11-14,4,275,22.61,0.160,beverage_wholesaler,wholesale,Coburg,completed
1311,2025-11-14,10,119,32.89,0.135,beverage_wholesaler,wholesale,Bayreuth,returned
1312,2025-11-14,6,157,24.60,0.150,beverage_wholesaler,wholesale,Bayreuth,completed
1313,2025-11-14,4,47,22.26,0.040,bar,wholesale,Bayreuth,completed
1314,2025-11-14,3,128,23.68,0.130,beverage_wholesaler,wholesale,Bayreuth,completed
1315,2025-11-14,6,24,24.43,0.030,restaurant,wholesale,Marktredwitz,completed
1316,2025-11-14,10,172,33.32,0.100,supermarket,wholesale,Coburg,completed
1317,2025-11-15,8,29,23.85,0.040,restaurant,direct,Bayreuth,completed
1318,2025-11-15,8,144,23.99,0.130,beverage_wholesaler,wholesale,Hof,completed
1319,2025-11-15,12,25,27.03,0.025,restaurant,direct,Bayreuth,completed
1320,2025-11-15,4,35,22.62,0.040,bar,wholesale,Bayreuth,completed
1321,2025-11-15,1,35,23.03,0.025,restaurant,direct,Bayreuth,completed
1322,2025-11-15,10,63,33.36,0.030,restaurant,direct,Bayreuth,completed
1323,2025-11-15,8,23,24.04,0.025,restaurant,wholesale,Hof,completed
1324,2025-11-15,2,59,25.27,0.040,bar,direct,Kulmbach,completed
1325,2025-11-15,2,54,25.12,0.080,supermarket,wholesale,Nürnberg,completed
1326,2025-11-15,1,135,23.07,0.130,beverage_wholesaler,direct,Bamberg,completed
1327,2025-11-15,10,30,32.72,0.040,restaurant,wholesale,Nürnberg,completed
1328,2025-11-15,5,20,22.21,0.030,restaurant,direct,Bayreuth,completed
1329,2025-11-16,2,117,24.57,0.135,beverage_wholesaler,direct,Kulmbach,completed
1330,2025-11-16,3,12,24.25,0.040,restaurant,direct,Bayreuth,cancelled
1331,2025-11-16,3,30,24.05,0.070,supermarket,direct,Hof,completed
1332,2025-11-16,3,33,23.77,0.070,supermarket,wholesale,Coburg,completed
1333,2025-11-16,1,28,23.18,0.065,supermarket,wholesale,Bayreuth,completed
1334,2025-11-16,4,86,22.77,0.075,event_catering,direct,Coburg,completed
1335,2025-11-16,6,74,24.20,0.120,beverage_wholesaler,wholesale,Bamberg,completed
1336,2025-11-16,8,81,24.27,0.135,beverage_wholesaler,wholesale,Bayreuth,completed
1337,2025-11-16,6,24,24.48,0.030,restaurant,direct,Bayreuth,completed
1338,2025-11-16,7,65,32.26,0.115,beverage_wholesaler,wholesale,Coburg,completed
1339,2025-11-17,8,28,23.92,0.025,restaurant,direct,Nürnberg,completed
1340,2025-11-17,8,34,24.54,0.030,restaurant,direct,Marktredwitz,completed
1341,2025-11-17,1,26,22.70,0.030,restaurant,direct,Bayreuth,completed
1342,2025-11-17,2,89,24.86,0.135,beverage_wholesaler,wholesale,Coburg,completed
1343,2025-11-17,10,55,32.89,0.040,restaurant,direct,Kulmbach,completed
1344,2025-11-17,1,20,22.63,0.040,restaurant,direct,Bamberg,completed
1345,2025-11-17,4,25,22.40,0.040,restaurant,direct,Hof,completed
1346,2025-11-17,4,53,22.46,0.070,supermarket,wholesale,Bayreuth,completed
1347,2025-11-17,12,63,26.59,0.070,supermarket,wholesale,Kulmbach,completed
1348,2025-11-17,6,124,24.18,0.085,supermarket,wholesale,Bayreuth,completed
1349,2025-11-17,2,182,25.22,0.145,beverage_wholesaler,direct,Bayreuth,completed
1350,2025-11-17,2,28,24.78,0.025,restaurant,direct,Marktredwitz,completed
1351,2025-11-17,3,126,23.99,0.135,beverage_wholesaler,direct,Nürnberg,completed
1352,2025-11-17,3,120,23.57,0.085,supermarket,wholesale,Kulmbach,completed
1353,2025-11-17,2,11,24.70,0.030,restaurant,direct,Kulmbach,completed
1354,2025-11-17,1,25,22.71,0.040,bar,direct,Marktredwitz,completed
1355,2025-11-17,12,246,26.57,0.150,beverage_wholesaler,wholesale,Bamberg,completed
1356,2025-11-17,6,15,24.53,0.030,restaurant,direct,Bayreuth,completed
1357,2025-11-18,1,28,23.01,0.070,supermarket,wholesale,Nürnberg,completed
1358,2025-11-18,2,28,24.87,0.030,restaurant,direct,Bayreuth,completed
1359,2025-11-18,10,16,33.23,0.030,restaurant,direct,Bayreuth,completed
1360,2025-11-18,3,100,23.69,0.135,beverage_wholesaler,wholesale,Bayreuth,completed
1361,2025-11-18,2,22,25.24,0.025,restaurant,wholesale,Hof,completed
1362,2025-11-18,10,144,32.83,0.145,beverage_wholesaler,wholesale,Marktredwitz,completed
1363,2025-11-18,2,51,24.67,0.040,bar,wholesale,Bayreuth,completed
1364,2025-11-18,5,71,21.72,0.070,supermarket,direct,Bayreuth,completed
1365,2025-11-18,10,34,32.46,0.030,restaurant,wholesale,Bamberg,completed
1366,2025-11-18,1,176,22.72,0.150,beverage_wholesaler,wholesale,Bayreuth,completed
1367,2025-11-18,2,43,24.89,0.080,supermarket,wholesale,Bayreuth,completed
1368,2025-11-18,1,70,23.05,0.130,beverage_wholesaler,wholesale,Nürnberg,completed
1369,2025-11-19,8,39,23.88,0.070,supermarket,direct,Bamberg,completed
1370,2025-11-19,3,19,24.00,0.025,restaurant,direct,Bayreuth,completed
1371,2025-11-19,6,23,24.52,0.040,restaurant,direct,Hof,completed
1372,2025-11-19,6,65,24.51,0.120,beverage_wholesaler,wholesale,Kulmbach,completed
1373,2025-11-19,10,22,32.76,0.030,restaurant,direct,Nürnberg,completed
1374,2025-11-19,2,19,25.27,0.040,bar,direct,Nürnberg,completed
1375,2025-11-19,5,37,21.98,0.040,bar,direct,Bayreuth,completed
1376,2025-11-19,5,38,22.08,0.040,bar,wholesale,Coburg,completed
1377,2025-11-19,1,75,23.19,0.115,beverage_wholesaler,wholesale,Bamberg,completed
1378,2025-11-19,6,112,24.51,0.135,beverage_wholesaler,wholesale,Marktredwitz,completed
1379,2025-11-19,2,80,25.07,0.085,supermarket,wholesale,Bayreuth,completed
1380,2025-11-19,2,69,24.85,0.065,supermarket,direct,Kulmbach,completed
1381,2025-11-19,1,29,23.08,0.040,bar,direct,Bamberg,completed
1382,2025-11-19,7,19,31.60,0.040,bar,wholesale,Bayreuth,completed
1383,2025-11-19,2,71,24.90,0.065,supermarket,wholesale,Bamberg,completed
1384,2025-11-20,2,132,25.13,0.135,beverage_wholesaler,wholesale,Bayreuth,completed
1385,2025-11-20,4,88,22.49,0.135,beverage_wholesaler,wholesale,Bamberg,completed
1386,2025-11-20,3,68,24.25,0.060,event_catering,wholesale,Bayreuth,completed
1387,2025-11-20,7,107,31.62,0.135,beverage_wholesaler,wholesale,Hof,completed
1388,2025-11-20,3,70,24.20,0.065,supermarket,wholesale,Kulmbach,completed
1389,2025-11-20,2,63,24.98,0.070,supermarket,direct,Nürnberg,completed
1390,2025-11-20,8,41,24.05,0.025,restaurant,direct,Nürnberg,completed
1391,2025-11-20,9,33,25.66,0.050,bar,direct,Bamberg,completed
1392,2025-11-20,1,17,22.84,0.030,restaurant,wholesale,Nürnberg,completed
1393,2025-11-20,2,58,25.15,0.070,supermarket,wholesale,Coburg,completed
1394,2025-11-20,3,22,23.91,0.040,bar,wholesale,Bamberg,completed
1395,2025-11-20,10,30,32.49,0.035,bar,direct,Coburg,completed
1396,2025-11-20,2,25,25.10,0.030,restaurant,direct,Bamberg,completed
1397,2025-11-20,5,20,21.85,0.040,restaurant,wholesale,Bamberg,completed
1398,2025-11-20,9,40,25.52,0.065,supermarket,wholesale,Marktredwitz,completed
1399,2025-11-20,4,27,22.25,0.025,restaurant,direct,Kulmbach,completed
1400,2025-11-20,1,32,22.97,0.040,bar,direct,Nürnberg,completed
1401,2025-11-20,8,48,24.36,0.070,supermarket,wholesale,Nürnberg,completed
1402,2025-11-20,6,241,24.70,0.160,beverage_wholesaler,wholesale,Bamberg,completed
1403,2025-11-20,5,125,21.63,0.145,beverage_wholesaler,wholesale,Kulmbach,completed
1404,2025-11-21,6,63,24.60,0.070,supermarket,wholesale,Bayreuth,completed
1405,2025-11-21,2,74,25.20,0.065,supermarket,direct,Marktredwitz,completed
1406,2025-11-21,5,56,22.22,0.070,supermarket,wholesale,Nürnberg,completed
1407,2025-11-21,8,91,24.23,0.085,supermarket,wholesale,Bayreuth,completed
1408,2025-11-21,5,19,21.58,0.030,restaurant,direct,Nürnberg,completed
1409,2025-11-21,1,43,22.79,0.065,supermarket,wholesale,Nürnberg,completed
1410,2025-11-21,3,70,24.15,0.120,beverage_wholesaler,wholesale,Hof,completed
1411,2025-11-21,1,153,22.82,0.145,beverage_wholesaler,wholesale,Coburg,completed
1412,2025-11-21,8,25,24.43,0.030,restaurant,wholesale,Coburg,completed
1413,2025-11-21,1,128,22.61,0.135,beverage_wholesaler,wholesale,Bayreuth,completed
1414,2025-11-21,3,69,24.17,0.120,beverage_wholesaler,wholesale,Bayreuth,completed
1415,2025-11-21,3,75,23.86,0.080,supermarket,wholesale,Bayreuth,completed
1416,2025-11-21,10,59,33.07,0.040,restaurant,direct,Marktredwitz,completed
1417,2025-11-21,10,200,33.32,0.110,supermarket,wholesale,Bayreuth,cancelled
1418,2025-11-21,8,66,23.98,0.060,event_catering,direct,Bayreuth,completed
1419,2025-11-21,3,35,23.62,0.040,restaurant,direct,Marktredwitz,completed
1420,2025-11-21,10,25,32.57,0.025,restaurant,direct,Coburg,completed
1421,2025-11-21,12,24,26.96,0.035,bar,direct,Coburg,completed
1422,2025-11-21,7,20,32.12,0.030,restaurant,direct,Bayreuth,completed
1423,2025-11-21,2,23,24.70,0.030,restaurant,direct,Coburg,completed
1424,2025-11-21,1,16,23.01,0.040,restaurant,direct,Bamberg,completed
1425,2025-11-21,1,24,23.12,0.025,restaurant,direct,Bayreuth,completed
1426,2025-11-21,1,74,23.10,0.080,supermarket,wholesale,Marktredwitz,completed
1427,2025-11-21,2,162,25.16,0.150,beverage_wholesaler,wholesale,Coburg,completed
1428,2025-11-21,2,38,24.83,0.050,bar,direct,Bayreuth,completed
1429,2025-11-22,1,17,22.57,0.040,bar,wholesale,Nürnberg,completed
1430,2025-11-22,3,28,23.95,0.060,event_catering,direct,Nürnberg,cancelled
1431,2025-11-22,4,62,22.57,0.055,event_catering,direct,Nürnberg,completed
1432,2025-11-22,10,19,33.35,0.030,restaurant,direct,Bayreuth,completed
1433,2025-11-22,7,140,32.04,0.135,beverage_wholesaler,wholesale,Bamberg,completed
1434,2025-11-22,5,89,21.87,0.130,beverage_wholesaler,wholesale,Nürnberg,completed
1435,2025-11-22,3,57,23.93,0.070,supermarket,wholesale,Bamberg,cancelled
1436,2025-11-22,3,26,23.90,0.070,event_catering,direct,Bamberg,completed
1437,2025-11-22,10,31,33.23,0.030,restaurant,direct,Nürnberg,completed
1438,2025-11-22,1,27,22.56,0.025,restaurant,direct,Marktredwitz,completed
1439,2025-11-22,7,244,32.14,0.150,beverage_wholesaler,wholesale,Kulmbach,completed
1440,2025-11-22,1,33,22.68,0.035,bar,wholesale,Bamberg,completed
1441,2025-11-22,4,28,22.40,0.040,bar,direct,Bayreuth,completed
1442,2025-11-22,1,66,23.10,0.070,supermarket,wholesale,Nürnberg,completed
1443,2025-11-23,11,22,23.52,0.060,event_catering,direct,Kulmbach,completed
1444,2025-11-23,4,18,22.18,0.030,restaurant,direct,Marktredwitz,completed
1445,2025-11-23,5,25,22.08,0.070,event_catering,direct,Marktredwitz,completed
1446,2025-11-23,6,19,24.52,0.030,restaurant,direct,Kulmbach,completed
1447,2025-11-23,9,16,25.74,0.040,bar,wholesale,Bayreuth,completed
1448,2025-11-23,1,19,22.88,0.040,restaurant,direct,Bayreuth,completed
1449,2025-11-23,9,6,25.73,0.030,restaurant,direct,Bamberg,completed
1450,2025-11-23,3,113,23.58,0.130,beverage_wholesaler,wholesale,Bayreuth,completed
1451,2025-11-23,1,75,22.83,0.070,supermarket,direct,Bayreuth,completed
1452,2025-11-23,8,14,24.20,0.065,supermarket,wholesale,Coburg,completed
1453,2025-11-23,1,47,23.23,0.070,supermarket,wholesale,Kulmbach,completed
1454,2025-11-23,3,24,23.75,0.065,supermarket,wholesale,Hof,completed
1455,2025-11-23,1,34,22.96,0.070,supermarket,wholesale,Bayreuth,completed
1456,2025-11-24,7,16,32.11,0.050,bar,direct,Nürnberg,completed
1457,2025-11-24,9,155,25.92,0.150,beverage_wholesaler,wholesale,Bayreuth,completed
1458,2025-11-24,8,46,24.29,0.070,supermarket,wholesale,Hof,completed
1459,2025-11-24,4,95,22.65,0.135,beverage_wholesaler,wholesale,Coburg,completed
1460,2025-11-24,4,13,22.77,0.030,restaurant,direct,Bamberg,completed
1461,2025-11-24,6,104,24.82,0.130,beverage_wholesaler,wholesale,Kulmbach,completed
1462,2025-11-24,7,42,31.65,0.065,supermarket,wholesale,Hof,completed
1463,2025-11-24,11,118,23.63,0.145,beverage_wholesaler,wholesale,Nürnberg,completed
1464,2025-11-24,6,159,24.25,0.150,beverage_wholesaler,wholesale,Marktredwitz,completed
1465,2025-11-24,1,13,23.01,0.030,restaurant,direct,Bamberg,completed
1466,2025-11-24,2,11,25.12,0.030,restaurant,direct,Nürnberg,completed
1467,2025-11-24,2,24,24.69,0.050,bar,direct,Marktredwitz,completed
1468,2025-11-24,2,21,24.98,0.070,event_catering,direct,Nürnberg,completed
1469,2025-11-24,9,54,25.85,0.070,supermarket,wholesale,Coburg,completed
1470,2025-11-24,8,30,23.94,0.070,supermarket,direct,Nürnberg,completed
1471,2025-11-24,1,39,22.93,0.070,supermarket,direct,Bayreuth,completed
1472,2025-11-24,6,27,24.45,0.035,bar,direct,Nürnberg,completed
1473,2025-11-24,7,93,31.80,0.130,beverage_wholesaler,wholesale,Coburg,completed
1474,2025-11-25,8,30,24.32,0.030,restaurant,direct,Nürnberg,completed
1475,2025-11-25,4,50,22.22,0.050,bar,direct,Coburg,completed
1476,2025-11-25,3,79,23.69,0.070,supermarket,wholesale,Bayreuth,completed
1477,2025-11-25,4,118,22.68,0.130,beverage_wholesaler,wholesale,Bamberg,completed
1478,2025-11-25,10,23,33.16,0.035,bar,direct,Bayreuth,completed
1479,2025-11-25,1,62,22.70,0.070,supermarket,wholesale,Nürnberg,completed
1480,2025-11-25,2,58,24.66,0.070,supermarket,wholesale,Nürnberg,completed
1481,2025-11-25,4,62,22.26,0.070,supermarket,wholesale,Kulmbach,completed
1482,2025-11-25,7,260,32.20,0.150,beverage_wholesaler,wholesale,Nürnberg,completed
1483,2025-11-25,5,31,21.90,0.055,event_catering,direct,Nürnberg,completed
1484,2025-11-25,2,45,24.93,0.060,event_catering,direct,Bayreuth,completed
1485,2025-11-25,2,16,25.22,0.040,restaurant,direct,Coburg,completed
1486,2025-11-25,4,10,22.46,0.030,restaurant,direct,Bayreuth,completed
1487,2025-11-25,3,38,23.79,0.040,bar,wholesale,Nürnberg,completed
1488,2025-11-25,6,56,24.16,0.120,beverage_wholesaler,wholesale,Nürnberg,completed
1489,2025-11-25,11,32,23.41,0.050,bar,direct,Coburg,completed
1490,2025-11-25,7,35,32.23,0.040,restaurant,direct,Bamberg,completed
1491,2025-11-25,8,103,24.24,0.135,beverage_wholesaler,wholesale,Bayreuth,completed
1492,2025-11-25,1,59,22.75,0.080,supermarket,wholesale,Bayreuth,completed
1493,2025-11-26,1,27,22.73,0.040,bar,direct,Bayreuth,completed
1494,2025-11-26,10,23,32.89,0.030,restaurant,direct,Bayreuth,completed
1495,2025-11-26,1,20,23.02,0.025,restaurant,direct,Bayreuth,completed
1496,2025-11-26,2,61,24.98,0.070,supermarket,wholesale,Bamberg,completed
1497,2025-11-26,9,76,25.57,0.060,event_catering,direct,Marktredwitz,completed
1498,2025-11-26,4,95,22.81,0.135,beverage_wholesaler,wholesale,Nürnberg,completed
1499,2025-11-26,4,21,22.19,0.030,restaurant,direct,Bayreuth,completed
1500,2025-11-26,5,34,21.95,0.030,restaurant,direct,Hof,completed
1501,2025-11-26,1,70,23.11,0.120,beverage_wholesaler,wholesale,Kulmbach,completed
1502,2025-11-27,2,10,25.03,0.025,restaurant,direct,Bayreuth,completed
1503,2025-11-27,4,146,22.73,0.145,beverage_wholesaler,wholesale,Marktredwitz,completed
1504,2025-11-27,4,14,22.61,0.030,restaurant,direct,Bayreuth,completed
1505,2025-11-27,9,102,25.69,0.085,supermarket,wholesale,Bayreuth,completed
1506,2025-11-27,10,104,33.29,0.085,supermarket,wholesale,Nürnberg,completed
1507,2025-11-27,4,23,22.18,0.025,restaurant,direct,Coburg,completed
1508,2025-11-27,2,59,24.86,0.070,supermarket,wholesale,Kulmbach,completed
1509,2025-11-27,5,53,22.18,0.080,supermarket,wholesale,Marktredwitz,completed
1510,2025-11-27,3,15,24.15,0.030,restaurant,direct,Nürnberg,completed
1511,2025-11-27,6,125,24.33,0.080,supermarket,wholesale,Bayreuth,completed
1512,2025-11-27,4,84,22.61,0.095,supermarket,wholesale,Bamberg,completed
1513,2025-11-27,2,65,24.61,0.050,bar,direct,Nürnberg,completed
1514,2025-11-27,4,103,22.54,0.080,supermarket,wholesale,Bayreuth,completed
1515,2025-11-27,5,42,21.69,0.040,restaurant,wholesale,Marktredwitz,completed
1516,2025-11-27,2,54,25.06,0.060,event_catering,direct,Nürnberg,completed
1517,2025-11-27,1,25,22.63,0.040,bar,wholesale,Bamberg,completed
1518,2025-11-27,9,23,25.51,0.040,bar,wholesale,Hof,cancelled
1519,2025-11-27,3,125,24.17,0.135,beverage_wholesaler,wholesale,Bayreuth,completed
1520,2025-11-27,8,53,23.85,0.080,supermarket,wholesale,Marktredwitz,completed
1521,2025-11-27,1,13,23.00,0.025,restaurant,wholesale,Marktredwitz,completed
1522,2025-11-27,2,21,24.78,0.030,restaurant,direct,Bamberg,cancelled
1523,2025-11-28,2,33,24.88,0.040,bar,wholesale,Bayreuth,completed
1524,2025-11-28,4,77,22.67,0.055,event_catering,direct,Bayreuth,completed
1525,2025-11-28,10,69,32.67,0.060,event_catering,direct,Nürnberg,completed
1526,2025-11-28,2,107,24.99,0.145,beverage_wholesaler,wholesale,Bayreuth,completed
1527,2025-11-28,8,56,24.06,0.080,supermarket,wholesale,Nürnberg,completed
1528,2025-11-28,2,50,25.03,0.065,supermarket,wholesale,Coburg,completed
1529,2025-11-28,7,52,31.53,0.070,supermarket,wholesale,Kulmbach,completed
1530,2025-11-28,6,177,24.28,0.160,beverage_wholesaler,wholesale,Bayreuth,completed
1531,2025-11-28,4,95,22.42,0.135,beverage_wholesaler,wholesale,Bayreuth,completed
1532,2025-11-28,8,78,24.28,0.065,supermarket,wholesale,Nürnberg,completed
1533,2025-11-28,1,13,23.08,0.050,bar,wholesale,Bamberg,completed
1534,2025-11-28,2,57,25.13,0.065,supermarket,wholesale,Hof,completed
1535,2025-11-29,2,16,24.76,0.040,restaurant,direct,Bayreuth,completed
1536,2025-11-29,1,10,23.24,0.040,restaurant,wholesale,Bayreuth,completed
1537,2025-11-29,6,115,24.86,0.095,supermarket,direct,Bayreuth,completed
1538,2025-11-29,11,20,23.80,0.030,restaurant,direct,Nürnberg,completed
1539,2025-11-29,9,136,26.08,0.135,beverage_wholesaler,wholesale,Hof,completed
1540,2025-11-29,8,62,24.34,0.070,supermarket,direct,Bayreuth,completed
1541,2025-11-29,3,81,24.22,0.085,supermarket,wholesale,Bamberg,completed
1542,2025-11-29,2,54,24.56,0.070,supermarket,wholesale,Nürnberg,completed
1543,2025-11-29,6,26,24.75,0.040,bar,direct,Kulmbach,completed
1544,2025-11-29,12,17,27.05,0.040,restaurant,wholesale,Marktredwitz,completed
1545,2025-11-29,8,29,24.31,0.030,restaurant,direct,Bamberg,completed
1546,2025-11-29,9,25,26.21,0.030,restaurant,direct,Bayreuth,completed
1547,2025-11-29,1,84,22.58,0.085,supermarket,wholesale,Hof,completed
1548,2025-11-29,4,13,22.39,0.030,restaurant,direct,Nürnberg,completed
1549,2025-11-29,7,26,32.11,0.030,restaurant,direct,Marktredwitz,completed
1550,2025-11-29,9,26,25.71,0.040,bar,direct,Coburg,completed
1551,2025-11-29,4,37,22.31,0.035,bar,direct,Bayreuth,completed
1552,2025-11-30,10,133,32.98,0.080,supermarket,wholesale,Nürnberg,returned
1553,2025-11-30,8,95,24.19,0.135,beverage_wholesaler,wholesale,Coburg,completed
1554,2025-11-30,7,14,32.25,0.030,restaurant,direct,Coburg,returned
1555,2025-11-30,1,29,23.00,0.055,event_catering,direct,Nürnberg,completed
1556,2025-11-30,1,21,23.19,0.040,restaurant,wholesale,Nürnberg,completed
1557,2025-11-30,10,24,32.53,0.030,restaurant,direct,Bayreuth,completed
1558,2025-11-30,1,21,22.82,0.040,restaurant,direct,Coburg,completed
1559,2025-11-30,10,132,32.49,0.130,beverage_wholesaler,wholesale,Nürnberg,completed
1560,2025-12-01,1,37,22.56,0.030,restaurant,direct,Hof,completed
1561,2025-12-01,3,45,23.85,0.040,bar,direct,Hof,cancelled
1562,2025-12-01,1,102,23.15,0.055,bar,wholesale,Bayreuth,completed
1563,2025-12-01,12,107,26.71,0.130,beverage_wholesaler,wholesale,Marktredwitz,completed
1564,2025-12-01,5,50,21.76,0.070,supermarket,wholesale,Kulmbach,completed
1565,2025-12-01,1,97,22.72,0.080,supermarket,wholesale,Nürnberg,completed
1566,2025-12-01,4,126,22.18,0.135,beverage_wholesaler,wholesale,Nürnberg,completed
1567,2025-12-01,5,35,21.66,0.040,bar,wholesale,Coburg,completed
1568,2025-12-01,6,44,24.41,0.040,bar,direct,Coburg,completed
1569,2025-12-01,12,264,27.13,0.150,beverage_wholesaler,wholesale,Hof,completed
1570,2025-12-01,4,51,22.49,0.060,event_catering,direct,Bayreuth,completed
1571,2025-12-01,8,29,24.28,0.030,restaurant,wholesale,Nürnberg,completed
1572,2025-12-01,1,108,22.61,0.080,supermarket,wholesale,Bayreuth,completed
1573,2025-12-01,7,21,32.21,0.060,event_catering,direct,Coburg,completed
1574,2025-12-01,2,86,24.63,0.080,supermarket,wholesale,Coburg,completed
1575,2025-12-01,1,153,22.71,0.160,beverage_wholesaler,wholesale,Nürnberg,completed
1576,2025-12-01,1,44,23.24,0.050,bar,wholesale,Bayreuth,completed
1577,2025-12-01,10,78,32.92,0.080,supermarket,wholesale,Coburg,completed
1578,2025-12-01,7,21,31.49,0.040,restaurant,direct,Nürnberg,completed
1579,2025-12-01,1,71,22.95,0.060,event_catering,direct,Hof,cancelled
1580,2025-12-01,1,162,22.85,0.150,beverage_wholesaler,wholesale,Coburg,completed
1581,2025-12-01,9,26,25.67,0.040,bar,direct,Marktredwitz,completed
1582,2025-12-02,3,51,24.09,0.080,supermarket,wholesale,Coburg,completed
1583,2025-12-02,4,38,22.71,0.060,event_catering,wholesale,Hof,completed
1584,2025-12-02,2,82,25.02,0.130,beverage_wholesaler,wholesale,Bayreuth,completed
1585,2025-12-02,2,23,24.78,0.030,restaurant,direct,Coburg,completed
1586,2025-12-02,12,22,26.65,0.040,restaurant,wholesale,Coburg,completed
1587,2025-12-02,10,78,32.72,0.060,event_catering,wholesale,Coburg,completed
1588,2025-12-02,9,121,25.77,0.135,beverage_wholesaler,wholesale,Nürnberg,completed
1589,2025-12-02,3,57,23.80,0.060,event_catering,direct,Nürnberg,completed
1590,2025-12-02,6,27,24.21,0.030,restaurant,direct,Coburg,completed
1591,2025-12-02,6,81,24.65,0.135,beverage_wholesaler,wholesale,Nürnberg,completed
1592,2025-12-02,6,60,24.36,0.070,supermarket,wholesale,Bayreuth,completed
1593,2025-12-02,12,128,26.85,0.075,event_catering,direct,Nürnberg,completed
1594,2025-12-02,1,48,22.61,0.070,supermarket,wholesale,Coburg,completed
1595,2025-12-02,10,199,32.74,0.145,beverage_wholesaler,wholesale,Bayreuth,completed
1596,2025-12-02,4,103,22.53,0.130,beverage_wholesaler,wholesale,Bayreuth,completed
1597,2025-12-02,1,35,22.59,0.070,supermarket,wholesale,Kulmbach,cancelled
1598,2025-12-02,2,84,24.62,0.080,supermarket,wholesale,Bayreuth,completed
1599,2025-12-03,6,44,24.69,0.070,supermarket,wholesale,Coburg,completed
1600,2025-12-03,3,81,23.95,0.095,supermarket,direct,Bayreuth,completed
1601,2025-12-03,3,67,24.26,0.070,supermarket,wholesale,Bayreuth,completed
1602,2025-12-03,2,17,25.17,0.030,restaurant,direct,Coburg,completed
1603,2025-12-03,9,50,25.57,0.070,supermarket,wholesale,Hof,completed
1604,2025-12-03,2,19,24.96,0.040,bar,direct,Coburg,completed
1605,2025-12-03,2,54,24.58,0.070,supermarket,wholesale,Hof,completed
1606,2025-12-03,3,31,24.00,0.030,restaurant,direct,Coburg,completed
1607,2025-12-03,1,28,22.98,0.040,bar,wholesale,Bayreuth,completed
1608,2025-12-03,10,18,32.96,0.035,bar,direct,Marktredwitz,cancelled
1609,2025-12-04,4,47,22.31,0.070,supermarket,wholesale,Bayreuth,completed
1610,2025-12-04,1,33,22.60,0.030,restaurant,direct,Nürnberg,completed
1611,2025-12-04,4,16,22.46,0.030,restaurant,direct,Nürnberg,completed
1612,2025-12-04,5,13,21.95,0.030,restaurant,wholesale,Kulmbach,completed
1613,2025-12-04,3,27,24.20,0.030,restaurant,wholesale,Nürnberg,completed
1614,2025-12-04,1,69,22.75,0.065,supermarket,wholesale,Coburg,completed
1615,2025-12-04,4,11,22.16,0.030,restaurant,direct,Bayreuth,completed
1616,2025-12-04,10,29,33.05,0.040,bar,wholesale,Bayreuth,completed
1617,2025-12-04,1,154,23.02,0.150,beverage_wholesaler,wholesale,Hof,completed
1618,2025-12-04,12,16,26.67,0.030,restaurant,direct,Nürnberg,completed
1619,2025-12-04,1,97,22.58,0.085,supermarket,wholesale,Coburg,completed
1620,2025-12-04,1,21,22.79,0.030,restaurant,direct,Kulmbach,completed
1621,2025-12-04,3,133,24.03,0.135,beverage_wholesaler,direct,Bamberg,completed
1622,2025-12-04,8,10,24.46,0.030,restaurant,direct,Nürnberg,completed
1623,2025-12-04,8,26,24.43,0.065,supermarket,wholesale,Bayreuth,completed
1624,2025-12-04,8,21,23.85,0.040,restaurant,direct,Nürnberg,completed
1625,2025-12-04,3,215,23.82,0.150,beverage_wholesaler,wholesale,Marktredwitz,completed
1626,2025-12-04,3,23,24.10,0.030,restaurant,direct,Bamberg,completed
1627,2025-12-04,3,19,24.06,0.030,restaurant,direct,Marktredwitz,completed
1628,2025-12-04,1,28,22.62,0.040,bar,direct,Nürnberg,cancelled
1629,2025-12-05,10,126,32.63,0.085,supermarket,wholesale,Marktredwitz,completed
1630,2025-12-05,2,243,24.55,0.160,beverage_wholesaler,wholesale,Hof,cancelled
1631,2025-12-05,3,220,23.78,0.160,beverage_wholesaler,wholesale,Hof,completed
1632,2025-12-05,2,133,24.95,0.135,beverage_wholesaler,wholesale,Hof,returned
1633,2025-12-05,8,25,23.99,0.050,bar,direct,Nürnberg,completed
1634,2025-12-05,4,70,22.78,0.035,bar,direct,Kulmbach,completed
1635,2025-12-05,6,41,24.27,0.050,bar,direct,Hof,completed
1636,2025-12-05,1,60,22.74,0.070,supermarket,direct,Marktredwitz,completed
1637,2025-12-05,11,48,23.71,0.040,bar,direct,Marktredwitz,completed
1638,2025-12-05,10,37,32.63,0.040,restaurant,direct,Hof,completed
1639,2025-12-05,7,23,32.12,0.030,restaurant,wholesale,Nürnberg,completed
1640,2025-12-05,2,149,24.85,0.085,supermarket,wholesale,Kulmbach,completed
1641,2025-12-05,6,42,24.28,0.050,bar,wholesale,Coburg,completed
1642,2025-12-05,7,63,31.63,0.060,event_catering,direct,Nürnberg,completed
1643,2025-12-05,2,56,24.73,0.070,supermarket,wholesale,Bamberg,completed
1644,2025-12-05,3,46,23.59,0.055,event_catering,direct,Nürnberg,completed
1645,2025-12-05,1,108,22.60,0.085,supermarket,wholesale,Nürnberg,completed
1646,2025-12-05,3,164,24.04,0.145,beverage_wholesaler,wholesale,Bayreuth,completed
1647,2025-12-05,6,210,24.41,0.150,beverage_wholesaler,wholesale,Bamberg,completed
1648,2025-12-05,10,121,33.18,0.095,supermarket,wholesale,Kulmbach,completed
1649,2025-12-05,10,102,32.55,0.075,event_catering,direct,Kulmbach,completed
1650,2025-12-05,6,287,24.13,0.150,beverage_wholesaler,wholesale,Bayreuth,completed
1651,2025-12-05,9,103,25.84,0.085,supermarket,wholesale,Coburg,completed
1652,2025-12-05,10,42,32.59,0.025,restaurant,wholesale,Kulmbach,completed
1653,2025-12-05,1,44,22.57,0.030,restaurant,direct,Bamberg,completed
1654,2025-12-05,9,52,26.04,0.035,bar,direct,Coburg,completed
1655,2025-12-05,7,45,31.93,0.030,restaurant,direct,Coburg,completed
1656,2025-12-05,2,14,25.00,0.030,restaurant,direct,Bamberg,completed
1657,2025-12-05,12,118,26.64,0.075,event_catering,direct,Kulmbach,completed
1658,2025-12-05,6,104,24.74,0.055,bar,wholesale,Coburg,completed
1659,2025-12-05,9,109,25.59,0.135,beverage_wholesaler,wholesale,Bayreuth,completed
1660,2025-12-05,11,63,23.25,0.040,bar,direct,Coburg,completed
1661,2025-12-05,6,152,24.30,0.160,beverage_wholesaler,wholesale,Bayreuth,completed
1662,2025-12-06,7,71,31.85,0.060,event_catering,wholesale,Bayreuth,completed
1663,2025-12-06,8,28,23.95,0.030,restaurant,direct,Hof,completed
1664,2025-12-06,10,43,33.05,0.025,restaurant,direct,Nürnberg,completed
1665,2025-12-06,1,76,23.10,0.070,supermarket,wholesale,Bayreuth,returned
1666,2025-12-06,8,74,24.54,0.065,supermarket,wholesale,Kulmbach,completed
1667,2025-12-06,9,93,25.98,0.085,supermarket,wholesale,Kulmbach,completed
1668,2025-12-06,4,50,22.29,0.040,bar,direct,Bayreuth,completed
1669,2025-12-06,9,40,25.72,0.040,restaurant,direct,Bayreuth,completed
1670,2025-12-06,1,252,22.77,0.150,beverage_wholesaler,wholesale,Kulmbach,completed
1671,2025-12-06,6,32,24.32,0.040,bar,direct,Nürnberg,completed
1672,2025-12-06,2,18,25.25,0.040,restaurant,direct,Kulmbach,completed
1673,2025-12-06,1,84,22.95,0.075,event_catering,direct,Bamberg,completed
1674,2025-12-06,4,17,22.27,0.030,restaurant,direct,Kulmbach,completed
1675,2025-12-06,12,52,27.00,0.025,restaurant,direct,Kulmbach,completed
1676,2025-12-06,10,42,33.37,0.040,bar,wholesale,Kulmbach,completed
1677,2025-12-06,2,123,24.98,0.075,event_catering,wholesale,Kulmbach,completed
1678,2025-12-06,2,198,24.96,0.100,supermarket,wholesale,Hof,completed
1679,2025-12-06,1,42,22.59,0.040,bar,direct,Bamberg,completed
1680,2025-12-07,1,122,23.08,0.145,beverage_wholesaler,wholesale,Nürnberg,completed
1681,2025-12-07,2,134,24.88,0.135,beverage_wholesaler,wholesale,Kulmbach,completed
1682,2025-12-07,1,16,22.82,0.030,restaurant,direct,Bayreuth,completed
1683,2025-12-07,1,18,22.92,0.030,restaurant,direct,Bayreuth,completed
1684,2025-12-07,9,114,26.27,0.095,supermarket,wholesale,Nürnberg,completed
1685,2025-12-07,7,22,31.80,0.030,restaurant,direct,Bayreuth,completed
1686,2025-12-07,1,35,22.58,0.060,event_catering,direct,Nürnberg,completed
1687,2025-12-07,2,18,25.06,0.050,bar,wholesale,Bayreuth,completed
1688,2025-12-07,8,59,24.41,0.065,supermarket,wholesale,Nürnberg,returned
1689,2025-12-07,5,60,21.67,0.120,beverage_wholesaler,wholesale,Coburg,completed
1690,2025-12-07,10,51,32.70,0.070,supermarket,wholesale,Bamberg,completed
1691,2025-12-07,9,36,25.84,0.030,restaurant,direct,Hof,completed
1692,2025-12-08,1,19,22.60,0.040,restaurant,direct,Bayreuth,completed
1693,2025-12-08,10,27,32.75,0.035,bar,direct,Bamberg,completed
1694,2025-12-08,6,106,24.80,0.135,beverage_wholesaler,wholesale,Bayreuth,completed
1695,2025-12-08,2,17,24.56,0.040,bar,direct,Bamberg,completed
1696,2025-12-08,8,33,24.53,0.060,event_catering,direct,Hof,completed
1697,2025-12-08,4,39,22.61,0.030,restaurant,direct,Kulmbach,completed
1698,2025-12-08,4,71,22.44,0.060,event_catering,wholesale,Coburg,completed
1699,2025-12-08,2,48,24.93,0.060,event_catering,direct,Bayreuth,completed
1700,2025-12-08,3,40,24.10,0.065,supermarket,wholesale,Nürnberg,completed
1701,2025-12-08,10,108,32.89,0.085,supermarket,wholesale,Nürnberg,completed
1702,2025-12-08,2,69,24.56,0.115,beverage_wholesaler,direct,Bayreuth,completed
1703,2025-12-08,8,68,24.27,0.070,supermarket,wholesale,Hof,completed
1704,2025-12-09,1,67,22.96,0.120,beverage_wholesaler,wholesale,Bayreuth,completed
1705,2025-12-09,8,51,24.55,0.030,restaurant,direct,Bayreuth,completed
1706,2025-12-09,4,133,22.79,0.130,beverage_wholesaler,wholesale,Bayreuth,completed
1707,2025-12-09,3,216,23.59,0.150,beverage_wholesaler,wholesale,Bayreuth,completed
1708,2025-12-09,2,152,25.00,0.160,beverage_wholesaler,wholesale,Bamberg,completed
1709,2025-12-09,2,65,25.21,0.070,supermarket,wholesale,Kulmbach,completed
1710,2025-12-09,4,14,22.60,0.030,restaurant,wholesale,Kulmbach,completed
1711,2025-12-09,1,32,22.96,0.030,restaurant,direct,Kulmbach,completed
1712,2025-12-09,2,126,24.66,0.095,supermarket,wholesale,Bayreuth,completed
1713,2025-12-09,4,141,22.39,0.130,beverage_wholesaler,wholesale,Bayreuth,completed
1714,2025-12-09,9,13,26.06,0.030,restaurant,wholesale,Nürnberg,completed
1715,2025-12-09,1,23,23.05,0.030,restaurant,wholesale,Coburg,completed
1716,2025-12-09,12,85,26.71,0.085,supermarket,wholesale,Nürnberg,completed
1717,2025-12-09,9,67,25.65,0.070,event_catering,wholesale,Hof,completed
1718,2025-12-09,4,110,22.59,0.095,supermarket,direct,Nürnberg,completed
1719,2025-12-10,4,40,22.80,0.050,bar,direct,Nürnberg,completed
1720,2025-12-10,1,199,22.96,0.160,beverage_wholesaler,wholesale,Coburg,completed
1721,2025-12-10,6,71,24.15,0.065,supermarket,wholesale,Bamberg,completed
1722,2025-12-10,8,37,24.52,0.040,bar,direct,Hof,completed
1723,2025-12-10,10,29,33.28,0.030,restaurant,direct,Kulmbach,completed
1724,2025-12-10,7,32,32.16,0.025,restaurant,direct,Kulmbach,completed
1725,2025-12-10,9,93,26.28,0.080,supermarket,direct,Bamberg,completed
1726,2025-12-10,8,63,24.20,0.070,supermarket,direct,Kulmbach,completed
1727,2025-12-10,8,73,23.91,0.070,event_catering,direct,Coburg,completed
1728,2025-12-10,1,82,22.69,0.135,beverage_wholesaler,wholesale,Bayreuth,completed
1729,2025-12-10,4,42,22.47,0.030,restaurant,wholesale,Nürnberg,completed
1730,2025-12-10,10,153,33.35,0.110,supermarket,wholesale,Kulmbach,completed
1731,2025-12-10,6,57,24.60,0.070,supermarket,wholesale,Bamberg,completed
1732,2025-12-10,2,158,24.84,0.145,beverage_wholesaler,wholesale,Hof,completed
1733,2025-12-11,1,67,22.95,0.070,supermarket,wholesale,Nürnberg,completed
1734,2025-12-11,6,41,24.59,0.065,supermarket,wholesale,Bayreuth,completed
1735,2025-12-11,2,82,25.04,0.085,supermarket,wholesale,Nürnberg,completed
1736,2025-12-11,2,37,24.61,0.040,bar,direct,Marktredwitz,completed
1737,2025-12-11,3,60,23.62,0.065,supermarket,wholesale,Marktredwitz,completed
1738,2025-12-11,2,88,25.13,0.080,supermarket,wholesale,Bayreuth,completed
1739,2025-12-11,12,20,26.53,0.040,restaurant,direct,Coburg,completed
1740,2025-12-11,4,53,22.51,0.120,beverage_wholesaler,wholesale,Bayreuth,completed
1741,2025-12-11,2,145,24.75,0.145,beverage_wholesaler,wholesale,Nürnberg,completed
1742,2025-12-11,2,75,24.54,0.070,supermarket,wholesale,Hof,completed
1743,2025-12-11,1,21,23.08,0.050,bar,direct,Bayreuth,completed
1744,2025-12-11,6,114,24.32,0.130,beverage_wholesaler,wholesale,Nürnberg,completed
1745,2025-12-11,10,61,32.90,0.060,event_catering,direct,Nürnberg,completed
1746,2025-12-11,4,22,22.18,0.030,restaurant,direct,Bayreuth,completed
1747,2025-12-11,1,26,22.65,0.040,bar,direct,Nürnberg,completed
1748,2025-12-11,11,120,23.26,0.085,supermarket,wholesale,Nürnberg,completed
1749,2025-12-11,2,101,24.63,0.145,beverage_wholesaler,wholesale,Bayreuth,completed
1750,2025-12-11,1,14,22.90,0.030,restaurant,direct,Coburg,completed
1751,2025-12-11,2,82,24.65,0.085,supermarket,wholesale,Nürnberg,completed
1752,2025-12-11,4,59,22.27,0.070,supermarket,direct,Kulmbach,completed
1753,2025-12-11,3,34,24.00,0.030,restaurant,direct,Hof,completed
1754,2025-12-11,4,101,22.64,0.135,beverage_wholesaler,wholesale,Nürnberg,completed
1755,2025-12-11,1,34,22.63,0.030,restaurant,direct,Nürnberg,completed
1756,2025-12-11,4,74,22.37,0.070,supermarket,wholesale,Nürnberg,completed
1757,2025-12-12,1,55,23.12,0.030,restaurant,direct,Bayreuth,completed
1758,2025-12-12,4,31,22.21,0.025,restaurant,direct,Marktredwitz,completed
1759,2025-12-12,9,77,25.76,0.070,supermarket,wholesale,Bayreuth,completed
1760,2025-12-12,2,32,24.56,0.035,bar,wholesale,Coburg,completed
1761,2025-12-12,2,30,25.08,0.040,bar,direct,Nürnberg,completed
1762,2025-12-12,6,20,24.73,0.030,restaurant,direct,Hof,completed
1763,2025-12-12,8,19,24.41,0.035,bar,direct,Kulmbach,completed
1764,2025-12-12,4,91,22.72,0.085,supermarket,wholesale,Nürnberg,completed
1765,2025-12-12,6,35,24.26,0.030,restaurant,direct,Bayreuth,completed
1766,2025-12-12,2,103,24.80,0.070,event_catering,wholesale,Hof,completed
1767,2025-12-12,4,46,22.25,0.035,bar,direct,Hof,completed
1768,2025-12-12,1,110,22.98,0.080,supermarket,wholesale,Bayreuth,completed
1769,2025-12-12,2,162,25.20,0.160,beverage_wholesaler,wholesale,Coburg,completed
1770,2025-12-12,10,155,33.19,0.150,beverage_wholesaler,wholesale,Bamberg,completed
1771,2025-12-12,4,70,22.29,0.070,supermarket,wholesale,Coburg,completed
1772,2025-12-12,4,90,22.33,0.080,supermarket,wholesale,Kulmbach,returned
1773,2025-12-12,10,165,33.13,0.100,supermarket,direct,Bayreuth,completed
1774,2025-12-12,6,54,24.56,0.070,event_catering,direct,Nürnberg,completed
1775,2025-12-12,5,63,21.98,0.120,beverage_wholesaler,wholesale,Marktredwitz,completed
1776,2025-12-12,7,112,32.07,0.085,supermarket,wholesale,Bayreuth,completed
1777,2025-12-12,5,35,21.77,0.040,restaurant,direct,Bayreuth,completed
1778,2025-12-12,1,16,23.10,0.025,restaurant,direct,Nürnberg,completed
1779,2025-12-12,10,25,32.80,0.030,restaurant,wholesale,Kulmbach,completed
1780,2025-12-12,2,183,24.59,0.160,beverage_wholesaler,wholesale,Nürnberg,completed
1781,2025-12-13,7,36,31.60,0.050,bar,direct,Kulmbach,completed
1782,2025-12-13,6,71,24.35,0.070,supermarket,wholesale,Marktredwitz,completed
1783,2025-12-13,7,34,32.02,0.040,bar,wholesale,Bayreuth,completed
1784,2025-12-13,3,69,23.84,0.040,bar,wholesale,Coburg,completed
1785,2025-12-13,7,68,31.43,0.060,event_catering,direct,Bayreuth,completed
1786,2025-12-13,4,18,22.47,0.040,bar,direct,Marktredwitz,completed
1787,2025-12-13,10,113,32.82,0.085,supermarket,wholesale,Hof,completed
1788,2025-12-13,6,151,24.69,0.145,beverage_wholesaler,wholesale,Nürnberg,completed
1789,2025-12-13,2,172,24.93,0.100,supermarket,wholesale,Bayreuth,completed
1790,2025-12-13,10,86,33.16,0.080,supermarket,wholesale,Bamberg,completed
1791,2025-12-13,6,24,24.29,0.030,restaurant,direct,Bamberg,completed
1792,2025-12-13,2,23,25.25,0.040,restaurant,direct,Bayreuth,completed
1793,2025-12-13,1,19,23.15,0.030,restaurant,direct,Bayreuth,completed
1794,2025-12-13,4,21,22.21,0.030,restaurant,direct,Nürnberg,completed
1795,2025-12-13,2,81,25.27,0.085,supermarket,wholesale,Coburg,completed
1796,2025-12-13,7,30,32.36,0.040,restaurant,direct,Nürnberg,completed
1797,2025-12-13,1,28,22.68,0.030,restaurant,wholesale,Bayreuth,completed
1798,2025-12-13,1,44,22.59,0.065,supermarket,wholesale,Nürnberg,completed
1799,2025-12-13,2,76,24.86,0.080,supermarket,wholesale,Nürnberg,completed
1800,2025-12-13,1,39,23.17,0.070,event_catering,direct,Hof,completed
1801,2025-12-13,11,82,23.48,0.095,supermarket,wholesale,Bayreuth,completed
1802,2025-12-13,11,81,23.30,0.095,supermarket,wholesale,Bayreuth,completed
1803,2025-12-13,1,102,22.95,0.145,beverage_wholesaler,wholesale,Nürnberg,completed
1804,2025-12-13,1,34,23.10,0.040,restaurant,direct,Kulmbach,returned
1805,2025-12-14,8,26,23.97,0.060,event_catering,direct,Coburg,completed
1806,2025-12-14,2,27,25.24,0.030,restaurant,direct,Kulmbach,completed
1807,2025-12-14,8,17,24.11,0.030,restaurant,direct,Bayreuth,completed
1808,2025-12-14,2,22,24.59,0.050,bar,wholesale,Nürnberg,completed
1809,2025-12-14,12,148,26.78,0.130,beverage_wholesaler,wholesale,Bayreuth,completed
1810,2025-12-14,2,42,24.65,0.030,restaurant,wholesale,Nürnberg,completed
1811,2025-12-14,8,34,24.33,0.055,event_catering,direct,Nürnberg,completed
1812,2025-12-15,8,16,24.44,0.030,restaurant,wholesale,Bamberg,completed
1813,2025-12-15,4,17,22.27,0.035,bar,wholesale,Bayreuth,completed
1814,2025-12-15,2,44,25.17,0.040,bar,direct,Bayreuth,completed
1815,2025-12-15,1,88,22.87,0.145,beverage_wholesaler,wholesale,Hof,completed
1816,2025-12-15,8,27,23.92,0.030,restaurant,direct,Bamberg,completed
1817,2025-12-15,3,93,23.64,0.075,event_catering,wholesale,Coburg,completed
1818,2025-12-15,4,249,22.19,0.145,beverage_wholesaler,wholesale,Nürnberg,completed
1819,2025-12-15,9,52,25.81,0.040,bar,direct,Nürnberg,completed
1820,2025-12-15,6,58,24.22,0.080,supermarket,wholesale,Coburg,completed
1821,2025-12-15,1,86,22.94,0.070,event_catering,direct,Bayreuth,completed
1822,2025-12-15,11,53,23.20,0.070,supermarket,wholesale,Hof,completed
1823,2025-12-15,4,27,22.33,0.035,bar,wholesale,Bamberg,completed
1824,2025-12-15,1,277,23.18,0.145,beverage_wholesaler,wholesale,Bamberg,completed
1825,2025-12-15,4,38,22.26,0.030,restaurant,direct,Bayreuth,completed
1826,2025-12-15,1,56,22.88,0.070,supermarket,wholesale,Bamberg,completed
1827,2025-12-15,1,91,22.57,0.085,event_catering,direct,Bamberg,completed
1828,2025-12-16,3,28,23.60,0.040,restaurant,wholesale,Bayreuth,completed
1829,2025-12-16,10,184,32.53,0.150,beverage_wholesaler,wholesale,Bayreuth,completed
1830,2025-12-16,4,58,22.81,0.070,supermarket,wholesale,Kulmbach,completed
1831,2025-12-16,3,154,23.84,0.100,event_catering,direct,Bayreuth,completed
1832,2025-12-16,1,23,22.90,0.040,bar,direct,Marktredwitz,completed
1833,2025-12-16,4,19,22.81,0.025,restaurant,wholesale,Hof,completed
1834,2025-12-16,2,31,25.03,0.080,supermarket,wholesale,Bayreuth,completed
1835,2025-12-16,3,22,24.17,0.025,restaurant,direct,Kulmbach,completed
1836,2025-12-16,9,92,26.16,0.095,supermarket,wholesale,Bamberg,completed
1837,2025-12-16,1,71,23.24,0.080,supermarket,wholesale,Kulmbach,cancelled
1838,2025-12-16,2,59,24.59,0.040,bar,direct,Bayreuth,completed
1839,2025-12-16,3,26,23.55,0.040,bar,direct,Hof,completed
1840,2025-12-16,1,62,22.90,0.115,beverage_wholesaler,wholesale,Nürnberg,completed
1841,2025-12-16,1,81,22.79,0.085,supermarket,wholesale,Bamberg,completed
1842,2025-12-16,2,72,25.13,0.115,beverage_wholesaler,direct,Bamberg,completed
1843,2025-12-16,1,23,22.61,0.040,bar,direct,Coburg,completed
1844,2025-12-16,1,20,22.90,0.030,restaurant,direct,Nürnberg,completed
1845,2025-12-17,1,115,23.12,0.750,supermarket,wholesale,Bayreuth,completed
1846,2025-12-17,10,24,33.12,0.030,restaurant,direct,Hof,completed
1847,2025-12-17,4,36,22.59,0.040,bar,wholesale,Marktredwitz,completed
1848,2025-12-17,1,20,22.94,0.040,bar,wholesale,Kulmbach,completed
1849,2025-12-17,1,64,22.88,0.070,supermarket,wholesale,Bayreuth,completed
1850,2025-12-17,1,67,22.99,0.025,restaurant,direct,Nürnberg,completed
1851,2025-12-17,4,227,22.77,0.150,beverage_wholesaler,wholesale,Nürnberg,completed
1852,2025-12-17,7,61,31.45,0.065,supermarket,wholesale,Nürnberg,completed
1853,2025-12-17,8,95,23.95,0.135,beverage_wholesaler,wholesale,Bayreuth,completed
1854,2025-12-17,6,38,24.32,0.040,restaurant,direct,Marktredwitz,completed
1855,2025-12-17,3,113,23.96,0.135,beverage_wholesaler,wholesale,Nürnberg,cancelled
1856,2025-12-17,11,46,23.73,0.070,supermarket,wholesale,Marktredwitz,completed
1857,2025-12-17,3,90,23.74,0.075,event_catering,direct,Bayreuth,completed
1858,2025-12-17,2,15,24.90,0.030,restaurant,direct,Nürnberg,completed
1859,2025-12-17,6,111,24.21,0.135,beverage_wholesaler,wholesale,Hof,completed
1860,2025-12-17,7,96,32.06,0.135,beverage_wholesaler,wholesale,Hof,completed
1861,2025-12-18,6,183,24.38,0.150,beverage_wholesaler,wholesale,Bayreuth,completed
1862,2025-12-18,7,64,31.44,0.070,event_catering,direct,Bayreuth,completed
1863,2025-12-18,3,69,23.64,0.130,beverage_wholesaler,wholesale,Coburg,completed
1864,2025-12-18,9,25,26.10,0.030,restaurant,wholesale,Bayreuth,completed
1865,2025-12-18,7,90,32.36,0.135,beverage_wholesaler,wholesale,Bamberg,completed
1866,2025-12-18,1,56,23.02,0.130,beverage_wholesaler,wholesale,Kulmbach,completed
1867,2025-12-18,8,32,24.49,0.030,restaurant,direct,Bayreuth,completed
1868,2025-12-18,3,38,23.64,0.040,bar,wholesale,Bayreuth,completed
1869,2025-12-18,2,193,24.84,0.160,beverage_wholesaler,wholesale,Marktredwitz,completed
1870,2025-12-18,7,45,32.28,0.040,restaurant,wholesale,Bamberg,completed
1871,2025-12-18,12,76,27.06,0.070,supermarket,wholesale,Marktredwitz,completed
1872,2025-12-18,1,36,22.88,0.040,bar,wholesale,Kulmbach,completed
1873,2025-12-18,9,56,25.76,0.060,event_catering,direct,Kulmbach,completed
1874,2025-12-18,4,36,22.39,0.040,bar,wholesale,Bayreuth,completed
1875,2025-12-18,2,90,24.88,0.085,supermarket,wholesale,Coburg,completed
1876,2025-12-18,2,31,24.89,0.030,restaurant,direct,Nürnberg,completed
1877,2025-12-18,10,86,32.51,0.095,supermarket,wholesale,Kulmbach,completed
1878,2025-12-18,3,11,23.96,0.040,restaurant,direct,Coburg,completed
1879,2025-12-18,11,76,23.67,0.060,event_catering,wholesale,Coburg,returned
1880,2025-12-18,12,177,26.71,0.160,beverage_wholesaler,wholesale,Bayreuth,completed
1881,2025-12-18,4,60,22.63,0.070,supermarket,wholesale,Coburg,completed
1882,2025-12-18,9,23,26.18,0.030,restaurant,direct,Bayreuth,completed
1883,2025-12-18,2,140,24.55,0.130,beverage_wholesaler,wholesale,Bamberg,completed
1884,2025-12-18,3,73,23.77,0.035,bar,direct,Bayreuth,completed
1885,2025-12-19,2,82,24.81,0.130,beverage_wholesaler,wholesale,Nürnberg,completed
1886,2025-12-19,8,135,24.38,0.135,beverage_wholesaler,wholesale,Bamberg,completed
1887,2025-12-19,7,52,31.60,0.030,restaurant,direct,Bayreuth,completed
1888,2025-12-19,8,168,24.25,0.145,beverage_wholesaler,wholesale,Kulmbach,completed
1889,2025-12-19,2,107,24.64,0.135,beverage_wholesaler,wholesale,Kulmbach,completed
1890,2025-12-19,1,50,22.75,0.040,bar,direct,Coburg,completed
1891,2025-12-19,5,16,21.70,0.025,restaurant,direct,Coburg,completed
1892,2025-12-19,3,21,24.12,0.030,restaurant,direct,Coburg,completed
1893,2025-12-19,2,122,25.18,0.135,beverage_wholesaler,wholesale,Marktredwitz,completed
1894,2025-12-19,10,236,32.52,0.150,beverage_wholesaler,wholesale,Kulmbach,completed
1895,2025-12-19,2,27,24.81,0.030,restaurant,wholesale,Bamberg,completed
1896,2025-12-19,10,98,32.51,0.085,supermarket,wholesale,Nürnberg,completed
1897,2025-12-19,11,29,23.59,0.025,restaurant,direct,Bamberg,completed
1898,2025-12-19,1,164,22.57,0.150,beverage_wholesaler,wholesale,Bayreuth,completed
1899,2025-12-19,2,210,24.65,0.150,beverage_wholesaler,wholesale,Nürnberg,completed
1900,2025-12-19,1,22,22.63,0.030,restaurant,direct,Kulmbach,completed
1901,2025-12-19,9,80,25.71,0.085,supermarket,wholesale,Bayreuth,completed
1902,2025-12-19,1,151,23.04,0.100,supermarket,wholesale,Bayreuth,completed
1903,2025-12-19,8,47,24.06,0.040,bar,direct,Marktredwitz,completed
1904,2025-12-19,9,64,26.10,0.070,supermarket,direct,Nürnberg,completed
1905,2025-12-20,7,139,31.44,0.135,beverage_wholesaler,wholesale,Nürnberg,completed
1906,2025-12-20,1,24,23.06,0.030,restaurant,direct,Nürnberg,completed
1907,2025-12-20,2,19,24.66,0.025,restaurant,direct,Bayreuth,completed
1908,2025-12-20,10,86,32.59,0.095,supermarket,direct,Bayreuth,completed
1909,2025-12-20,11,99,23.21,0.085,supermarket,wholesale,Bayreuth,completed
1910,2025-12-20,7,27,31.46,0.040,restaurant,direct,Bayreuth,completed
1911,2025-12-20,9,71,25.66,0.130,beverage_wholesaler,wholesale,Coburg,completed
1912,2025-12-20,2,55,25.10,0.070,supermarket,wholesale,Bayreuth,completed
1913,2025-12-20,1,42,23.03,0.030,restaurant,direct,Coburg,completed
1914,2025-12-20,6,66,24.81,0.070,supermarket,wholesale,Bamberg,completed
1915,2025-12-20,10,34,33.11,0.025,restaurant,direct,Marktredwitz,completed
1916,2025-12-20,2,33,25.02,0.050,bar,direct,Bamberg,completed
1917,2025-12-20,2,27,24.72,0.025,restaurant,wholesale,Coburg,completed
1918,2025-12-20,7,32,31.53,0.040,bar,direct,Marktredwitz,completed
1919,2025-12-20,3,65,23.97,0.070,supermarket,direct,Nürnberg,completed
1920,2025-12-20,8,126,24.21,0.135,beverage_wholesaler,direct,Coburg,completed
1921,2025-12-20,6,107,24.16,0.135,beverage_wholesaler,wholesale,Bamberg,completed
1922,2025-12-21,2,23,25.16,0.040,restaurant,direct,Kulmbach,completed
1923,2025-12-21,1,22,22.60,0.030,restaurant,wholesale,Nürnberg,completed
1924,2025-12-21,10,84,32.58,0.085,supermarket,wholesale,Bayreuth,completed
1925,2025-12-21,1,42,22.88,0.040,bar,direct,Nürnberg,completed
1926,2025-12-21,6,20,24.47,0.030,restaurant,direct,Bamberg,completed
1927,2025-12-21,3,22,24.15,0.050,bar,direct,Bamberg,completed
1928,2025-12-21,9,35,25.80,0.040,bar,direct,Coburg,completed
1929,2025-12-21,8,122,24.17,0.085,supermarket,wholesale,Hof,completed
1930,2025-12-21,4,74,22.42,0.115,beverage_wholesaler,wholesale,Bayreuth,completed
1931,2025-12-21,1,37,22.86,0.040,bar,direct,Coburg,completed
1932,2025-12-21,4,20,22.48,0.040,restaurant,wholesale,Bayreuth,completed
1933,2025-12-21,8,36,24.50,0.080,supermarket,wholesale,Bayreuth,completed
1934,2025-12-22,2,30,24.84,0.025,restaurant,direct,Nürnberg,completed
1935,2025-12-22,4,120,22.68,0.135,beverage_wholesaler,wholesale,Nürnberg,completed
1936,2025-12-22,10,58,32.98,0.055,event_catering,direct,Nürnberg,completed
1937,2025-12-22,5,72,21.94,0.070,supermarket,wholesale,Nürnberg,completed
1938,2025-12-22,8,124,24.22,0.135,beverage_wholesaler,wholesale,Bayreuth,completed
1939,2025-12-22,2,39,25.25,0.040,bar,wholesale,Bamberg,completed
1940,2025-12-22,12,64,26.79,0.060,event_catering,wholesale,Kulmbach,completed
1941,2025-12-22,6,46,24.46,0.065,supermarket,wholesale,Marktredwitz,completed
1942,2025-12-22,12,87,27.15,0.085,supermarket,wholesale,Bayreuth,completed
1943,2025-12-22,1,83,22.90,0.095,supermarket,wholesale,Coburg,completed
1944,2025-12-22,6,39,24.56,0.035,bar,wholesale,Nürnberg,completed
1945,2025-12-22,9,47,26.21,0.030,restaurant,direct,Kulmbach,completed
1946,2025-12-22,8,28,23.87,0.030,restaurant,direct,Marktredwitz,completed
1947,2025-12-22,4,53,22.53,0.080,supermarket,wholesale,Nürnberg,completed
1948,2025-12-22,2,131,25.24,0.135,beverage_wholesaler,wholesale,Coburg,completed
1949,2025-12-22,3,108,24.16,0.095,supermarket,wholesale,Bayreuth,completed
1950,2025-12-22,1,38,23.24,0.040,bar,direct,Bayreuth,completed
1951,2025-12-22,2,178,25.01,0.150,beverage_wholesaler,wholesale,Kulmbach,completed
1952,2025-12-22,1,59,23.11,0.120,beverage_wholesaler,wholesale,Bamberg,completed
1953,2025-12-22,2,30,25.24,0.030,restaurant,direct,Coburg,completed
1954,2025-12-22,5,19,21.74,0.030,restaurant,wholesale,Coburg,completed
1955,2025-12-22,2,24,24.56,0.030,restaurant,direct,Coburg,completed
1956,2025-12-22,1,34,23.09,0.040,bar,direct,Bamberg,completed
1957,2025-12-22,7,27,31.85,0.025,restaurant,direct,Bamberg,completed
1958,2025-12-23,3,22,23.63,0.035,bar,direct,Nürnberg,completed
1959,2025-12-23,5,55,21.82,0.060,event_catering,wholesale,Marktredwitz,returned
1960,2025-12-23,1,117,22.73,0.070,event_catering,direct,Nürnberg,completed
1961,2025-12-23,5,67,21.69,0.065,supermarket,wholesale,Marktredwitz,completed
1962,2025-12-23,4,41,22.57,0.040,bar,wholesale,Bayreuth,completed
1963,2025-12-23,1,47,23.20,0.080,supermarket,wholesale,Bayreuth,completed
1964,2025-12-23,8,206,24.47,0.150,beverage_wholesaler,wholesale,Bayreuth,completed
1965,2025-12-23,2,39,25.20,0.030,restaurant,direct,Bayreuth,completed
1966,2025-12-23,4,18,22.27,0.030,restaurant,wholesale,Nürnberg,completed
1967,2025-12-23,2,23,25.22,0.025,restaurant,direct,Coburg,returned
1968,2025-12-23,11,66,23.79,0.060,event_catering,wholesale,Bayreuth,completed
1969,2025-12-23,12,108,26.57,0.135,beverage_wholesaler,wholesale,Marktredwitz,completed
1970,2025-12-23,3,34,23.78,0.055,event_catering,direct,Bamberg,completed
1971,2025-12-23,11,29,23.32,0.070,supermarket,wholesale,Hof,completed
1972,2025-12-23,2,18,24.76,0.025,restaurant,direct,Bayreuth,completed
1973,2025-12-23,6,62,24.69,0.070,supermarket,wholesale,Bamberg,completed
1974,2025-12-23,9,38,25.97,0.030,restaurant,direct,Nürnberg,completed
1975,2025-12-23,8,31,24.24,0.070,supermarket,wholesale,Bayreuth,completed
1976,2025-12-23,11,66,23.37,0.070,supermarket,direct,Bamberg,completed
1977,2025-12-23,3,15,24.24,0.030,restaurant,wholesale,Coburg,completed
1978,2025-12-23,7,62,31.76,0.060,event_catering,direct,Bayreuth,completed
1979,2025-12-24,1,50,23.05,0.070,supermarket,wholesale,Coburg,completed
1980,2025-12-24,12,83,27.15,0.085,supermarket,wholesale,Marktredwitz,completed
1981,2025-12-24,8,36,24.24,0.035,bar,direct,Hof,completed
1982,2025-12-24,6,61,24.37,0.070,event_catering,direct,Hof,completed
1983,2025-12-24,7,71,32.11,0.060,event_catering,direct,Kulmbach,completed
1984,2025-12-24,6,25,24.50,0.030,restaurant,direct,Marktredwitz,completed
1985,2025-12-24,1,186,23.24,0.160,beverage_wholesaler,wholesale,Bamberg,completed
1986,2025-12-24,6,70,24.77,0.060,event_catering,direct,Nürnberg,completed
1987,2025-12-24,3,88,23.94,0.135,beverage_wholesaler,wholesale,Bayreuth,completed
1988,2025-12-24,6,62,24.35,0.120,beverage_wholesaler,wholesale,Bayreuth,completed
1989,2025-12-24,2,67,24.88,0.060,event_catering,direct,Bayreuth,completed
1990,2025-12-24,7,47,32.30,0.040,bar,direct,Bamberg,completed
1991,2025-12-24,8,212,24.26,0.150,beverage_wholesaler,wholesale,Kulmbach,completed
1992,2025-12-24,1,120,22.81,0.130,beverage_wholesaler,wholesale,Marktredwitz,completed
1993,2025-12-24,1,27,22.89,0.030,restaurant,direct,Hof,completed
1994,2025-12-24,3,14,23.71,0.040,restaurant,direct,Kulmbach,completed
1995,2025-12-24,1,137,22.74,0.145,beverage_wholesaler,wholesale,Kulmbach,completed
1996,2025-12-25,4,15,22.79,0.040,restaurant,direct,Nürnberg,completed
1997,2025-12-25,11,21,23.83,0.035,bar,direct,Nürnberg,completed
1998,2025-12-25,1,46,22.99,0.040,bar,direct,Bamberg,completed
1999,2025-12-25,2,118,24.90,0.130,beverage_wholesaler,wholesale,Kulmbach,completed
2000,2025-12-25,3,21,23.55,0.040,restaurant,direct,Marktredwitz,completed
2001,2025-12-25,3,89,23.80,0.135,beverage_wholesaler,wholesale,Coburg,completed
2002,2025-12-25,1,31,22.85,0.060,event_catering,direct,Nürnberg,completed
2003,2025-12-25,5,23,21.62,0.030,restaurant,direct,Bamberg,completed
2004,2025-12-25,7,64,32.09,0.070,supermarket,wholesale,Bayreuth,returned
2005,2025-12-25,1,32,22.92,0.025,restaurant,direct,Nürnberg,completed
2006,2025-12-25,5,30,21.94,0.040,bar,direct,Nürnberg,completed
2007,2025-12-25,7,-15,31.78,0.070,supermarket,wholesale,Bayreuth,completed
2008,2025-12-25,7,41,32.19,0.060,event_catering,direct,Marktredwitz,completed
2009,2025-12-25,4,12,22.31,0.040,restaurant,direct,Kulmbach,completed
2010,2025-12-25,2,37,24.77,0.060,event_catering,wholesale,Bamberg,completed
2011,2025-12-25,4,72,22.34,0.060,event_catering,wholesale,Coburg,completed
2012,2025-12-25,2,73,24.56,0.070,supermarket,wholesale,Nürnberg,completed
2013,2025-12-25,12,34,27.11,0.070,supermarket,wholesale,Bayreuth,completed
2014,2025-12-25,4,13,22.76,0.030,restaurant,direct,Marktredwitz,completed
2015,2025-12-25,1,67,23.17,0.040,bar,wholesale,Kulmbach,completed
2016,2025-12-25,6,17,24.22,0.040,bar,wholesale,Nürnberg,completed
2017,2025-12-25,2,115,25.21,0.135,beverage_wholesaler,wholesale,Marktredwitz,completed
2018,2025-12-26,4,58,22.65,0.070,supermarket,wholesale,Bayreuth,completed
2019,2025-12-26,1,150,22.88,0.160,beverage_wholesaler,wholesale,Nürnberg,completed
2020,2025-12-26,3,36,23.72,0.040,bar,wholesale,Bamberg,completed
2021,2025-12-26,9,114,26.25,0.085,supermarket,wholesale,Kulmbach,completed
2022,2025-12-26,4,87,22.82,0.085,supermarket,wholesale,Kulmbach,completed
2023,2025-12-26,4,105,22.45,0.080,supermarket,wholesale,Nürnberg,completed
2024,2025-12-26,10,67,32.55,0.040,bar,wholesale,Kulmbach,completed
2025,2025-12-26,8,34,24.36,0.040,bar,wholesale,Bayreuth,completed
2026,2025-12-26,6,121,24.55,0.085,supermarket,wholesale,Nürnberg,completed
2027,2025-12-26,7,26,31.55,0.030,restaurant,direct,Bayreuth,completed
2028,2025-12-26,10,50,32.74,0.070,supermarket,wholesale,Coburg,completed
2029,2025-12-26,4,82,22.30,0.085,supermarket,wholesale,Bayreuth,completed
2030,2025-12-26,4,83,22.83,0.085,supermarket,wholesale,Kulmbach,completed
2031,2025-12-26,2,119,25.25,0.080,supermarket,wholesale,Kulmbach,cancelled
2032,2025-12-26,3,143,23.68,0.145,beverage_wholesaler,wholesale,Kulmbach,completed
2033,2025-12-27,10,60,33.35,0.040,restaurant,direct,Kulmbach,completed
2034,2025-12-27,2,52,24.53,0.070,supermarket,wholesale,Kulmbach,completed
2035,2025-12-27,3,36,23.80,0.040,bar,direct,Hof,completed
2036,2025-12-27,10,64,32.99,0.035,bar,direct,Bayreuth,completed
2037,2025-12-27,2,35,24.54,0.040,restaurant,wholesale,Coburg,completed
2038,2025-12-27,8,68,23.98,0.130,beverage_wholesaler,wholesale,Coburg,completed
2039,2025-12-27,2,72,25.12,0.060,event_catering,direct,Bayreuth,completed
2040,2025-12-27,1,135,22.70,0.085,supermarket,wholesale,Nürnberg,completed
2041,2025-12-27,9,138,26.19,0.130,beverage_wholesaler,wholesale,Nürnberg,completed
2042,2025-12-27,1,52,22.57,0.055,event_catering,direct,Nürnberg,completed
2043,2025-12-27,3,34,24.24,0.025,restaurant,direct,Hof,completed
2044,2025-12-28,10,55,33.00,0.035,bar,direct,Bayreuth,completed
2045,2025-12-28,1,20,22.71,0.040,bar,direct,Coburg,completed
2046,2025-12-28,4,50,22.61,0.070,supermarket,direct,Kulmbach,completed
2047,2025-12-28,7,127,31.92,0.130,beverage_wholesaler,wholesale,Marktredwitz,completed
2048,2025-12-28,10,67,32.51,0.040,bar,direct,Nürnberg,completed
2049,2025-12-28,10,174,33.15,0.145,beverage_wholesaler,wholesale,Bayreuth,completed
2050,2025-12-28,2,87,24.81,0.085,supermarket,wholesale,Marktredwitz,completed
2051,2025-12-28,7,69,31.87,0.070,supermarket,wholesale,Nürnberg,completed
2052,2025-12-28,3,18,23.93,0.025,restaurant,wholesale,Kulmbach,completed
2053,2025-12-28,4,25,22.47,0.060,event_catering,direct,Bayreuth,completed
2054,2025-12-28,2,64,25.06,0.060,event_catering,wholesale,Coburg,completed
2055,2025-12-29,4,280,22.47,0.150,beverage_wholesaler,wholesale,Coburg,completed
2056,2025-12-29,5,25,22.07,0.035,bar,direct,Nürnberg,completed
2057,2025-12-29,2,131,24.54,0.130,beverage_wholesaler,wholesale,Bayreuth,completed
2058,2025-12-29,2,65,25.23,0.070,supermarket,wholesale,Bayreuth,completed
2059,2025-12-29,1,121,23.19,0.085,supermarket,wholesale,Kulmbach,completed
2060,2025-12-29,8,56,23.86,0.065,supermarket,wholesale,Coburg,completed
2061,2025-12-29,1,27,23.17,0.025,restaurant,wholesale,Bamberg,completed
2062,2025-12-29,4,101,22.19,0.085,supermarket,wholesale,Marktredwitz,completed
2063,2025-12-29,8,51,23.85,0.080,supermarket,wholesale,Coburg,completed
2064,2025-12-29,8,36,24.08,0.030,restaurant,direct,Bayreuth,completed
2065,2025-12-29,10,130,32.88,0.130,beverage_wholesaler,wholesale,Bamberg,completed
2066,2025-12-29,9,21,25.93,0.025,restaurant,direct,Bayreuth,completed
2067,2025-12-29,11,36,23.81,0.030,restaurant,wholesale,Coburg,cancelled
2068,2025-12-29,4,123,22.72,0.145,beverage_wholesaler,wholesale,Bayreuth,completed
2069,2025-12-29,4,245,22.20,0.145,beverage_wholesaler,wholesale,Nürnberg,completed
2070,2025-12-29,6,49,24.44,0.060,event_catering,wholesale,Hof,completed
2071,2025-12-29,2,49,25.24,0.040,restaurant,direct,Hof,completed
2072,2025-12-30,5,57,21.82,0.070,supermarket,wholesale,Bayreuth,returned
2073,2025-12-30,2,53,24.54,0.080,supermarket,wholesale,Nürnberg,completed
2074,2025-12-30,4,27,22.40,0.040,bar,direct,Kulmbach,completed
2075,2025-12-30,6,21,24.43,0.040,bar,direct,Bayreuth,completed
2076,2025-12-30,1,78,23.02,0.750,event_catering,wholesale,Coburg,completed
2077,2025-12-30,5,253,21.59,0.150,beverage_wholesaler,wholesale,Bayreuth,returned
2078,2025-12-30,3,149,24.05,0.145,beverage_wholesaler,wholesale,Bayreuth,completed
2079,2025-12-30,4,29,22.44,0.040,restaurant,direct,Kulmbach,completed
2080,2025-12-30,10,36,32.54,0.060,event_catering,direct,Hof,completed
2081,2025-12-30,2,75,25.07,0.070,supermarket,wholesale,Marktredwitz,cancelled
2082,2025-12-30,6,71,24.58,0.130,beverage_wholesaler,wholesale,Bamberg,completed
2083,2025-12-30,2,22,25.20,0.050,bar,direct,Bamberg,completed
2084,2025-12-30,1,135,22.82,0.135,beverage_wholesaler,wholesale,Kulmbach,completed
2085,2025-12-30,6,261,24.56,0.150,beverage_wholesaler,wholesale,Hof,completed
2086,2025-12-30,10,122,32.43,0.085,supermarket,direct,Kulmbach,completed
2087,2025-12-30,1,89,23.13,0.135,beverage_wholesaler,wholesale,Nürnberg,completed
2088,2025-12-30,10,39,33.31,0.035,bar,direct,Nürnberg,completed
2089,2025-12-30,2,55,25.07,0.080,supermarket,wholesale,Bayreuth,completed
2090,2025-12-30,2,63,24.87,0.065,supermarket,wholesale,Nürnberg,completed
2091,2025-12-30,10,36,33.05,0.050,bar,direct,Bayreuth,completed
2092,2025-12-31,8,25,24.17,0.025,restaurant,direct,Bayreuth,completed
2093,2025-12-31,2,57,24.83,0.070,supermarket,wholesale,Kulmbach,completed
2094,2025-12-31,5,33,21.69,0.030,restaurant,direct,Bamberg,completed
2095,2025-12-31,1,44,23.23,0.030,restaurant,direct,Bayreuth,completed
2096,2025-12-31,10,66,32.50,0.070,supermarket,wholesale,Nürnberg,completed
2097,2025-12-31,2,18,24.63,0.035,bar,wholesale,Bayreuth,completed
2098,2025-12-31,9,33,25.73,0.040,bar,direct,Bayreuth,completed
2099,2025-12-31,2,93,25.02,0.135,beverage_wholesaler,wholesale,Nürnberg,completed
2100,2025-12-31,1,88,22.70,0.085,supermarket,wholesale,Bayreuth,completed
2101,2025-12-31,4,55,22.33,0.065,supermarket,wholesale,Kulmbach,completed
2102,2025-12-31,2,32,24.98,0.040,bar,direct,Bayreuth,completed
2103,2025-12-31,3,18,24.22,0.035,bar,wholesale,Bamberg,completed
2104,2025-12-31,10,122,32.95,0.080,supermarket,wholesale,Bamberg,completed
2105,2025-12-31,3,92,24.26,0.085,supermarket,wholesale,Bayreuth,cancelled
2106,2026-01-01,4,23,22.54,0.040,bar,direct,Hof,completed
2107,2026-01-01,10,54,32.56,0.040,bar,wholesale,Hof,completed
2108,2026-01-01,10,135,33.26,0.145,beverage_wholesaler,wholesale,Kulmbach,completed
2109,2026-01-01,10,24,32.81,0.030,restaurant,direct,Nürnberg,completed
2110,2026-01-01,3,12,24.00,0.025,restaurant,wholesale,Nürnberg,completed
2111,2026-01-01,1,132,22.83,0.135,beverage_wholesaler,wholesale,Hof,completed
2112,2026-01-01,2,57,24.81,0.070,supermarket,wholesale,Bayreuth,completed
2113,2026-01-01,1,110,23.22,0.145,beverage_wholesaler,wholesale,Bayreuth,completed
2114,2026-01-01,2,85,25.26,0.135,beverage_wholesaler,wholesale,Kulmbach,completed
2115,2026-01-01,4,59,22.67,0.120,beverage_wholesaler,wholesale,Hof,returned
2116,2026-01-01,3,13,23.97,0.040,bar,wholesale,Nürnberg,completed
2117,2026-01-01,6,48,24.33,0.065,supermarket,wholesale,Hof,completed
2118,2026-01-01,3,60,23.87,0.080,supermarket,wholesale,Bayreuth,completed
2119,2026-01-01,2,113,24.61,0.145,beverage_wholesaler,wholesale,Bayreuth,completed
2120,2026-01-01,7,22,31.45,0.025,restaurant,direct,Bamberg,completed
2121,2026-01-01,2,34,25.02,0.040,restaurant,direct,Marktredwitz,completed
2122,2026-01-01,1,70,22.62,0.070,supermarket,wholesale,Bayreuth,completed
2123,2026-01-01,1,37,22.95,0.070,supermarket,wholesale,Nürnberg,completed
2124,2026-01-01,9,24,26.17,0.040,restaurant,direct,Bayreuth,completed
2125,2026-01-01,11,106,23.35,0.085,supermarket,wholesale,Bayreuth,completed
2126,2026-01-01,8,16,24.56,0.030,restaurant,direct,Bamberg,completed
2127,2026-01-02,6,48,24.47,0.055,event_catering,direct,Nürnberg,completed
2128,2026-01-02,1,175,22.88,0.160,beverage_wholesaler,wholesale,Marktredwitz,completed
2129,2026-01-02,6,14,24.16,0.040,bar,direct,Bamberg,completed
2130,2026-01-02,3,31,23.79,0.060,event_catering,direct,Nürnberg,completed
2131,2026-01-02,2,22,24.58,0.040,restaurant,wholesale,Marktredwitz,completed
2132,2026-01-02,1,45,22.56,0.040,bar,direct,Marktredwitz,completed
2133,2026-01-02,7,140,31.69,0.130,beverage_wholesaler,wholesale,Bayreuth,completed
2134,2026-01-02,4,37,22.40,0.050,bar,direct,Nürnberg,completed
2135,2026-01-02,2,27,24.64,0.050,bar,wholesale,Hof,completed
2136,2026-01-02,2,49,24.59,0.040,bar,direct,Kulmbach,completed
2137,2026-01-02,1,47,23.15,0.050,bar,wholesale,Coburg,completed
2138,2026-01-02,1,113,22.97,0.080,supermarket,direct,Hof,completed
2139,2026-01-02,1,79,22.69,0.120,beverage_wholesaler,wholesale,Bayreuth,completed
2140,2026-01-02,1,93,22.94,0.135,beverage_wholesaler,wholesale,Nürnberg,completed
2141,2026-01-02,4,52,22.36,0.065,supermarket,wholesale,Coburg,completed
2142,2026-01-02,4,158,22.64,0.150,beverage_wholesaler,wholesale,Nürnberg,completed
2143,2026-01-02,8,13,23.93,0.025,restaurant,wholesale,Coburg,completed
2144,2026-01-02,7,69,31.92,0.080,supermarket,direct,Bayreuth,completed
2145,2026-01-02,10,22,32.65,0.030,restaurant,direct,Bayreuth,completed
2146,2026-01-02,4,92,22.70,0.145,beverage_wholesaler,wholesale,Hof,completed
2147,2026-01-02,1,25,22.71,0.025,restaurant,wholesale,Bayreuth,completed
2148,2026-01-02,6,44,24.62,0.070,supermarket,wholesale,Coburg,completed
2149,2026-01-02,4,94,22.17,0.080,supermarket,wholesale,Coburg,completed
2150,2026-01-02,8,61,24.23,0.060,event_catering,direct,Coburg,completed
2151,2026-01-02,6,108,24.40,0.135,beverage_wholesaler,wholesale,Coburg,completed
2152,2026-01-02,1,43,22.72,0.080,supermarket,wholesale,Bayreuth,completed
2153,2026-01-03,1,131,22.76,0.135,beverage_wholesaler,wholesale,Nürnberg,completed
2154,2026-01-03,10,68,32.58,0.120,beverage_wholesaler,wholesale,Kulmbach,completed
2155,2026-01-03,7,15,31.66,0.030,restaurant,direct,Bayreuth,completed
2156,2026-01-03,4,50,22.42,0.040,bar,direct,Kulmbach,completed
2157,2026-01-03,1,28,22.71,0.040,bar,wholesale,Bayreuth,completed
2158,2026-01-03,2,52,25.21,0.065,supermarket,wholesale,Kulmbach,completed
2159,2026-01-03,9,26,25.98,0.025,restaurant,direct,Bayreuth,completed
2160,2026-01-03,1,21,22.88,0.050,bar,direct,Bayreuth,completed
2161,2026-01-03,6,35,24.48,0.030,restaurant,direct,Nürnberg,returned
2162,2026-01-03,3,40,23.57,0.025,restaurant,wholesale,Bayreuth,completed
2163,2026-01-03,1,15,22.95,0.040,bar,direct,Bayreuth,completed
2164,2026-01-03,4,71,22.60,0.065,supermarket,wholesale,Bamberg,completed
2165,2026-01-03,7,34,31.91,0.030,restaurant,wholesale,Kulmbach,completed
2166,2026-01-03,5,63,21.57,0.040,bar,direct,Nürnberg,completed
2167,2026-01-04,1,33,22.69,0.040,bar,wholesale,Bayreuth,completed
2168,2026-01-04,12,80,26.77,0.145,beverage_wholesaler,wholesale,Nürnberg,completed
2169,2026-01-04,1,57,22.88,0.070,supermarket,wholesale,Hof,completed
2170,2026-01-04,1,52,22.89,0.130,beverage_wholesaler,wholesale,Nürnberg,completed
2171,2026-01-04,4,16,22.26,0.030,restaurant,direct,Nürnberg,completed
2172,2026-01-04,10,23,33.05,0.040,bar,direct,Bayreuth,completed
2173,2026-01-04,9,51,25.53,0.070,supermarket,wholesale,Bayreuth,completed
2174,2026-01-04,5,28,22.15,0.040,bar,direct,Coburg,completed
2175,2026-01-04,6,30,24.58,0.040,restaurant,direct,Bamberg,completed
2176,2026-01-04,1,45,22.84,0.070,event_catering,wholesale,Nürnberg,completed
2177,2026-01-04,4,15,22.29,0.040,bar,wholesale,Bayreuth,completed
2178,2026-01-05,4,28,22.71,0.040,bar,wholesale,Bamberg,completed
2179,2026-01-05,3,99,23.84,0.130,beverage_wholesaler,wholesale,Bayreuth,completed
2180,2026-01-05,7,125,32.13,0.135,beverage_wholesaler,wholesale,Bayreuth,completed
2181,2026-01-05,7,48,31.97,0.070,supermarket,direct,Bayreuth,completed
2182,2026-01-05,2,75,24.87,0.080,supermarket,wholesale,Coburg,cancelled
2183,2026-01-05,7,85,32.11,0.145,beverage_wholesaler,wholesale,Nürnberg,completed
2184,2026-01-05,2,32,24.70,0.040,bar,direct,Coburg,completed
2185,2026-01-05,9,33,26.05,0.040,bar,direct,Nürnberg,completed
2186,2026-01-05,10,33,32.42,0.050,bar,direct,Bayreuth,completed
2187,2026-01-05,8,81,23.92,0.085,supermarket,direct,Coburg,returned
2188,2026-01-05,11,124,23.24,0.135,beverage_wholesaler,wholesale,Bayreuth,completed
2189,2026-01-05,12,127,26.63,0.130,beverage_wholesaler,wholesale,Bayreuth,cancelled
2190,2026-01-05,6,32,24.60,0.040,bar,wholesale,Nürnberg,completed
2191,2026-01-05,6,154,24.22,0.150,beverage_wholesaler,wholesale,Coburg,completed
2192,2026-01-05,10,54,32.48,0.040,bar,direct,Coburg,completed
2193,2026-01-06,3,21,24.14,0.030,restaurant,direct,Kulmbach,completed
2194,2026-01-06,2,18,24.56,0.025,restaurant,direct,Bamberg,completed
2195,2026-01-06,10,24,33.24,0.040,restaurant,direct,Bamberg,completed
2196,2026-01-06,1,25,22.92,0.025,restaurant,direct,Marktredwitz,completed
2197,2026-01-06,1,17,23.23,0.080,supermarket,wholesale,Bayreuth,completed
2198,2026-01-06,9,19,25.67,0.025,restaurant,direct,Nürnberg,completed
2199,2026-01-06,2,59,24.79,0.070,supermarket,wholesale,Bayreuth,completed
2200,2026-01-06,1,23,23.23,0.040,bar,direct,Bamberg,completed
2201,2026-01-06,1,98,23.18,0.145,beverage_wholesaler,wholesale,Bayreuth,completed
2202,2026-01-06,4,16,22.49,0.025,restaurant,direct,Nürnberg,completed
2203,2026-01-06,1,107,22.68,0.145,beverage_wholesaler,wholesale,Bayreuth,completed
2204,2026-01-06,2,37,24.65,0.070,supermarket,wholesale,Nürnberg,completed
2205,2026-01-06,11,41,23.76,0.055,event_catering,wholesale,Bamberg,completed
2206,2026-01-06,10,225,32.72,0.150,beverage_wholesaler,wholesale,Bamberg,completed
2207,2026-01-06,1,61,22.66,0.070,supermarket,wholesale,Kulmbach,completed
2208,2026-01-06,2,89,24.79,0.135,beverage_wholesaler,wholesale,Bayreuth,completed
2209,2026-01-07,1,77,23.23,0.070,supermarket,wholesale,Kulmbach,completed
2210,2026-01-07,2,24,24.96,0.030,restaurant,direct,Bamberg,completed
2211,2026-01-07,1,73,22.85,0.070,supermarket,wholesale,Bayreuth,completed
2212,2026-01-07,1,121,23.04,0.145,beverage_wholesaler,wholesale,Nürnberg,completed
2213,2026-01-07,3,24,24.15,0.030,restaurant,direct,Bayreuth,completed
2214,2026-01-07,2,83,24.79,0.135,beverage_wholesaler,wholesale,Coburg,completed
2215,2026-01-07,4,15,22.82,0.030,restaurant,wholesale,Nürnberg,completed
2216,2026-01-07,2,96,24.84,0.085,event_catering,direct,Kulmbach,completed
2217,2026-01-07,2,51,24.54,0.040,bar,direct,Nürnberg,completed
2218,2026-01-07,8,20,24.39,0.035,bar,wholesale,Hof,completed
2219,2026-01-07,11,81,23.37,0.085,supermarket,wholesale,Bayreuth,completed
2220,2026-01-07,8,30,24.43,0.025,restaurant,direct,Nürnberg,completed
2221,2026-01-07,1,58,23.00,0.065,supermarket,wholesale,Bayreuth,completed
2222,2026-01-07,4,53,22.20,0.060,event_catering,direct,Bayreuth,completed
2223,2026-01-07,2,54,24.91,0.070,supermarket,wholesale,Bamberg,completed
2224,2026-01-07,4,27,22.77,0.040,restaurant,wholesale,Nürnberg,cancelled
2225,2026-01-07,10,159,33.00,0.150,beverage_wholesaler,wholesale,Coburg,completed
2226,2026-01-07,12,25,26.99,0.040,restaurant,direct,Nürnberg,completed
2227,2026-01-07,8,91,24.21,0.135,beverage_wholesaler,wholesale,Nürnberg,completed
2228,2026-01-07,8,19,23.85,0.030,restaurant,direct,Nürnberg,completed
2229,2026-01-07,4,90,22.45,0.135,beverage_wholesaler,wholesale,Nürnberg,completed
2230,2026-01-07,7,33,32.33,0.070,supermarket,wholesale,Bayreuth,returned
2231,2026-01-07,6,37,24.13,0.025,restaurant,direct,Coburg,completed
2232,2026-01-07,1,78,22.88,0.130,beverage_wholesaler,direct,Nürnberg,completed
2233,2026-01-08,1,96,23.15,0.085,supermarket,wholesale,Bayreuth,completed
2234,2026-01-08,1,110,22.60,0.085,supermarket,wholesale,Bayreuth,completed
2235,2026-01-08,2,25,25.23,0.025,restaurant,wholesale,Nürnberg,completed
2236,2026-01-08,1,20,22.63,0.040,bar,direct,Bamberg,completed
2237,2026-01-08,3,25,23.95,0.030,restaurant,direct,Nürnberg,cancelled
2238,2026-01-08,12,53,27.01,0.070,supermarket,wholesale,Kulmbach,completed
2239,2026-01-08,4,45,22.26,0.040,restaurant,direct,Hof,completed
2240,2026-01-08,8,32,24.42,0.040,bar,direct,Bamberg,completed
2241,2026-01-08,3,37,23.72,0.070,event_catering,direct,Marktredwitz,completed
2242,2026-01-08,6,44,24.38,0.070,supermarket,wholesale,Bayreuth,completed
2243,2026-01-08,4,37,22.30,0.035,bar,direct,Nürnberg,completed
2244,2026-01-08,8,17,24.29,0.040,restaurant,wholesale,Kulmbach,completed
2245,2026-01-08,9,21,26.18,0.030,restaurant,direct,Marktredwitz,completed
2246,2026-01-08,4,63,22.68,0.080,supermarket,wholesale,Bayreuth,completed
2247,2026-01-08,2,182,25.04,0.145,,wholesale,Bayreuth,completed
2248,2026-01-08,2,29,24.97,0.030,restaurant,direct,Nürnberg,completed
2249,2026-01-09,999,92,32.44,0.085,supermarket,wholesale,Bayreuth,completed
2250,2026-01-09,1,15,22.70,0.030,restaurant,direct,Marktredwitz,completed
2251,2026-01-09,8,180,24.38,0.150,beverage_wholesaler,wholesale,Nürnberg,completed
2252,2026-01-09,7,24,31.68,0.040,bar,direct,Bayreuth,completed
2253,2026-01-09,2,30,25.20,0.040,restaurant,direct,Bamberg,completed
2254,2026-01-09,4,69,22.40,0.070,supermarket,wholesale,Bamberg,completed
2255,2026-01-09,1,139,22.96,0.085,supermarket,wholesale,Bamberg,completed
2256,2026-01-09,3,-13,24.04,0.070,supermarket,direct,Marktredwitz,completed
2257,2026-01-09,4,19,22.46,0.040,bar,wholesale,Bamberg,completed
2258,2026-01-09,2,16,25.10,0.030,restaurant,direct,Bayreuth,completed
2259,2026-01-09,2,145,24.97,0.135,beverage_wholesaler,wholesale,Bayreuth,completed
2260,2026-01-09,4,49,22.46,0.030,restaurant,direct,Nürnberg,completed
2261,2026-01-09,7,48,32.30,0.040,bar,direct,Nürnberg,completed
2262,2026-01-09,11,26,23.37,0.030,restaurant,wholesale,Hof,completed
2263,2026-01-09,1,42,22.76,0.080,supermarket,wholesale,Nürnberg,completed
2264,2026-01-09,2,55,25.10,0.070,supermarket,wholesale,Hof,completed
2265,2026-01-09,7,55,31.92,0.070,supermarket,wholesale,Bayreuth,completed
2266,2026-01-09,3,24,23.77,0.030,restaurant,direct,Coburg,completed
2267,2026-01-10,6,36,24.42,0.070,supermarket,wholesale,Bayreuth,completed
2268,2026-01-10,4,60,22.25,0.070,supermarket,wholesale,Nürnberg,completed
2269,2026-01-10,3,27,23.81,0.030,restaurant,direct,Nürnberg,completed
2270,2026-01-10,12,19,26.95,0.040,bar,direct,Bayreuth,completed
2271,2026-01-10,6,31,24.50,0.030,restaurant,direct,Marktredwitz,completed
2272,2026-01-10,2,30,24.73,0.030,restaurant,direct,Hof,completed
2273,2026-01-10,4,35,22.53,0.050,bar,direct,Nürnberg,completed
2274,2026-01-10,1,28,22.75,0.030,restaurant,direct,Nürnberg,completed
2275,2026-01-10,2,26,24.66,0.030,restaurant,direct,Bayreuth,completed
2276,2026-01-10,8,58,24.00,0.080,supermarket,wholesale,Bayreuth,completed
2277,2026-01-10,1,109,23.06,0.085,supermarket,wholesale,Nürnberg,completed
2278,2026-01-10,6,59,24.15,0.070,supermarket,wholesale,Nürnberg,completed
2279,2026-01-10,11,191,23.32,0.160,beverage_wholesaler,wholesale,Hof,completed
2280,2026-01-10,4,25,22.47,0.030,restaurant,direct,Nürnberg,completed
2281,2026-01-11,6,20,24.46,0.040,bar,wholesale,Coburg,completed
2282,2026-01-11,4,36,22.25,0.070,supermarket,wholesale,Nürnberg,completed
2283,2026-01-11,2,24,24.87,0.060,event_catering,wholesale,Bamberg,completed
2284,2026-01-11,9,27,26.03,0.070,supermarket,wholesale,Hof,completed
2285,2026-01-11,1,72,22.76,0.120,beverage_wholesaler,wholesale,Coburg,completed
2286,2026-01-11,7,25,31.60,0.070,supermarket,wholesale,Hof,completed
2287,2026-01-11,3,33,23.56,0.050,bar,direct,Nürnberg,completed
2288,2026-01-11,6,31,24.13,0.070,supermarket,wholesale,Nürnberg,completed
2289,2026-01-11,2,76,25.10,0.070,supermarket,wholesale,Marktredwitz,completed
2290,2026-01-11,7,48,31.79,0.060,event_catering,direct,Hof,completed
2291,2026-01-12,1,37,23.00,0.040,restaurant,direct,Bayreuth,completed
2292,2026-01-12,8,90,24.44,0.085,supermarket,wholesale,Bamberg,completed
2293,2026-01-12,1,21,23.24,0.070,supermarket,wholesale,Nürnberg,completed
2294,2026-01-12,1,52,22.84,0.070,supermarket,direct,Nürnberg,completed
2295,2026-01-12,6,35,24.46,0.030,restaurant,wholesale,Bayreuth,completed
2296,2026-01-12,2,24,24.91,0.035,bar,wholesale,Bamberg,completed
2297,2026-01-12,7,50,31.80,0.030,restaurant,direct,Coburg,cancelled
2298,2026-01-12,999,35,24.22,0.030,restaurant,wholesale,Hof,completed
2299,2026-01-12,8,15,24.08,0.025,restaurant,wholesale,Marktredwitz,completed
2300,2026-01-12,9,13,25.79,0.025,restaurant,direct,Nürnberg,completed
2301,2026-01-13,2,85,25.17,0.095,supermarket,direct,Hof,completed
2302,2026-01-13,2,12,24.95,0.030,restaurant,direct,Nürnberg,completed
2303,2026-01-13,5,93,21.71,0.145,beverage_wholesaler,wholesale,Nürnberg,completed
2304,2026-01-13,6,111,24.17,0.130,beverage_wholesaler,wholesale,Hof,completed
2305,2026-01-13,5,25,21.94,0.040,bar,direct,Coburg,completed
2306,2026-01-13,4,26,22.45,0.030,restaurant,direct,Bayreuth,completed
2307,2026-01-13,4,35,22.63,0.040,restaurant,direct,Marktredwitz,completed
2308,2026-01-13,7,83,32.04,0.135,beverage_wholesaler,wholesale,Marktredwitz,completed
2309,2026-01-13,10,37,32.81,0.030,restaurant,direct,Nürnberg,completed
2310,2026-01-13,10,15,32.69,0.030,restaurant,wholesale,Kulmbach,completed
2311,2026-01-13,1,68,22.56,0.070,supermarket,wholesale,Coburg,completed
2312,2026-01-13,1,33,23.23,0.040,bar,direct,Coburg,completed
2313,2026-01-13,1,57,22.98,0.065,supermarket,wholesale,Nürnberg,completed
2314,2026-01-13,6,17,24.64,0.030,restaurant,direct,Kulmbach,completed
2315,2026-01-13,1,87,23.07,0.135,beverage_wholesaler,wholesale,Kulmbach,completed
2316,2026-01-13,4,73,22.57,0.080,supermarket,wholesale,Bayreuth,completed
2317,2026-01-13,1,8,23.09,0.025,restaurant,direct,Nürnberg,completed
2318,2026-01-13,8,89,24.05,0.135,beverage_wholesaler,wholesale,Hof,completed
2319,2026-01-13,3,43,23.93,0.065,supermarket,wholesale,Bayreuth,completed
2320,2026-01-13,10,35,32.66,0.025,restaurant,direct,Kulmbach,completed
2321,2026-01-14,6,36,24.77,0.055,event_catering,direct,Coburg,completed
2322,2026-01-14,9,25,25.61,0.050,bar,direct,Bayreuth,completed
2323,2026-01-14,6,15,24.29,0.040,restaurant,direct,Nürnberg,completed
2324,2026-01-14,7,108,31.99,0.145,beverage_wholesaler,wholesale,Nürnberg,completed
2325,2026-01-14,4,40,22.56,0.040,restaurant,direct,Nürnberg,completed
2326,2026-01-14,1,132,23.10,0.085,supermarket,direct,Bayreuth,completed
2327,2026-01-14,4,49,22.16,0.070,supermarket,wholesale,Kulmbach,completed
2328,2026-01-14,7,46,31.96,0.070,supermarket,wholesale,Marktredwitz,completed
2329,2026-01-14,11,32,23.55,0.050,bar,wholesale,Bayreuth,completed
2330,2026-01-14,8,30,24.13,0.070,event_catering,direct,Bayreuth,completed
2331,2026-01-14,1,49,23.18,0.030,restaurant,direct,Kulmbach,completed
2332,2026-01-14,6,80,24.53,0.085,supermarket,direct,Nürnberg,completed
2333,2026-01-14,3,41,23.99,0.040,bar,direct,Bayreuth,completed
2334,2026-01-14,8,50,24.32,0.070,supermarket,wholesale,Nürnberg,completed
2335,2026-01-15,2,25,24.72,0.025,restaurant,direct,Bamberg,completed
2336,2026-01-15,2,114,24.67,0.135,beverage_wholesaler,wholesale,Nürnberg,completed
2337,2026-01-15,8,8,24.17,0.040,restaurant,direct,Nürnberg,completed
2338,2026-01-15,11,100,23.51,0.135,beverage_wholesaler,wholesale,Kulmbach,completed
2339,2026-01-15,4,193,22.60,0.150,beverage_wholesaler,wholesale,Bamberg,completed
2340,2026-01-15,3,47,24.17,0.120,beverage_wholesaler,direct,Bayreuth,completed
2341,2026-01-15,4,111,22.75,0.135,beverage_wholesaler,wholesale,Bamberg,completed
2342,2026-01-15,2,25,24.58,0.040,bar,wholesale,Kulmbach,completed
2343,2026-01-15,6,80,24.68,0.085,supermarket,wholesale,Bayreuth,completed
2344,2026-01-15,2,22,24.92,0.040,bar,direct,Bamberg,completed
2345,2026-01-15,3,44,24.22,0.070,supermarket,wholesale,Kulmbach,completed
2346,2026-01-15,8,49,24.37,0.065,supermarket,wholesale,Coburg,completed
2347,2026-01-15,8,90,24.27,0.135,beverage_wholesaler,wholesale,Nürnberg,completed
2348,2026-01-15,2,31,24.90,0.070,supermarket,wholesale,Kulmbach,completed
2349,2026-01-15,1,64,23.19,0.070,event_catering,direct,Bamberg,completed
2350,2026-01-15,1,45,22.83,0.050,bar,wholesale,Bamberg,completed
2351,2026-01-15,7,16,31.77,0.040,bar,direct,Coburg,completed
2352,2026-01-15,6,22,24.64,0.040,bar,direct,Bamberg,completed
2353,2026-01-15,10,193,33.08,0.160,beverage_wholesaler,wholesale,Bamberg,completed
2354,2026-01-15,1,109,22.89,0.135,beverage_wholesaler,wholesale,Bayreuth,completed
2355,2026-01-15,2,78,24.72,0.070,supermarket,wholesale,Coburg,completed
2356,2026-01-15,6,10,24.49,0.025,restaurant,direct,Bayreuth,completed
2357,2026-01-15,7,28,32.31,0.030,restaurant,direct,Coburg,completed
2358,2026-01-15,2,18,24.53,0.030,restaurant,direct,Bayreuth,completed
2359,2026-01-15,3,14,23.69,0.040,bar,direct,Marktredwitz,completed
2360,2026-01-16,4,19,22.83,0.025,restaurant,wholesale,Bayreuth,completed
2361,2026-01-16,3,21,24.14,0.030,restaurant,direct,Nürnberg,completed
2362,2026-01-16,4,20,22.36,0.030,restaurant,direct,Kulmbach,completed
2363,2026-01-16,3,17,23.58,0.030,restaurant,direct,Coburg,completed
2364,2026-01-16,7,130,31.77,0.095,supermarket,wholesale,Bayreuth,completed
2365,2026-01-16,8,37,24.07,0.040,bar,direct,Bamberg,completed
2366,2026-01-16,6,43,24.76,0.065,supermarket,wholesale,Marktredwitz,completed
2367,2026-01-16,1,33,22.57,0.030,restaurant,wholesale,Kulmbach,cancelled
2368,2026-01-16,3,132,24.00,0.130,beverage_wholesaler,wholesale,Marktredwitz,completed
2369,2026-01-16,4,110,22.27,0.135,beverage_wholesaler,wholesale,Bayreuth,completed
2370,2026-01-16,1,33,22.58,0.040,bar,direct,Nürnberg,completed
2371,2026-01-16,1,40,22.65,0.070,supermarket,wholesale,Marktredwitz,completed
2372,2026-01-16,4,82,22.20,0.085,event_catering,direct,Nürnberg,completed
2373,2026-01-16,4,41,22.50,0.025,restaurant,wholesale,Nürnberg,completed
2374,2026-01-16,1,58,23.18,0.070,supermarket,wholesale,Marktredwitz,completed
2375,2026-01-16,8,40,24.05,0.060,event_catering,direct,Coburg,completed
2376,2026-01-16,3,107,23.73,0.145,beverage_wholesaler,wholesale,Bayreuth,completed
2377,2026-01-16,1,60,22.99,0.060,event_catering,direct,Marktredwitz,cancelled
2378,2026-01-16,7,25,31.74,0.050,bar,direct,Kulmbach,completed
2379,2026-01-16,4,25,22.40,0.040,restaurant,wholesale,Bamberg,completed
2380,2026-01-16,1,62,23.14,0.070,supermarket,wholesale,Coburg,completed
2381,2026-01-16,2,9,25.15,0.040,restaurant,wholesale,Nürnberg,completed
2382,2026-01-16,5,99,22.13,0.135,beverage_wholesaler,wholesale,Bayreuth,completed
2383,2026-01-16,5,242,21.62,0.150,beverage_wholesaler,wholesale,Nürnberg,completed
2384,2026-01-16,1,58,22.94,0.070,supermarket,direct,Nürnberg,completed
2385,2026-01-16,2,29,24.62,0.060,event_catering,direct,Bamberg,completed
2386,2026-01-16,4,130,22.67,0.130,beverage_wholesaler,wholesale,Bayreuth,completed
2387,2026-01-16,6,57,24.77,0.040,bar,wholesale,Nürnberg,completed
2388,2026-01-16,8,89,24.11,0.135,beverage_wholesaler,wholesale,Coburg,completed
2389,2026-01-16,8,134,24.50,0.095,supermarket,wholesale,Bamberg,completed
2390,2026-01-16,2,71,25.07,0.070,supermarket,wholesale,Kulmbach,completed
2391,2026-01-16,2,73,24.77,0.080,supermarket,wholesale,Bayreuth,completed
2392,2026-01-16,10,51,33.11,0.035,bar,direct,Nürnberg,cancelled
2393,2026-01-17,4,11,22.78,0.030,restaurant,wholesale,Bamberg,completed
2394,2026-01-17,2,42,25.15,0.040,bar,wholesale,Bamberg,completed
2395,2026-01-17,1,67,22.77,0.070,supermarket,wholesale,Nürnberg,completed
2396,2026-01-17,5,30,22.20,0.040,bar,wholesale,Nürnberg,completed
2397,2026-01-17,8,40,23.89,0.060,event_catering,wholesale,Bayreuth,completed
2398,2026-01-17,8,65,23.91,0.080,supermarket,wholesale,Bayreuth,completed
2399,2026-01-17,2,20,25.19,0.035,bar,direct,Bayreuth,completed
2400,2026-01-17,6,88,24.68,0.135,beverage_wholesaler,wholesale,Marktredwitz,completed
2401,2026-01-17,1,125,23.12,0.130,beverage_wholesaler,wholesale,Nürnberg,completed
2402,2026-01-17,8,57,24.48,0.070,supermarket,direct,Nürnberg,completed
2403,2026-01-17,6,146,24.63,0.135,beverage_wholesaler,wholesale,Coburg,completed
2404,2026-01-17,1,48,22.81,0.065,supermarket,wholesale,Bayreuth,completed
2405,2026-01-17,4,44,22.72,0.050,bar,wholesale,Kulmbach,completed
2406,2026-01-17,1,63,22.81,0.070,supermarket,wholesale,Nürnberg,completed
2407,2026-01-17,2,38,24.85,0.040,bar,direct,Bayreuth,completed
2408,2026-01-17,2,83,24.88,0.080,supermarket,wholesale,Nürnberg,completed
2409,2026-01-17,10,37,33.12,0.040,bar,wholesale,Kulmbach,completed
2410,2026-01-17,2,34,24.60,0.040,restaurant,wholesale,Coburg,completed
2411,2026-01-17,1,29,22.89,0.030,restaurant,direct,Bayreuth,completed
2412,2026-01-17,2,33,25.02,0.040,bar,wholesale,Bayreuth,completed
2413,2026-01-17,9,99,25.70,0.085,supermarket,direct,Bamberg,completed
2414,2026-01-18,6,18,24.78,0.040,bar,direct,Marktredwitz,completed
2415,2026-01-18,9,96,25.94,0.085,supermarket,wholesale,Bayreuth,completed
2416,2026-01-18,3,59,23.80,0.080,supermarket,wholesale,Marktredwitz,completed
2417,2026-01-18,10,35,33.17,0.040,bar,direct,Bayreuth,completed
2418,2026-01-18,11,74,23.59,0.130,beverage_wholesaler,wholesale,Nürnberg,completed
2419,2026-01-18,7,90,31.54,0.085,supermarket,wholesale,Nürnberg,completed
2420,2026-01-18,7,22,31.46,0.050,bar,direct,Bayreuth,completed
2421,2026-01-18,1,64,23.08,0.120,beverage_wholesaler,wholesale,Bayreuth,completed
2422,2026-01-19,7,113,31.86,0.135,beverage_wholesaler,wholesale,Hof,completed
2423,2026-01-19,2,40,24.73,0.040,bar,direct,Bayreuth,completed
2424,2026-01-19,6,87,24.36,0.135,beverage_wholesaler,wholesale,Bayreuth,completed
2425,2026-01-19,10,51,32.60,0.040,bar,wholesale,Hof,completed
2426,2026-01-19,10,86,33.17,0.085,supermarket,wholesale,Nürnberg,completed
2427,2026-01-19,1,62,23.11,0.130,beverage_wholesaler,wholesale,Kulmbach,completed
2428,2026-01-19,4,140,22.23,0.130,beverage_wholesaler,wholesale,Bayreuth,completed
2429,2026-01-19,1,31,23.15,0.060,event_catering,direct,Hof,completed
2430,2026-01-19,6,31,24.46,0.030,restaurant,direct,Bamberg,completed
2431,2026-01-19,2,17,24.74,0.040,bar,direct,Kulmbach,completed
2432,2026-01-19,7,186,31.63,0.150,beverage_wholesaler,wholesale,Nürnberg,completed
2433,2026-01-19,1,54,22.71,0.055,event_catering,direct,Nürnberg,completed
2434,2026-01-19,4,84,22.27,0.085,supermarket,wholesale,Hof,completed
2435,2026-01-19,2,36,24.68,0.065,supermarket,wholesale,Bayreuth,completed
2436,2026-01-19,3,29,24.02,0.080,supermarket,wholesale,Coburg,completed
2437,2026-01-19,3,73,23.84,0.080,supermarket,wholesale,Hof,completed
2438,2026-01-19,1,42,23.14,0.065,supermarket,wholesale,Bayreuth,completed
2439,2026-01-19,8,21,24.12,0.040,bar,direct,Bamberg,completed
2440,2026-01-19,4,14,22.19,0.050,bar,direct,Nürnberg,completed
2441,2026-01-19,3,77,24.00,0.040,restaurant,direct,Nürnberg,completed
2442,2026-01-19,7,129,31.95,0.135,beverage_wholesaler,wholesale,Marktredwitz,completed
2443,2026-01-19,12,39,26.87,0.070,supermarket,direct,Bayreuth,completed
2444,2026-01-19,2,64,24.83,0.060,event_catering,direct,Bayreuth,completed
2445,2026-01-19,8,28,24.41,0.040,bar,direct,Hof,completed
2446,2026-01-19,2,278,25.04,0.150,beverage_wholesaler,wholesale,Nürnberg,completed
2447,2026-01-20,8,18,24.10,0.030,restaurant,direct,Bayreuth,completed
2448,2026-01-20,10,48,32.85,0.065,supermarket,wholesale,Nürnberg,completed
2449,2026-01-20,2,86,25.19,0.135,beverage_wholesaler,wholesale,Nürnberg,completed
2450,2026-01-20,1,68,23.11,0.115,beverage_wholesaler,wholesale,Nürnberg,completed
2451,2026-01-20,4,60,22.47,0.065,supermarket,wholesale,Bayreuth,completed
2452,2026-01-20,1,96,23.20,0.135,beverage_wholesaler,wholesale,Bamberg,completed
2453,2026-01-20,7,66,32.03,0.070,supermarket,wholesale,Nürnberg,completed
2454,2026-01-20,5,16,21.79,0.040,restaurant,direct,Bayreuth,completed
2455,2026-01-20,3,63,24.18,0.060,event_catering,direct,Marktredwitz,completed
2456,2026-01-20,8,86,24.56,0.135,beverage_wholesaler,wholesale,Marktredwitz,completed
2457,2026-01-20,1,159,23.12,0.150,beverage_wholesaler,wholesale,Bayreuth,completed
2458,2026-01-20,1,62,22.81,0.080,supermarket,wholesale,Coburg,completed
2459,2026-01-21,3,33,24.06,0.065,supermarket,direct,Marktredwitz,completed
2460,2026-01-21,1,69,22.88,0.065,supermarket,direct,Coburg,completed
2461,2026-01-21,4,97,22.55,0.135,beverage_wholesaler,wholesale,Coburg,completed
2462,2026-01-21,6,25,24.22,0.040,bar,direct,Bamberg,completed
2463,2026-01-21,3,16,23.68,0.030,restaurant,direct,Hof,completed
2464,2026-01-21,6,83,24.71,0.135,beverage_wholesaler,wholesale,Bayreuth,completed
2465,2026-01-21,3,96,23.68,0.135,beverage_wholesaler,wholesale,Marktredwitz,completed
2466,2026-01-21,2,18,25.06,0.050,bar,wholesale,Bayreuth,completed
2467,2026-01-21,4,146,22.49,0.130,beverage_wholesaler,wholesale,Bayreuth,completed
2468,2026-01-21,8,52,23.96,0.030,restaurant,direct,Nürnberg,completed
2469,2026-01-21,2,36,25.25,0.030,restaurant,wholesale,Hof,completed
2470,2026-01-21,11,63,23.53,0.080,supermarket,wholesale,Coburg,completed
2471,2026-01-22,9,126,26.14,0.135,beverage_wholesaler,wholesale,Bamberg,completed
2472,2026-01-22,4,25,22.24,0.030,restaurant,direct,Hof,completed
2473,2026-01-22,1,25,22.77,0.040,restaurant,direct,Nürnberg,completed
2474,2026-01-22,8,28,24.10,0.030,restaurant,direct,Nürnberg,completed
2475,2026-01-22,6,65,24.43,0.070,supermarket,wholesale,Nürnberg,completed
2476,2026-01-22,1,29,22.86,0.065,supermarket,wholesale,Bayreuth,completed
2477,2026-01-22,1,23,23.06,0.030,restaurant,wholesale,Nürnberg,completed
2478,2026-01-22,3,14,23.93,0.040,restaurant,direct,Nürnberg,completed
2479,2026-01-22,3,66,24.07,0.120,beverage_wholesaler,wholesale,Coburg,completed
2480,2026-01-22,1,15,22.85,0.025,restaurant,wholesale,Nürnberg,completed
2481,2026-01-22,6,46,24.22,0.070,supermarket,wholesale,Bayreuth,completed
2482,2026-01-22,2,62,25.15,0.120,beverage_wholesaler,wholesale,Bayreuth,completed
2483,2026-01-22,4,113,22.81,0.130,beverage_wholesaler,wholesale,Nürnberg,completed
2484,2026-01-22,3,16,23.60,0.050,bar,wholesale,Bayreuth,completed
2485,2026-01-22,9,97,26.28,0.135,beverage_wholesaler,wholesale,Bamberg,completed
2486,2026-01-22,9,28,25.78,0.040,bar,wholesale,Hof,completed
2487,2026-01-22,2,30,24.70,0.040,restaurant,direct,Bayreuth,completed
2488,2026-01-22,10,113,32.60,0.135,beverage_wholesaler,wholesale,Bamberg,completed
2489,2026-01-22,4,95,22.48,0.085,supermarket,wholesale,Bamberg,completed
2490,2026-01-22,10,270,33.01,0.150,beverage_wholesaler,wholesale,Kulmbach,completed
2491,2026-01-23,1,27,22.97,0.040,bar,wholesale,Bayreuth,completed
2492,2026-01-23,1,38,22.72,0.070,event_catering,direct,Nürnberg,completed
2493,2026-01-23,3,95,23.84,0.085,supermarket,wholesale,Hof,cancelled
2494,2026-01-23,2,19,25.26,0.025,restaurant,wholesale,Bayreuth,completed
2495,2026-01-23,6,28,24.64,0.040,restaurant,direct,Nürnberg,completed
2496,2026-01-23,12,44,26.63,0.070,supermarket,wholesale,Marktredwitz,completed
2497,2026-01-23,2,27,24.63,0.040,bar,direct,Nürnberg,completed
2498,2026-01-23,4,178,22.37,0.150,beverage_wholesaler,wholesale,Nürnberg,completed
2499,2026-01-23,2,137,24.66,0.135,beverage_wholesaler,wholesale,Nürnberg,completed
2500,2026-01-23,7,40,32.20,0.070,supermarket,wholesale,Bayreuth,completed
2501,2026-01-23,2,75,24.77,0.070,supermarket,wholesale,Kulmbach,completed
2502,2026-01-23,12,54,27.06,0.065,supermarket,wholesale,Bayreuth,completed
2503,2026-01-23,1,120,22.99,0.135,beverage_wholesaler,wholesale,Coburg,completed
2504,2026-01-23,2,32,25.22,0.040,restaurant,direct,Bayreuth,completed
2505,2026-01-23,4,21,22.38,0.040,bar,direct,Nürnberg,completed
2506,2026-01-23,1,21,23.15,0.025,restaurant,direct,Bayreuth,completed
2507,2026-01-23,7,47,32.33,0.060,event_catering,direct,Nürnberg,completed
2508,2026-01-23,8,87,24.21,0.085,supermarket,direct,Bayreuth,completed
2509,2026-01-23,1,196,22.80,0.150,beverage_wholesaler,wholesale,Bayreuth,completed
2510,2026-01-23,10,96,32.76,0.055,bar,wholesale,Marktredwitz,completed
2511,2026-01-23,1,31,22.84,0.040,bar,wholesale,Hof,completed
2512,2026-01-23,9,25,25.70,0.040,restaurant,wholesale,Bamberg,completed
2513,2026-01-24,8,76,24.17,0.080,supermarket,wholesale,Kulmbach,completed
2514,2026-01-24,1,31,23.14,0.030,restaurant,direct,Marktredwitz,completed
2515,2026-01-24,4,33,22.35,0.070,supermarket,wholesale,Bamberg,cancelled
2516,2026-01-24,5,22,21.63,0.030,restaurant,direct,Marktredwitz,completed
2517,2026-01-24,12,37,26.77,0.050,bar,direct,Nürnberg,completed
2518,2026-01-25,7,61,31.86,0.060,event_catering,direct,Bayreuth,completed
2519,2026-01-25,8,21,24.16,0.065,supermarket,wholesale,Bayreuth,completed
2520,2026-01-25,3,54,23.98,0.070,supermarket,wholesale,Marktredwitz,completed
2521,2026-01-25,2,10,24.91,0.025,restaurant,direct,Kulmbach,completed
2522,2026-01-25,4,55,22.45,0.120,beverage_wholesaler,wholesale,Kulmbach,completed
2523,2026-01-25,12,11,26.54,0.035,bar,direct,Bamberg,completed
2524,2026-01-25,7,28,31.83,0.070,supermarket,wholesale,Bayreuth,completed
2525,2026-01-25,4,51,22.42,0.120,beverage_wholesaler,wholesale,Nürnberg,completed
2526,2026-01-26,2,34,24.75,0.060,event_catering,direct,Marktredwitz,returned
2527,2026-01-26,5,115,21.73,0.145,beverage_wholesaler,wholesale,Bayreuth,completed
2528,2026-01-26,1,62,22.92,0.040,bar,direct,Kulmbach,completed
2529,2026-01-26,2,15,25.26,0.030,restaurant,wholesale,Bayreuth,completed
2530,2026-01-26,5,44,21.84,0.040,bar,direct,Bamberg,completed
2531,2026-01-26,1,64,22.79,0.070,supermarket,wholesale,Bayreuth,completed
2532,2026-01-26,1,23,22.68,0.040,bar,direct,Bayreuth,completed
2533,2026-01-26,2,36,25.06,0.070,supermarket,wholesale,Bayreuth,completed
2534,2026-01-26,4,18,22.19,0.025,restaurant,wholesale,Bayreuth,completed
2535,2026-01-27,2,14,25.23,0.030,restaurant,wholesale,Coburg,completed
2536,2026-01-27,1,145,23.19,0.135,beverage_wholesaler,wholesale,Bayreuth,completed
2537,2026-01-27,1,15,23.16,0.030,restaurant,direct,Nürnberg,completed
2538,2026-01-27,8,140,24.53,0.145,beverage_wholesaler,wholesale,Hof,completed
2539,2026-01-27,5,30,22.21,0.040,bar,direct,Bamberg,completed
2540,2026-01-27,4,40,22.17,0.030,restaurant,wholesale,Hof,cancelled
2541,2026-01-27,2,67,24.56,0.080,supermarket,wholesale,Bayreuth,completed
2542,2026-01-27,8,171,24.32,0.150,beverage_wholesaler,wholesale,Hof,completed
2543,2026-01-27,2,49,24.73,0.040,restaurant,wholesale,Bayreuth,completed
2544,2026-01-27,12,29,27.08,0.040,restaurant,direct,Kulmbach,completed
2545,2026-01-27,2,60,24.86,0.055,event_catering,direct,Bamberg,completed
2546,2026-01-27,3,52,24.14,0.070,supermarket,wholesale,Nürnberg,completed
2547,2026-01-27,2,59,24.71,0.130,beverage_wholesaler,wholesale,Bamberg,completed
2548,2026-01-27,3,18,23.66,0.030,restaurant,direct,Nürnberg,completed
2549,2026-01-27,2,36,24.97,0.070,event_catering,direct,Bayreuth,completed
2550,2026-01-27,4,47,22.48,0.070,supermarket,wholesale,Nürnberg,completed
2551,2026-01-28,6,67,24.46,0.060,event_catering,wholesale,Coburg,completed
2552,2026-01-28,7,20,31.69,0.030,restaurant,wholesale,Bayreuth,completed
2553,2026-01-28,11,36,23.45,0.035,bar,direct,Kulmbach,completed
2554,2026-01-28,6,89,24.30,0.085,supermarket,wholesale,Bamberg,returned
2555,2026-01-28,8,21,24.06,0.070,supermarket,wholesale,Hof,completed
2556,2026-01-28,12,16,27.27,0.030,restaurant,direct,Nürnberg,completed
2557,2026-01-28,4,100,22.35,0.085,supermarket,wholesale,Bayreuth,completed
2558,2026-01-29,9,21,25.81,0.030,restaurant,direct,Coburg,completed
2559,2026-01-29,2,94,24.93,0.130,beverage_wholesaler,wholesale,Nürnberg,completed
2560,2026-01-29,6,39,24.57,0.060,event_catering,direct,Nürnberg,completed
2561,2026-01-29,1,60,23.22,0.065,supermarket,wholesale,Coburg,completed
2562,2026-01-29,2,116,24.53,0.135,beverage_wholesaler,wholesale,Nürnberg,completed
2563,2026-01-29,8,97,24.17,0.130,beverage_wholesaler,wholesale,Bayreuth,completed
2564,2026-01-29,6,62,24.61,0.060,event_catering,wholesale,Hof,completed
2565,2026-01-29,5,56,21.62,0.070,supermarket,wholesale,Kulmbach,completed
2566,2026-01-29,11,20,23.75,0.040,restaurant,wholesale,Nürnberg,completed
2567,2026-01-29,1,108,22.57,0.135,beverage_wholesaler,wholesale,Bayreuth,completed
2568,2026-01-29,2,104,25.15,0.135,beverage_wholesaler,wholesale,Kulmbach,completed
2569,2026-01-29,4,75,22.78,0.120,beverage_wholesaler,wholesale,Nürnberg,completed
2570,2026-01-29,1,85,23.01,0.130,beverage_wholesaler,wholesale,Bamberg,completed
2571,2026-01-29,1,38,23.14,0.065,supermarket,wholesale,Marktredwitz,completed
2572,2026-01-29,2,29,24.75,0.030,restaurant,wholesale,Bayreuth,completed
2573,2026-01-29,6,40,24.51,0.040,restaurant,wholesale,Marktredwitz,completed
2574,2026-01-29,2,14,25.06,0.025,restaurant,direct,Hof,completed
2575,2026-01-29,2,42,25.10,0.070,supermarket,wholesale,Coburg,completed
2576,2026-01-29,4,23,22.55,0.030,restaurant,direct,Bamberg,completed
2577,2026-01-29,11,103,23.77,0.135,beverage_wholesaler,wholesale,Marktredwitz,cancelled
2578,2026-01-29,2,16,24.66,0.030,restaurant,direct,Bayreuth,completed
2579,2026-01-29,4,41,22.29,0.065,supermarket,direct,Marktredwitz,completed
2580,2026-01-29,3,119,23.72,0.135,beverage_wholesaler,wholesale,Kulmbach,completed
2581,2026-01-29,2,8,24.69,0.030,restaurant,direct,Bamberg,completed
2582,2026-01-29,4,25,22.80,0.040,bar,wholesale,Marktredwitz,completed
2583,2026-01-29,1,13,22.58,0.030,restaurant,direct,Bayreuth,completed
2584,2026-01-29,2,63,24.69,0.080,supermarket,direct,Bayreuth,completed
2585,2026-01-30,4,16,22.48,0.025,restaurant,direct,Bayreuth,completed
2586,2026-01-30,6,44,24.37,0.080,supermarket,wholesale,Bayreuth,completed
2587,2026-01-30,7,21,32.16,0.035,bar,direct,Kulmbach,completed
2588,2026-01-30,1,118,22.58,0.135,beverage_wholesaler,wholesale,Bayreuth,completed
2589,2026-01-30,7,65,31.61,0.030,restaurant,wholesale,Coburg,completed
2590,2026-01-30,8,153,23.93,0.100,supermarket,wholesale,Marktredwitz,completed
2591,2026-01-30,4,27,22.80,0.070,supermarket,wholesale,Coburg,completed
2592,2026-01-30,1,32,22.94,0.040,bar,wholesale,Bamberg,completed
2593,2026-01-30,1,21,23.01,0.030,restaurant,direct,Bamberg,completed
2594,2026-01-30,1,79,23.13,0.070,supermarket,wholesale,Nürnberg,completed
2595,2026-01-30,1,102,22.78,0.085,supermarket,wholesale,Nürnberg,completed
2596,2026-01-30,2,58,25.24,0.070,supermarket,wholesale,Bamberg,completed
2597,2026-01-30,3,76,23.58,0.060,event_catering,direct,Bayreuth,completed
2598,2026-01-31,10,253,32.87,0.145,beverage_wholesaler,wholesale,Kulmbach,completed
2599,2026-01-31,2,160,24.80,0.150,beverage_wholesaler,direct,Coburg,completed
2600,2026-01-31,3,147,23.86,0.145,beverage_wholesaler,wholesale,Nürnberg,completed
2601,2026-01-31,7,68,32.15,0.060,event_catering,wholesale,Bayreuth,completed
2602,2026-01-31,8,72,23.84,0.080,supermarket,direct,Bayreuth,completed
2603,2026-01-31,4,20,22.29,0.040,bar,direct,Nürnberg,completed
2604,2026-01-31,3,89,23.63,0.135,beverage_wholesaler,wholesale,Nürnberg,completed
2605,2026-01-31,2,117,24.98,0.080,supermarket,wholesale,Nürnberg,completed
2606,2026-01-31,4,396,22.79,0.160,beverage_wholesaler,wholesale,Nürnberg,completed
2607,2026-01-31,4,25,22.76,0.030,restaurant,direct,Bamberg,completed
2608,2026-01-31,9,64,25.94,0.070,supermarket,wholesale,Marktredwitz,completed
2609,2026-01-31,7,60,31.65,0.070,event_catering,direct,Bamberg,completed
2610,2026-01-31,11,61,23.37,0.060,event_catering,direct,Coburg,completed
2611,2026-01-31,2,15,25.08,0.040,bar,direct,Hof,completed
2612,2026-01-31,2,17,24.71,0.060,event_catering,wholesale,Kulmbach,completed
2613,2026-02-01,2,26,24.58,0.035,bar,direct,Bamberg,completed
2614,2026-02-01,7,74,31.48,0.120,beverage_wholesaler,wholesale,Marktredwitz,completed
2615,2026-02-01,4,47,22.38,0.120,beverage_wholesaler,wholesale,Coburg,completed
2616,2026-02-01,3,36,23.77,0.065,supermarket,direct,Nürnberg,completed
2617,2026-02-01,3,34,24.06,0.040,bar,wholesale,Nürnberg,completed
2618,2026-02-01,7,36,31.65,0.070,event_catering,direct,Marktredwitz,completed
2619,2026-02-01,4,53,22.26,0.120,beverage_wholesaler,wholesale,Kulmbach,completed
2620,2026-02-01,8,42,24.35,0.070,supermarket,wholesale,Kulmbach,completed
2621,2026-02-01,10,44,32.82,0.070,supermarket,direct,Marktredwitz,completed
2622,2026-02-01,8,108,23.92,0.135,beverage_wholesaler,wholesale,Nürnberg,completed
2623,2026-02-01,1,75,23.14,0.070,supermarket,wholesale,Marktredwitz,completed
2624,2026-02-02,8,23,24.54,0.040,bar,direct,Kulmbach,completed
2625,2026-02-02,8,26,24.01,0.030,restaurant,direct,Bamberg,completed
2626,2026-02-02,6,20,24.15,0.060,event_catering,direct,Nürnberg,completed
2627,2026-02-02,7,35,31.44,0.025,restaurant,direct,Nürnberg,completed
2628,2026-02-02,11,26,23.69,0.040,restaurant,direct,Bamberg,completed
2629,2026-02-02,7,113,32.01,0.135,beverage_wholesaler,wholesale,Bayreuth,completed
2630,2026-02-02,3,147,24.03,0.135,beverage_wholesaler,wholesale,Coburg,completed
2631,2026-02-02,9,69,26.12,0.080,supermarket,wholesale,Nürnberg,completed
2632,2026-02-02,4,147,22.32,0.130,beverage_wholesaler,wholesale,Bayreuth,completed
2633,2026-02-02,2,24,24.93,0.025,restaurant,direct,Hof,completed
2634,2026-02-02,3,27,24.14,0.065,supermarket,wholesale,Bayreuth,completed
2635,2026-02-02,3,22,23.73,0.030,restaurant,direct,Marktredwitz,completed
2636,2026-02-02,10,74,32.82,0.065,supermarket,wholesale,Bayreuth,completed
2637,2026-02-03,1,54,22.91,0.065,supermarket,direct,Hof,completed
2638,2026-02-03,3,10,24.11,0.025,restaurant,direct,Kulmbach,completed
2639,2026-02-03,8,80,24.09,0.135,beverage_wholesaler,wholesale,Nürnberg,completed
2640,2026-02-03,3,73,23.55,0.065,supermarket,wholesale,Bamberg,completed
2641,2026-02-03,2,42,25.00,0.060,event_catering,direct,Bamberg,completed
2642,2026-02-03,1,27,23.03,0.025,restaurant,direct,Bayreuth,completed
2643,2026-02-03,3,28,23.94,0.070,supermarket,wholesale,Bayreuth,completed
2644,2026-02-03,7,188,32.26,0.160,beverage_wholesaler,wholesale,Bamberg,completed
2645,2026-02-03,8,39,24.54,0.080,supermarket,wholesale,Nürnberg,completed
2646,2026-02-03,1,90,22.78,0.085,supermarket,wholesale,Bamberg,completed
2647,2026-02-03,1,95,22.94,0.145,beverage_wholesaler,wholesale,Marktredwitz,completed
2648,2026-02-03,3,16,24.05,0.030,restaurant,direct,Bayreuth,completed
2649,2026-02-03,6,31,24.71,0.025,restaurant,direct,Nürnberg,completed
2650,2026-02-03,9,50,25.84,0.065,supermarket,wholesale,Nürnberg,completed
2651,2026-02-03,9,44,26.10,0.065,supermarket,wholesale,Kulmbach,completed
2652,2026-02-03,2,15,24.74,0.040,restaurant,wholesale,Bayreuth,completed
2653,2026-02-03,10,94,33.16,0.130,beverage_wholesaler,wholesale,Bayreuth,completed
2654,2026-02-03,5,169,21.92,0.160,beverage_wholesaler,wholesale,Kulmbach,completed
2655,2026-02-03,4,68,22.37,0.130,beverage_wholesaler,wholesale,Bayreuth,completed
2656,2026-02-04,5,16,21.78,0.030,restaurant,direct,Nürnberg,cancelled
2657,2026-02-04,1,22,23.22,0.030,restaurant,direct,Coburg,completed
2658,2026-02-04,7,152,31.49,0.150,beverage_wholesaler,wholesale,Nürnberg,completed
2659,2026-02-04,1,31,23.00,0.030,restaurant,wholesale,Nürnberg,completed
2660,2026-02-04,10,22,33.06,0.040,restaurant,direct,Hof,completed
2661,2026-02-04,1,38,23.19,0.050,bar,direct,Nürnberg,completed
2662,2026-02-04,9,83,25.98,0.085,supermarket,wholesale,Marktredwitz,completed
2663,2026-02-04,5,26,22.02,0.040,bar,wholesale,Kulmbach,returned
2664,2026-02-04,4,21,22.39,0.030,restaurant,wholesale,Bamberg,completed
2665,2026-02-04,11,12,23.61,0.025,restaurant,wholesale,Bamberg,completed
2666,2026-02-04,2,43,25.09,0.080,supermarket,wholesale,Marktredwitz,cancelled
2667,2026-02-04,10,17,33.09,0.030,restaurant,direct,Coburg,completed
2668,2026-02-04,12,58,27.17,0.070,supermarket,wholesale,Kulmbach,completed
2669,2026-02-04,2,162,24.62,0.160,beverage_wholesaler,direct,Bamberg,completed
2670,2026-02-04,1,45,22.79,0.050,bar,direct,Hof,completed
2671,2026-02-05,9,131,25.67,0.135,beverage_wholesaler,wholesale,Bamberg,completed
2672,2026-02-05,4,98,22.40,0.135,beverage_wholesaler,wholesale,Nürnberg,completed
2673,2026-02-05,4,32,22.79,0.035,bar,wholesale,Bayreuth,completed
2674,2026-02-05,1,59,22.96,0.080,supermarket,wholesale,Bayreuth,completed
2675,2026-02-05,6,65,24.26,0.060,event_catering,direct,Bayreuth,completed
2676,2026-02-05,2,83,24.71,0.085,supermarket,wholesale,Nürnberg,completed
2677,2026-02-05,5,17,21.71,0.030,restaurant,direct,Nürnberg,completed
2678,2026-02-05,8,59,24.35,0.065,supermarket,wholesale,Kulmbach,completed
2679,2026-02-05,3,21,23.86,0.030,restaurant,direct,Bamberg,completed
2680,2026-02-05,2,16,25.13,0.040,bar,wholesale,Nürnberg,completed
2681,2026-02-05,2,78,25.17,0.070,supermarket,wholesale,Kulmbach,completed
2682,2026-02-05,1,48,23.04,0.070,supermarket,wholesale,Hof,completed
2683,2026-02-05,8,24,24.09,0.025,restaurant,direct,Bamberg,completed
2684,2026-02-05,1,54,22.78,0.120,beverage_wholesaler,wholesale,Kulmbach,completed
2685,2026-02-05,7,37,32.28,0.080,supermarket,wholesale,Nürnberg,cancelled
2686,2026-02-05,4,34,22.41,0.040,bar,direct,Bayreuth,completed
2687,2026-02-05,6,79,24.41,0.120,beverage_wholesaler,direct,Kulmbach,completed
2688,2026-02-05,10,46,32.61,0.040,bar,direct,Nürnberg,completed
2689,2026-02-05,2,23,25.21,0.040,restaurant,direct,Nürnberg,completed
2690,2026-02-06,10,61,32.76,0.060,event_catering,direct,Bamberg,completed
2691,2026-02-06,12,194,26.66,0.150,beverage_wholesaler,wholesale,Nürnberg,completed
2692,2026-02-06,1,37,23.08,0.035,bar,direct,Bamberg,completed
2693,2026-02-06,6,23,24.62,0.035,bar,wholesale,Nürnberg,completed
2694,2026-02-06,5,11,22.02,0.040,bar,direct,Kulmbach,completed
2695,2026-02-06,2,30,25.20,0.070,supermarket,wholesale,Bamberg,completed
2696,2026-02-06,1,93,22.67,0.070,event_catering,direct,Nürnberg,completed
2697,2026-02-06,6,36,24.49,0.040,bar,direct,Coburg,completed
2698,2026-02-06,8,30,24.39,0.040,restaurant,direct,Bayreuth,completed
2699,2026-02-06,4,21,22.62,0.030,restaurant,direct,Hof,completed
2700,2026-02-06,12,35,26.97,0.030,restaurant,direct,Bayreuth,returned
2701,2026-02-06,8,32,24.43,0.040,bar,direct,Coburg,completed
2702,2026-02-06,4,93,22.35,0.135,beverage_wholesaler,wholesale,Bayreuth,completed
2703,2026-02-06,10,33,32.81,0.040,bar,wholesale,Bayreuth,completed
2704,2026-02-06,1,52,22.74,0.030,restaurant,direct,Marktredwitz,completed
2705,2026-02-06,,32,24.15,0.040,restaurant,direct,Bayreuth,completed
2706,2026-02-06,1,29,23.24,0.030,restaurant,direct,Hof,completed
2707,2026-02-06,1,128,22.93,0.130,beverage_wholesaler,wholesale,Nürnberg,completed
2708,2026-02-06,8,24,23.92,0.035,bar,direct,Bamberg,completed
2709,2026-02-06,2,108,24.86,0.085,supermarket,wholesale,Bayreuth,completed
2710,2026-02-06,4,193,22.78,0.150,beverage_wholesaler,wholesale,Nürnberg,completed
2711,2026-02-06,5,49,21.76,0.040,restaurant,wholesale,Nürnberg,completed
2712,2026-02-07,3,96,24.08,0.085,supermarket,wholesale,Hof,completed
2713,2026-02-07,1,46,22.83,0.070,supermarket,wholesale,Bayreuth,completed
2714,2026-02-07,1,105,22.77,0.075,event_catering,direct,Bamberg,completed
2715,2026-02-07,11,79,23.75,0.070,event_catering,direct,Marktredwitz,completed
2716,2026-02-07,3,131,24.16,0.130,beverage_wholesaler,wholesale,Bayreuth,cancelled
2717,2026-02-07,1,79,22.60,0.080,supermarket,wholesale,Coburg,completed
2718,2026-02-07,8,43,24.04,0.040,bar,direct,Hof,completed
2719,2026-02-07,2,19,24.75,0.040,restaurant,direct,Bayreuth,completed
2720,2026-02-07,10,55,33.13,0.065,supermarket,wholesale,Bayreuth,completed
2721,2026-02-07,2,25,24.94,0.030,restaurant,direct,Coburg,completed
2722,2026-02-07,2,29,24.85,0.040,bar,wholesale,Coburg,completed
2723,2026-02-08,2,19,25.20,0.050,bar,direct,Bayreuth,completed
2724,2026-02-08,1,22,22.58,0.070,supermarket,wholesale,Nürnberg,completed
2725,2026-02-08,4,20,22.51,0.040,bar,direct,Bayreuth,completed
2726,2026-02-08,8,78,24.35,0.120,beverage_wholesaler,wholesale,Bayreuth,completed
2727,2026-02-08,4,60,22.74,0.120,beverage_wholesaler,wholesale,Bayreuth,completed
2728,2026-02-08,8,29,24.35,0.070,supermarket,direct,Bayreuth,completed
2729,2026-02-08,3,142,24.20,0.135,beverage_wholesaler,direct,Bayreuth,completed
2730,2026-02-09,1,24,22.66,0.030,restaurant,wholesale,Bayreuth,completed
2731,2026-02-09,6,69,24.68,0.070,event_catering,direct,Kulmbach,completed
2732,2026-02-09,6,40,24.15,0.080,supermarket,wholesale,Nürnberg,completed
2733,2026-02-09,5,10,21.59,0.030,restaurant,direct,Nürnberg,completed
2734,2026-02-09,9,42,25.95,0.120,beverage_wholesaler,wholesale,Hof,completed
2735,2026-02-09,1,43,22.78,0.065,supermarket,wholesale,Bamberg,completed
2736,2026-02-09,2,157,25.09,0.145,beverage_wholesaler,wholesale,Kulmbach,completed
2737,2026-02-09,8,48,24.45,0.030,restaurant,direct,Bayreuth,completed
2738,2026-02-09,1,112,22.70,0.095,supermarket,wholesale,Marktredwitz,completed
2739,2026-02-09,2,78,25.14,0.120,beverage_wholesaler,wholesale,Nürnberg,completed
2740,2026-02-09,10,140,33.08,0.135,beverage_wholesaler,wholesale,Bamberg,completed
2741,2026-02-09,5,26,21.87,0.030,restaurant,direct,Bayreuth,completed
2742,2026-02-09,10,23,32.58,0.030,restaurant,direct,Coburg,completed
2743,2026-02-09,7,244,31.61,0.145,beverage_wholesaler,wholesale,Bayreuth,completed
2744,2026-02-10,8,59,24.51,0.070,supermarket,wholesale,Bayreuth,completed
2745,2026-02-10,3,44,24.24,0.070,supermarket,direct,Bayreuth,returned
2746,2026-02-10,4,27,22.75,0.030,restaurant,wholesale,Hof,completed
2747,2026-02-10,10,136,33.36,0.145,beverage_wholesaler,wholesale,Nürnberg,completed
2748,2026-02-10,1,150,22.79,0.150,beverage_wholesaler,wholesale,Bamberg,completed
2749,2026-02-10,8,22,24.39,0.030,restaurant,direct,Hof,completed
2750,2026-02-10,7,54,31.83,0.065,supermarket,wholesale,Nürnberg,completed
2751,2026-02-10,5,52,21.66,0.065,supermarket,wholesale,Bayreuth,completed
2752,2026-02-10,12,95,27.18,0.130,beverage_wholesaler,wholesale,Bayreuth,completed
2753,2026-02-10,1,30,23.19,0.040,restaurant,direct,Bamberg,completed
2754,2026-02-10,1,105,22.95,0.135,beverage_wholesaler,wholesale,Nürnberg,completed
2755,2026-02-10,1,33,22.93,0.040,bar,wholesale,Bayreuth,completed
2756,2026-02-10,1,21,23.11,0.030,restaurant,direct,Bamberg,completed
2757,2026-02-10,7,14,31.90,0.040,bar,direct,Kulmbach,completed
2758,2026-02-10,1,34,22.60,0.070,supermarket,wholesale,Nürnberg,completed
2759,2026-02-11,4,20,22.48,0.040,bar,direct,Kulmbach,completed
2760,2026-02-11,2,31,24.57,0.030,restaurant,wholesale,Nürnberg,completed
2761,2026-02-11,10,58,32.54,0.120,beverage_wholesaler,wholesale,Kulmbach,completed
2762,2026-02-11,11,31,23.31,0.035,bar,wholesale,Bayreuth,completed
2763,2026-02-11,7,46,31.52,0.120,beverage_wholesaler,wholesale,Bayreuth,completed
2764,2026-02-11,7,69,31.66,0.070,supermarket,wholesale,Hof,completed
2765,2026-02-11,2,78,25.00,0.070,supermarket,wholesale,Bayreuth,completed
2766,2026-02-11,3,26,24.00,0.030,restaurant,direct,Kulmbach,completed
2767,2026-02-11,4,29,22.67,0.030,restaurant,direct,Bamberg,completed
2768,2026-02-11,3,54,23.76,0.060,event_catering,direct,Nürnberg,completed
2769,2026-02-11,7,30,31.84,0.030,restaurant,direct,Bamberg,completed
2770,2026-02-11,2,19,24.68,0.025,restaurant,direct,Coburg,completed
2771,2026-02-11,8,58,24.46,0.055,event_catering,direct,Bayreuth,completed
2772,2026-02-11,1,27,23.22,0.050,bar,wholesale,Bayreuth,completed
2773,2026-02-11,1,33,22.83,0.065,supermarket,wholesale,Nürnberg,completed
2774,2026-02-11,2,54,25.15,0.070,supermarket,wholesale,Bayreuth,completed
2775,2026-02-11,3,42,23.71,0.030,restaurant,direct,Nürnberg,completed
2776,2026-02-11,1,81,22.72,0.145,beverage_wholesaler,wholesale,Kulmbach,completed
2777,2026-02-11,2,68,24.74,0.065,supermarket,wholesale,Marktredwitz,completed
2778,2026-02-12,4,12,22.62,0.030,restaurant,direct,Hof,cancelled
2779,2026-02-12,2,31,24.74,0.040,bar,direct,Hof,completed
2780,2026-02-12,3,15,23.63,0.025,restaurant,direct,Marktredwitz,completed
2781,2026-02-12,11,33,23.44,0.070,supermarket,wholesale,Kulmbach,completed
2782,2026-02-12,5,153,21.81,0.145,beverage_wholesaler,wholesale,Nürnberg,completed
2783,2026-02-12,8,34,24.27,0.030,restaurant,wholesale,Marktredwitz,completed
2784,2026-02-12,7,35,31.52,0.035,bar,wholesale,Marktredwitz,completed
2785,2026-02-12,3,77,24.04,0.120,beverage_wholesaler,wholesale,Nürnberg,cancelled
2786,2026-02-12,8,84,23.86,0.130,beverage_wholesaler,wholesale,Coburg,completed
2787,2026-02-12,2,137,24.86,0.145,beverage_wholesaler,wholesale,Bayreuth,completed
2788,2026-02-12,4,46,22.57,0.070,supermarket,wholesale,Bayreuth,completed
2789,2026-02-12,1,18,22.91,0.030,restaurant,direct,Bayreuth,completed
2790,2026-02-13,6,16,24.48,0.040,bar,direct,Kulmbach,completed
2791,2026-02-13,1,79,22.68,0.070,supermarket,wholesale,Coburg,completed
2792,2026-02-13,5,83,21.93,0.075,event_catering,direct,Bayreuth,completed
2793,2026-02-13,5,62,21.65,0.060,event_catering,direct,Bayreuth,completed
2794,2026-02-13,4,37,22.23,0.030,restaurant,direct,Bayreuth,completed
2795,2026-02-13,1,159,22.69,0.160,beverage_wholesaler,wholesale,Hof,completed
2796,2026-02-13,2,100,24.60,0.145,beverage_wholesaler,wholesale,Bayreuth,completed
2797,2026-02-13,10,142,32.97,0.080,supermarket,wholesale,Kulmbach,completed
2798,2026-02-13,3,44,23.61,0.035,bar,wholesale,Hof,completed
2799,2026-02-13,3,23,23.60,0.040,restaurant,direct,Marktredwitz,completed
2800,2026-02-13,6,24,24.80,0.035,bar,wholesale,Marktredwitz,completed
2801,2026-02-13,10,101,32.56,0.075,event_catering,direct,Bayreuth,completed
2802,2026-02-13,2,43,24.94,0.025,restaurant,direct,Hof,completed
2803,2026-02-13,3,25,23.97,0.050,bar,wholesale,Bayreuth,completed
2804,2026-02-13,1,17,23.13,0.040,bar,direct,Bamberg,completed
2805,2026-02-13,9,46,26.17,0.025,restaurant,direct,Nürnberg,completed
2806,2026-02-13,10,32,32.47,0.030,restaurant,direct,Kulmbach,completed
2807,2026-02-13,3,107,24.04,0.130,beverage_wholesaler,wholesale,Hof,returned
2808,2026-02-13,7,150,32.24,0.160,beverage_wholesaler,wholesale,Coburg,completed
2809,2026-02-13,1,13,23.13,0.040,restaurant,direct,Bayreuth,completed
2810,2026-02-14,3,107,24.13,0.095,supermarket,wholesale,Coburg,completed
2811,2026-02-14,5,40,21.95,0.040,bar,direct,Bamberg,completed
2812,2026-02-14,2,86,24.99,0.085,supermarket,direct,Bayreuth,completed
2813,2026-02-14,2,126,24.74,0.080,supermarket,wholesale,Coburg,completed
2814,2026-02-14,3,14,23.90,0.030,restaurant,direct,Nürnberg,completed
2815,2026-02-14,7,20,32.29,0.025,restaurant,wholesale,Marktredwitz,completed
2816,2026-02-14,8,83,24.13,0.080,supermarket,wholesale,Bayreuth,completed
2817,2026-02-14,8,54,24.19,0.080,supermarket,wholesale,Bayreuth,completed
2818,2026-02-14,8,39,23.88,0.040,bar,wholesale,Coburg,completed
2819,2026-02-14,7,41,32.34,0.060,event_catering,direct,Bayreuth,completed
2820,2026-02-14,1,57,22.77,0.115,beverage_wholesaler,wholesale,Coburg,completed
2821,2026-02-14,9,21,26.22,0.030,restaurant,direct,Kulmbach,completed
2822,2026-02-15,6,71,24.14,0.120,beverage_wholesaler,wholesale,Bayreuth,completed
2823,2026-02-15,2,155,25.21,0.150,beverage_wholesaler,wholesale,Bayreuth,completed
2824,2026-02-15,4,128,22.63,0.135,beverage_wholesaler,wholesale,Hof,completed
2825,2026-02-15,9,99,25.55,0.135,beverage_wholesaler,wholesale,Bamberg,completed
2826,2026-02-15,2,13,25.17,0.035,bar,direct,Nürnberg,completed
2827,2026-02-15,11,74,23.75,0.070,supermarket,wholesale,Nürnberg,completed
2828,2026-02-16,11,34,23.17,0.025,restaurant,direct,Coburg,completed
2829,2026-02-16,8,25,24.50,0.050,bar,direct,Bayreuth,completed
2830,2026-02-16,2,125,24.59,0.095,supermarket,wholesale,Marktredwitz,completed
2831,2026-02-16,7,120,31.95,0.095,supermarket,wholesale,Bayreuth,completed
2832,2026-02-16,3,49,24.14,0.130,beverage_wholesaler,wholesale,Nürnberg,completed
2833,2026-02-16,2,29,24.59,0.050,bar,direct,Marktredwitz,completed
2834,2026-02-16,3,37,23.74,0.070,supermarket,wholesale,Coburg,completed
2835,2026-02-16,1,40,23.10,0.120,beverage_wholesaler,wholesale,Coburg,completed
2836,2026-02-16,1,34,22.76,0.070,supermarket,wholesale,Nürnberg,completed
2837,2026-02-16,3,112,24.07,0.135,beverage_wholesaler,wholesale,Nürnberg,completed
2838,2026-02-16,1,51,22.73,0.055,event_catering,wholesale,Bamberg,completed
2839,2026-02-16,10,29,32.62,0.030,restaurant,direct,Bayreuth,completed
2840,2026-02-16,5,174,21.87,0.150,beverage_wholesaler,direct,Kulmbach,completed
2841,2026-02-16,10,149,32.86,0.130,beverage_wholesaler,wholesale,Coburg,completed
2842,2026-02-16,1,51,22.83,0.070,supermarket,direct,Bayreuth,completed
2843,2026-02-16,1,45,22.64,0.040,bar,direct,Nürnberg,completed
2844,2026-02-16,11,65,23.69,0.120,beverage_wholesaler,wholesale,Bamberg,completed
2845,2026-02-16,2,176,24.95,0.160,beverage_wholesaler,wholesale,Nürnberg,completed
2846,2026-02-16,3,46,23.61,0.040,bar,direct,Nürnberg,completed
2847,2026-02-16,4,37,22.22,0.035,bar,direct,Marktredwitz,cancelled
2848,2026-02-16,3,36,23.56,0.060,event_catering,direct,Hof,completed
2849,2026-02-16,8,69,24.02,0.080,supermarket,wholesale,Bayreuth,completed
2850,2026-02-16,5,79,21.68,0.070,supermarket,wholesale,Nürnberg,completed
2851,2026-02-16,2,140,24.78,0.145,beverage_wholesaler,wholesale,Marktredwitz,completed
2852,2026-02-16,4,51,22.45,0.065,supermarket,wholesale,Bamberg,completed
2853,2026-02-17,1,74,22.79,0.120,beverage_wholesaler,wholesale,Coburg,completed
2854,2026-02-17,3,17,23.73,0.040,bar,direct,Hof,completed
2855,2026-02-17,11,16,23.16,0.025,restaurant,wholesale,Nürnberg,completed
2856,2026-02-17,1,105,23.01,0.080,supermarket,wholesale,Nürnberg,completed
2857,2026-02-17,7,44,31.98,0.060,event_catering,direct,Kulmbach,completed
2858,2026-02-17,2,14,24.80,0.030,restaurant,direct,Bayreuth,completed
2859,2026-02-17,2,66,24.99,0.080,supermarket,direct,Bayreuth,completed
2860,2026-02-17,7,41,32.07,0.080,supermarket,wholesale,Bayreuth,completed
2861,2026-02-17,1,179,22.84,0.150,beverage_wholesaler,wholesale,Coburg,completed
2862,2026-02-17,8,44,24.52,0.070,supermarket,direct,Nürnberg,completed
2863,2026-02-17,10,105,33.39,0.085,supermarket,wholesale,Coburg,completed
2864,2026-02-17,2,55,25.19,0.080,supermarket,wholesale,Bayreuth,completed
2865,2026-02-17,2,22,24.81,0.050,bar,direct,Coburg,completed
2866,2026-02-17,1,20,22.75,0.040,bar,direct,Bamberg,completed
2867,2026-02-17,6,13,24.46,0.040,bar,direct,Bayreuth,completed
2868,2026-02-18,3,20,23.63,0.025,restaurant,direct,Nürnberg,completed
2869,2026-02-18,7,25,31.63,0.070,event_catering,wholesale,Bamberg,completed
2870,2026-02-18,1,145,23.13,0.135,beverage_wholesaler,wholesale,Bayreuth,completed
2871,2026-02-18,3,72,23.85,0.115,beverage_wholesaler,wholesale,Bayreuth,completed
2872,2026-02-18,3,43,24.08,0.050,bar,wholesale,Kulmbach,completed
2873,2026-02-18,2,79,24.61,0.060,event_catering,direct,Coburg,completed
2874,2026-02-18,2,76,24.85,0.130,beverage_wholesaler,wholesale,Hof,completed
2875,2026-02-18,1,44,23.16,0.065,supermarket,wholesale,Nürnberg,completed
2876,2026-02-18,2,31,24.71,0.030,restaurant,direct,Bayreuth,completed
2877,2026-02-18,11,59,23.16,0.070,supermarket,wholesale,Bayreuth,completed
2878,2026-02-18,2,63,24.88,0.115,beverage_wholesaler,wholesale,Nürnberg,completed
2879,2026-02-18,10,119,33.00,0.085,supermarket,wholesale,Nürnberg,completed
2880,2026-02-18,5,30,21.81,0.060,event_catering,direct,Coburg,completed
2881,2026-02-18,7,20,31.85,0.035,bar,direct,Nürnberg,completed
2882,2026-02-18,5,166,22.13,0.160,beverage_wholesaler,wholesale,Bayreuth,completed
2883,2026-02-18,4,201,22.62,0.145,beverage_wholesaler,wholesale,Bayreuth,completed
2884,2026-02-18,8,18,24.17,0.040,bar,wholesale,Marktredwitz,completed
2885,2026-02-19,4,139,22.33,0.085,supermarket,wholesale,Coburg,completed
2886,2026-02-19,6,116,24.86,0.135,beverage_wholesaler,wholesale,Kulmbach,completed
2887,2026-02-19,1,55,23.14,0.060,event_catering,direct,Marktredwitz,completed
2888,2026-02-19,1,51,23.17,0.070,supermarket,wholesale,Hof,completed
2889,2026-02-19,2,43,24.79,0.080,supermarket,direct,Kulmbach,cancelled
2890,2026-02-19,6,28,24.72,0.030,restaurant,direct,Nürnberg,completed
2891,2026-02-19,10,31,32.96,0.030,restaurant,direct,Bayreuth,completed
2892,2026-02-19,6,28,24.82,0.050,bar,wholesale,Bayreuth,completed
2893,2026-02-19,8,21,23.99,0.050,bar,direct,Coburg,completed
2894,2026-02-20,4,38,22.56,0.040,bar,wholesale,Bamberg,completed
2895,2026-02-20,8,34,24.03,0.030,restaurant,direct,Bamberg,completed
2896,2026-02-20,9,94,25.97,0.085,supermarket,wholesale,Kulmbach,completed
2897,2026-02-20,5,35,21.60,0.040,bar,direct,Bayreuth,completed
2898,2026-02-20,10,63,32.77,0.060,event_catering,direct,Bamberg,completed
2899,2026-02-20,7,149,31.71,0.135,beverage_wholesaler,wholesale,Bamberg,completed
2900,2026-02-20,3,98,23.63,0.085,supermarket,wholesale,Bamberg,completed
2901,2026-02-20,8,30,23.85,0.040,bar,direct,Nürnberg,completed
2902,2026-02-20,12,32,26.87,0.050,bar,wholesale,Kulmbach,completed
2903,2026-02-20,1,146,23.01,0.145,beverage_wholesaler,wholesale,Bamberg,completed
2904,2026-02-20,10,37,32.78,0.040,bar,direct,Bayreuth,completed
2905,2026-02-20,1,120,23.20,0.135,beverage_wholesaler,wholesale,Bayreuth,completed
2906,2026-02-20,1,138,22.59,0.085,supermarket,wholesale,Bayreuth,completed
2907,2026-02-20,3,75,24.20,0.070,supermarket,direct,Hof,completed
2908,2026-02-20,11,23,23.64,0.050,bar,direct,Nürnberg,completed
2909,2026-02-20,8,39,24.05,0.070,supermarket,wholesale,Nürnberg,completed
2910,2026-02-20,,148,21.87,0.130,beverage_wholesaler,wholesale,Nürnberg,completed
2911,2026-02-20,10,47,33.07,0.040,bar,direct,Bayreuth,completed
2912,2026-02-20,12,61,27.29,0.060,event_catering,direct,Coburg,completed
2913,2026-02-20,1,95,22.59,0.135,beverage_wholesaler,wholesale,Bayreuth,completed
2914,2026-02-20,2,71,24.56,0.065,supermarket,wholesale,Bayreuth,completed
2915,2026-02-20,6,152,24.54,0.150,beverage_wholesaler,wholesale,Nürnberg,completed
2916,2026-02-20,4,41,22.45,0.050,bar,wholesale,Marktredwitz,completed
2917,2026-02-20,8,128,23.97,0.135,beverage_wholesaler,wholesale,Hof,completed
2918,2026-02-20,1,89,22.73,0.085,supermarket,wholesale,Bamberg,completed
2919,2026-02-20,4,94,22.56,0.095,supermarket,wholesale,Bayreuth,completed
2920,2026-02-20,4,91,22.28,0.080,supermarket,wholesale,Nürnberg,completed
2921,2026-02-21,5,67,21.83,0.065,supermarket,direct,Bayreuth,completed
2922,2026-02-21,1,32,22.74,0.070,supermarket,wholesale,Marktredwitz,completed
2923,2026-02-21,2,114,24.57,0.135,beverage_wholesaler,wholesale,Bayreuth,completed
2924,2026-02-21,10,55,32.46,0.030,restaurant,direct,Bamberg,completed
2925,2026-02-21,10,49,33.05,0.080,supermarket,wholesale,Nürnberg,completed
2926,2026-02-21,4,42,22.78,0.040,bar,direct,Hof,completed
2927,2026-02-21,10,23,33.36,0.040,bar,wholesale,Nürnberg,completed
2928,2026-02-21,1,118,23.05,0.145,beverage_wholesaler,wholesale,Bayreuth,completed
2929,2026-02-21,5,26,22.10,0.030,restaurant,direct,Bayreuth,completed
2930,2026-02-21,9,18,26.28,0.030,restaurant,wholesale,Kulmbach,completed
2931,2026-02-21,10,235,32.59,0.150,beverage_wholesaler,wholesale,Bamberg,completed
2932,2026-02-21,1,94,22.58,0.145,beverage_wholesaler,wholesale,Hof,cancelled
2933,2026-02-21,9,39,25.98,0.070,supermarket,wholesale,Bayreuth,completed
2934,2026-02-21,9,53,25.79,0.130,beverage_wholesaler,wholesale,Nürnberg,completed
2935,2026-02-21,2,27,25.13,0.030,restaurant,wholesale,Bayreuth,completed
2936,2026-02-21,2,120,25.07,0.095,supermarket,wholesale,Bayreuth,completed
2937,2026-02-21,1,25,23.11,0.030,restaurant,direct,Bamberg,completed
2938,2026-02-22,3,44,23.70,0.120,beverage_wholesaler,wholesale,Bayreuth,completed
2939,2026-02-22,1,50,22.78,0.060,event_catering,direct,Kulmbach,completed
2940,2026-02-22,2,20,24.63,0.030,restaurant,direct,Bayreuth,completed
2941,2026-02-22,10,42,32.83,0.030,restaurant,direct,Marktredwitz,completed
2942,2026-02-22,2,20,24.87,0.040,restaurant,direct,Bayreuth,completed
2943,2026-02-22,8,14,24.35,0.025,restaurant,wholesale,Bayreuth,cancelled
2944,2026-02-22,1,21,23.15,0.040,bar,direct,Bamberg,completed
2945,2026-02-23,1,93,22.69,0.135,beverage_wholesaler,wholesale,Nürnberg,completed
2946,2026-02-23,2,16,25.05,0.030,restaurant,direct,Marktredwitz,completed
2947,2026-02-23,4,17,22.32,0.030,restaurant,direct,Nürnberg,completed
2948,2026-02-23,4,133,22.20,0.095,supermarket,wholesale,Bayreuth,completed
2949,2026-02-23,5,193,22.18,0.150,beverage_wholesaler,wholesale,Nürnberg,completed
2950,2026-02-23,9,60,25.86,0.070,supermarket,wholesale,Bamberg,completed
2951,2026-02-23,11,15,23.32,0.035,bar,direct,Bayreuth,completed
2952,2026-02-23,3,15,23.72,0.030,restaurant,direct,Kulmbach,completed
2953,2026-02-23,2,21,25.07,0.030,restaurant,direct,Coburg,completed
2954,2026-02-23,10,219,33.33,0.150,beverage_wholesaler,wholesale,Nürnberg,completed
2955,2026-02-23,3,47,23.67,0.080,supermarket,wholesale,Marktredwitz,completed
2956,2026-02-23,6,74,24.62,0.065,supermarket,wholesale,Bamberg,completed
2957,2026-02-23,6,16,24.22,0.030,restaurant,wholesale,Marktredwitz,completed
2958,2026-02-23,12,20,26.97,0.030,restaurant,direct,Bayreuth,completed
2959,2026-02-24,1,24,22.63,0.040,bar,direct,Nürnberg,completed
2960,2026-02-24,3,32,23.69,0.130,beverage_wholesaler,wholesale,Nürnberg,completed
2961,2026-02-24,7,19,32.35,0.040,bar,direct,Hof,completed
2962,2026-02-24,10,106,33.18,0.070,event_catering,direct,Coburg,completed
2963,2026-02-24,3,27,23.68,0.040,restaurant,direct,Kulmbach,completed
2964,2026-02-24,4,118,22.50,0.135,beverage_wholesaler,wholesale,Bamberg,completed
2965,2026-02-24,7,37,31.79,0.060,event_catering,direct,Marktredwitz,completed
2966,2026-02-24,8,38,24.34,0.030,restaurant,direct,Kulmbach,completed
2967,2026-02-24,8,50,23.99,0.070,supermarket,wholesale,Bayreuth,completed
2968,2026-02-24,5,59,21.92,0.080,supermarket,wholesale,Bayreuth,completed
2969,2026-02-24,2,139,24.57,0.135,beverage_wholesaler,wholesale,Kulmbach,completed
2970,2026-02-24,4,42,22.43,0.070,supermarket,wholesale,Bamberg,completed
2971,2026-02-24,4,28,22.26,0.040,bar,direct,Kulmbach,completed
2972,2026-02-24,10,102,32.78,0.095,supermarket,wholesale,Bamberg,completed
2973,2026-02-24,7,26,31.50,0.035,bar,direct,Marktredwitz,completed
2974,2026-02-24,2,18,25.22,0.025,restaurant,direct,Kulmbach,completed
2975,2026-02-25,6,30,24.53,0.070,event_catering,direct,Bayreuth,completed
2976,2026-02-25,4,40,22.32,0.060,event_catering,direct,Hof,completed
2977,2026-02-25,1,17,22.88,0.035,bar,direct,Hof,completed
2978,2026-02-25,10,204,32.82,0.145,beverage_wholesaler,wholesale,Bayreuth,completed
2979,2026-02-25,8,37,24.16,0.030,restaurant,direct,Marktredwitz,completed
2980,2026-02-25,6,18,24.16,0.050,bar,direct,Bamberg,completed
2981,2026-02-25,10,47,32.79,0.040,bar,wholesale,Nürnberg,completed
2982,2026-02-25,12,77,27.14,0.120,beverage_wholesaler,wholesale,Kulmbach,completed
2983,2026-02-25,2,20,24.71,0.040,restaurant,direct,Bayreuth,completed
2984,2026-02-25,11,30,23.48,0.040,bar,direct,Bayreuth,completed
2985,2026-02-25,2,36,24.56,0.040,bar,wholesale,Hof,completed
2986,2026-02-25,1,11,23.07,0.030,restaurant,direct,Bayreuth,completed
2987,2026-02-26,6,86,24.64,0.095,supermarket,wholesale,Marktredwitz,completed
2988,2026-02-26,7,79,31.48,0.065,supermarket,wholesale,Nürnberg,completed
2989,2026-02-26,1,28,23.00,0.040,bar,direct,Bayreuth,completed
2990,2026-02-26,2,33,25.14,0.070,supermarket,wholesale,Bamberg,completed
2991,2026-02-26,2,25,25.15,0.040,bar,direct,Nürnberg,completed
2992,2026-02-26,1,67,23.04,0.070,supermarket,direct,Coburg,completed
2993,2026-02-26,3,68,23.65,0.065,supermarket,wholesale,Bamberg,completed
2994,2026-02-26,4,18,22.25,0.025,restaurant,direct,Nürnberg,completed
2995,2026-02-26,5,70,21.71,0.120,beverage_wholesaler,wholesale,Nürnberg,completed
2996,2026-02-26,11,42,23.66,0.070,supermarket,wholesale,Bayreuth,completed
2997,2026-02-26,1,69,23.24,0.120,beverage_wholesaler,direct,Bayreuth,completed
2998,2026-02-26,11,35,23.45,0.035,bar,wholesale,Marktredwitz,completed
2999,2026-02-26,8,76,24.38,0.065,supermarket,wholesale,Bayreuth,completed
3000,2026-02-26,10,137,32.45,0.135,beverage_wholesaler,wholesale,Nürnberg,completed
3001,2026-02-26,1,54,23.14,0.040,bar,direct,Nürnberg,completed
3002,2026-02-26,9,76,25.78,0.130,beverage_wholesaler,wholesale,Nürnberg,completed
3003,2026-02-26,6,84,24.69,0.145,beverage_wholesaler,wholesale,Marktredwitz,completed
3004,2026-02-27,7,148,31.73,0.135,beverage_wholesaler,wholesale,Nürnberg,completed
3005,2026-02-27,4,48,22.49,0.040,restaurant,direct,Bayreuth,completed
3006,2026-02-27,5,160,21.70,0.160,beverage_wholesaler,wholesale,Coburg,completed
3007,2026-02-27,1,17,23.11,0.040,bar,direct,Marktredwitz,completed
3008,2026-02-27,5,82,21.68,0.085,supermarket,wholesale,Coburg,completed
3009,2026-02-27,9,41,25.56,0.025,restaurant,direct,Hof,completed
3010,2026-02-27,1,13,22.77,0.040,restaurant,direct,Nürnberg,completed
3011,2026-02-27,2,230,25.23,0.150,beverage_wholesaler,wholesale,Marktredwitz,completed
3012,2026-02-27,10,24,33.24,0.040,restaurant,direct,Bayreuth,completed
3013,2026-02-27,7,31,31.53,0.055,event_catering,direct,Bayreuth,completed
3014,2026-02-27,8,155,24.09,0.150,beverage_wholesaler,wholesale,Coburg,completed
3015,2026-02-27,2,100,25.19,0.145,beverage_wholesaler,wholesale,Coburg,completed
3016,2026-02-27,2,50,25.07,0.080,supermarket,direct,Marktredwitz,completed
3017,2026-02-27,1,92,23.21,0.130,beverage_wholesaler,wholesale,Nürnberg,completed
3018,2026-02-27,4,79,22.53,0.120,beverage_wholesaler,wholesale,Bayreuth,completed
3019,2026-02-27,3,33,23.67,0.040,bar,direct,Bamberg,completed
3020,2026-02-27,9,53,25.73,0.070,supermarket,wholesale,Coburg,completed
3021,2026-02-27,2,15,24.75,0.040,bar,direct,Nürnberg,completed
3022,2026-02-27,1,57,22.95,0.080,supermarket,wholesale,Bayreuth,completed
3023,2026-02-27,7,89,31.83,0.135,beverage_wholesaler,wholesale,Marktredwitz,completed
3024,2026-02-27,3,46,24.18,0.025,restaurant,direct,Bayreuth,completed
3025,2026-02-27,9,63,26.22,0.080,supermarket,wholesale,Nürnberg,completed
3026,2026-02-27,1,44,23.22,0.065,supermarket,wholesale,Nürnberg,completed
3027,2026-02-27,2,65,24.61,0.070,supermarket,wholesale,Bayreuth,completed
3028,2026-02-27,8,60,23.92,0.070,supermarket,wholesale,Marktredwitz,completed
3029,2026-02-27,6,129,24.31,0.085,supermarket,wholesale,Marktredwitz,completed
3030,2026-02-27,4,284,22.68,0.150,beverage_wholesaler,wholesale,Hof,completed
3031,2026-02-27,1,88,22.68,0.080,supermarket,wholesale,Nürnberg,completed
3032,2026-02-27,2,25,24.53,0.050,bar,wholesale,Marktredwitz,cancelled
3033,2026-02-28,7,144,32.26,0.130,beverage_wholesaler,wholesale,Coburg,completed
3034,2026-02-28,7,121,32.13,0.075,event_catering,direct,Bayreuth,completed
3035,2026-02-28,1,80,23.23,0.085,supermarket,wholesale,Marktredwitz,completed
3036,2026-02-28,7,24,31.51,0.030,restaurant,wholesale,Bamberg,completed
3037,2026-02-28,3,33,23.65,0.060,event_catering,direct,Nürnberg,completed
3038,2026-02-28,4,39,22.48,0.050,bar,direct,Marktredwitz,completed
3039,2026-02-28,8,19,24.40,0.040,restaurant,direct,Bamberg,completed
3040,2026-02-28,4,37,22.83,0.025,restaurant,direct,Hof,completed
3041,2026-02-28,7,46,31.67,0.040,bar,direct,Hof,completed
3042,2026-02-28,6,38,24.55,0.025,restaurant,wholesale,Bamberg,completed
3043,2026-02-28,2,24,24.57,0.030,restaurant,wholesale,Bamberg,completed
3044,2026-02-28,1,23,23.12,0.050,bar,wholesale,Bayreuth,completed
3045,2026-02-28,1,19,22.74,0.040,restaurant,direct,Kulmbach,completed
3046,2026-02-28,4,93,22.75,0.135,beverage_wholesaler,wholesale,Hof,completed
3047,2026-02-28,1,12,23.00,0.030,restaurant,direct,Kulmbach,completed
3048,2026-03-01,10,69,32.96,0.070,supermarket,wholesale,Bamberg,completed
3049,2026-03-01,3,38,23.95,0.035,bar,direct,Bayreuth,completed
3050,2026-03-01,1,8,22.70,0.030,restaurant,wholesale,Hof,completed
3051,2026-03-01,3,12,23.58,0.040,bar,wholesale,Marktredwitz,completed
3052,2026-03-01,2,37,24.97,0.070,supermarket,wholesale,Coburg,completed
3053,2026-03-01,7,105,31.91,0.085,supermarket,wholesale,Marktredwitz,completed
3054,2026-03-01,9,131,26.04,0.130,beverage_wholesaler,wholesale,Kulmbach,completed
3055,2026-03-01,7,87,31.89,0.145,beverage_wholesaler,wholesale,Kulmbach,completed
3056,2026-03-01,2,104,24.74,0.145,beverage_wholesaler,wholesale,Nürnberg,completed
3057,2026-03-02,9,18,25.71,0.030,restaurant,direct,Bayreuth,cancelled
3058,2026-03-02,7,88,31.96,0.095,supermarket,wholesale,Bayreuth,completed
3059,2026-03-02,1,64,23.09,0.080,supermarket,wholesale,Coburg,completed
3060,2026-03-02,6,88,24.63,0.085,supermarket,direct,Bayreuth,completed
3061,2026-03-02,1,32,22.85,0.040,bar,direct,Bayreuth,completed
3062,2026-03-02,6,71,24.65,0.115,beverage_wholesaler,wholesale,Nürnberg,completed
3063,2026-03-02,4,19,22.65,0.040,bar,wholesale,Bamberg,completed
3064,2026-03-02,8,62,23.93,0.070,supermarket,wholesale,Coburg,completed
3065,2026-03-02,5,201,21.87,0.150,beverage_wholesaler,wholesale,Bayreuth,completed
3066,2026-03-02,12,20,26.63,0.030,restaurant,direct,Nürnberg,completed
3067,2026-03-02,3,84,23.66,0.070,event_catering,direct,Marktredwitz,completed
3068,2026-03-02,3,38,23.89,0.080,supermarket,wholesale,Kulmbach,completed
3069,2026-03-02,2,92,24.67,0.095,supermarket,wholesale,Kulmbach,completed
3070,2026-03-02,3,79,23.63,0.070,supermarket,wholesale,Bayreuth,completed
3071,2026-03-02,1,38,23.21,0.070,supermarket,wholesale,Hof,completed
3072,2026-03-02,3,83,24.19,0.135,beverage_wholesaler,wholesale,Nürnberg,completed
3073,2026-03-02,5,25,21.72,0.040,restaurant,direct,Bayreuth,completed
3074,2026-03-02,2,22,24.61,0.040,bar,direct,Bamberg,completed
3075,2026-03-02,11,33,23.78,0.030,restaurant,direct,Marktredwitz,completed
3076,2026-03-03,4,21,22.55,0.030,restaurant,direct,Hof,completed
3077,2026-03-03,8,24,23.92,0.030,restaurant,wholesale,Hof,completed
3078,2026-03-03,1,44,23.10,0.030,restaurant,wholesale,Bayreuth,completed
3079,2026-03-03,2,31,25.01,0.050,bar,wholesale,Bayreuth,completed
3080,2026-03-03,2,32,24.56,0.040,bar,wholesale,Nürnberg,completed
3081,2026-03-03,3,19,23.67,0.040,restaurant,direct,Bayreuth,completed
3082,2026-03-03,7,46,32.04,0.070,supermarket,wholesale,Bayreuth,completed
3083,2026-03-03,6,118,24.82,0.135,beverage_wholesaler,wholesale,Nürnberg,completed
3084,2026-03-03,3,85,24.24,0.085,supermarket,direct,Kulmbach,completed
3085,2026-03-03,3,68,23.92,0.070,supermarket,wholesale,Coburg,completed
3086,2026-03-03,3,79,24.24,0.060,event_catering,direct,Bayreuth,completed
3087,2026-03-03,5,82,21.87,0.085,supermarket,direct,Bayreuth,completed
3088,2026-03-03,8,28,24.22,0.035,bar,wholesale,Bayreuth,completed
3089,2026-03-03,3,31,23.57,0.060,event_catering,direct,Marktredwitz,completed
3090,2026-03-04,1,25,23.15,0.025,restaurant,direct,Coburg,completed
3091,2026-03-04,2,25,24.53,0.040,bar,wholesale,Bayreuth,completed
3092,2026-03-04,10,31,32.45,0.025,restaurant,direct,Coburg,completed
3093,2026-03-04,8,100,24.26,0.135,beverage_wholesaler,wholesale,Bayreuth,completed
3094,2026-03-04,6,84,24.67,0.085,supermarket,wholesale,Nürnberg,completed
3095,2026-03-04,3,18,24.10,0.030,restaurant,direct,Bayreuth,completed
3096,2026-03-04,2,125,24.70,0.145,beverage_wholesaler,wholesale,Bamberg,completed
3097,2026-03-04,3,23,24.14,0.030,restaurant,direct,Bayreuth,completed
3098,2026-03-04,3,31,24.06,0.035,bar,direct,Bamberg,completed
3099,2026-03-04,2,88,24.66,0.095,supermarket,wholesale,Kulmbach,completed
3100,2026-03-04,1,51,23.13,0.065,supermarket,wholesale,Bayreuth,completed
3101,2026-03-04,5,67,21.71,0.120,beverage_wholesaler,wholesale,Bayreuth,cancelled
3102,2026-03-04,11,12,23.47,0.040,restaurant,direct,Nürnberg,completed
3103,2026-03-04,1,92,22.95,0.135,beverage_wholesaler,wholesale,Nürnberg,completed
3104,2026-03-04,4,53,22.67,0.130,beverage_wholesaler,wholesale,Kulmbach,completed
3105,2026-03-04,3,41,23.90,0.070,supermarket,wholesale,Bamberg,completed
3106,2026-03-04,2,42,24.95,0.070,supermarket,wholesale,Nürnberg,completed
3107,2026-03-04,4,17,22.26,0.030,restaurant,direct,Nürnberg,completed
3108,2026-03-04,1,88,22.88,0.080,supermarket,wholesale,Kulmbach,completed
3109,2026-03-04,1,56,22.84,0.070,supermarket,wholesale,Nürnberg,completed
3110,2026-03-04,9,20,25.93,0.030,restaurant,direct,Bayreuth,completed
3111,2026-03-04,1,179,22.83,0.150,beverage_wholesaler,wholesale,Bayreuth,completed
3112,2026-03-04,3,37,23.82,0.035,bar,direct,Bamberg,completed
3113,2026-03-05,1,29,23.24,0.055,event_catering,wholesale,Kulmbach,completed
3114,2026-03-05,3,78,24.05,0.080,supermarket,wholesale,Bayreuth,completed
3115,2026-03-05,4,73,22.73,0.120,beverage_wholesaler,wholesale,Nürnberg,completed
3116,2026-03-05,6,36,24.58,0.030,restaurant,wholesale,Bamberg,completed
3117,2026-03-05,7,63,31.54,0.070,supermarket,wholesale,Coburg,completed
3118,2026-03-05,2,15,25.14,0.030,restaurant,direct,Bayreuth,completed
3119,2026-03-05,1,27,22.99,0.040,bar,direct,Bayreuth,completed
3120,2026-03-05,1,51,22.78,0.070,supermarket,wholesale,Bayreuth,completed
3121,2026-03-05,5,34,21.61,0.040,bar,direct,Bayreuth,completed
3122,2026-03-05,2,31,24.74,0.040,restaurant,wholesale,Kulmbach,completed
3123,2026-03-05,2,163,24.98,0.095,supermarket,wholesale,Hof,completed
3124,2026-03-05,7,16,31.59,0.035,bar,wholesale,Kulmbach,completed
3125,2026-03-05,7,24,31.89,0.030,restaurant,direct,Marktredwitz,completed
3126,2026-03-05,4,29,22.37,0.040,bar,direct,Bamberg,completed
3127,2026-03-05,3,51,23.96,0.060,event_catering,direct,Bayreuth,completed
3128,2026-03-05,1,269,22.79,0.150,beverage_wholesaler,wholesale,Nürnberg,completed
3129,2026-03-05,2,101,24.88,0.135,beverage_wholesaler,wholesale,Coburg,completed
3130,2026-03-05,4,64,22.21,0.065,supermarket,direct,Coburg,completed
3131,2026-03-05,10,138,32.75,0.145,beverage_wholesaler,wholesale,Bayreuth,completed
3132,2026-03-05,10,26,32.44,0.040,bar,direct,Bamberg,completed
3133,2026-03-05,5,85,22.15,0.085,supermarket,wholesale,Nürnberg,completed
3134,2026-03-05,7,34,31.66,0.030,restaurant,wholesale,Bayreuth,completed
3135,2026-03-05,1,61,22.83,0.070,event_catering,direct,Bayreuth,completed
3136,2026-03-05,5,97,21.64,0.095,supermarket,wholesale,Bayreuth,completed
3137,2026-03-05,1,40,22.79,0.070,supermarket,wholesale,Kulmbach,completed
3138,2026-03-05,9,44,25.61,0.070,event_catering,direct,Marktredwitz,completed
3139,2026-03-05,2,43,24.69,0.060,event_catering,wholesale,Nürnberg,completed
3140,2026-03-05,7,20,32.32,0.040,bar,direct,Hof,completed
3141,2026-03-05,2,115,25.25,0.135,beverage_wholesaler,wholesale,Hof,completed
3142,2026-03-05,6,111,24.40,0.095,supermarket,wholesale,Bayreuth,completed
3143,2026-03-05,3,52,23.65,0.070,supermarket,wholesale,Kulmbach,completed
3144,2026-03-06,1,23,22.60,0.040,bar,direct,Bayreuth,completed
3145,2026-03-06,4,47,22.17,0.070,supermarket,wholesale,Bayreuth,completed
3146,2026-03-06,12,110,27.01,0.130,beverage_wholesaler,wholesale,Kulmbach,completed
3147,2026-03-06,2,70,24.55,0.070,supermarket,wholesale,Marktredwitz,completed
3148,2026-03-06,2,40,25.22,0.065,supermarket,wholesale,Hof,completed
3149,2026-03-06,6,133,24.43,0.135,beverage_wholesaler,wholesale,Bamberg,cancelled
3150,2026-03-06,3,25,24.17,0.040,bar,wholesale,Nürnberg,completed
3151,2026-03-06,5,21,21.95,0.030,restaurant,direct,Kulmbach,completed
3152,2026-03-06,2,63,24.71,0.080,supermarket,wholesale,Coburg,completed
3153,2026-03-06,8,151,24.37,0.150,beverage_wholesaler,wholesale,Marktredwitz,completed
3154,2026-03-06,2,129,24.79,0.135,beverage_wholesaler,wholesale,Nürnberg,completed
3155,2026-03-06,4,121,22.42,0.130,beverage_wholesaler,wholesale,Kulmbach,completed
3156,2026-03-06,12,115,26.98,0.085,supermarket,direct,Bamberg,cancelled
3157,2026-03-06,8,408,23.90,0.150,beverage_wholesaler,wholesale,Nürnberg,completed
3158,2026-03-06,2,30,25.25,0.035,bar,direct,Hof,completed
3159,2026-03-07,7,19,31.57,0.040,bar,direct,Bayreuth,completed
3160,2026-03-07,7,108,31.99,0.135,beverage_wholesaler,wholesale,Kulmbach,completed
3161,2026-03-07,4,45,22.73,0.030,restaurant,direct,Bayreuth,completed
3162,2026-03-07,2,32,24.82,0.030,restaurant,direct,Coburg,completed
3163,2026-03-07,1,23,23.12,0.030,restaurant,direct,Bayreuth,completed
3164,2026-03-07,12,48,26.59,0.050,bar,direct,Bayreuth,completed
3165,2026-03-07,5,137,21.66,0.145,beverage_wholesaler,wholesale,Kulmbach,cancelled
3166,2026-03-07,5,194,21.58,0.145,beverage_wholesaler,wholesale,Bayreuth,completed
3167,2026-03-07,5,19,21.59,0.030,restaurant,wholesale,Nürnberg,completed
3168,2026-03-07,1,15,22.68,0.030,restaurant,direct,Bayreuth,completed
3169,2026-03-07,9,24,25.64,0.030,restaurant,direct,Coburg,completed
3170,2026-03-07,6,23,24.72,0.030,restaurant,direct,Kulmbach,returned
3171,2026-03-07,7,111,31.80,0.130,beverage_wholesaler,wholesale,Nürnberg,completed
3172,2026-03-07,1,109,22.75,0.085,supermarket,wholesale,Hof,completed
3173,2026-03-07,2,17,24.53,0.030,restaurant,direct,Nürnberg,completed
3174,2026-03-07,4,72,22.49,0.065,supermarket,wholesale,Bamberg,completed
3175,2026-03-07,6,107,24.38,0.135,beverage_wholesaler,wholesale,Marktredwitz,completed
3176,2026-03-07,4,101,22.83,0.130,beverage_wholesaler,wholesale,Bayreuth,completed
3177,2026-03-07,1,49,23.07,0.070,supermarket,wholesale,Nürnberg,completed
3178,2026-03-07,8,27,24.27,0.025,restaurant,direct,Coburg,completed
3179,2026-03-07,1,25,23.14,0.030,restaurant,direct,Kulmbach,completed
3180,2026-03-07,3,41,23.95,0.040,restaurant,direct,Bayreuth,completed
3181,2026-03-08,1,25,22.88,0.040,restaurant,direct,Bayreuth,completed
3182,2026-03-08,5,117,21.94,0.135,beverage_wholesaler,wholesale,Bayreuth,completed
3183,2026-03-08,9,39,25.61,0.040,bar,direct,Bayreuth,completed
3184,2026-03-08,3,14,23.86,0.030,restaurant,direct,Nürnberg,completed
3185,2026-03-08,5,16,21.92,0.030,restaurant,direct,Bayreuth,completed
3186,2026-03-08,4,67,22.58,0.120,beverage_wholesaler,wholesale,Kulmbach,completed
3187,2026-03-08,4,63,22.33,0.065,supermarket,wholesale,Kulmbach,completed
3188,2026-03-08,4,25,22.34,0.030,restaurant,direct,Nürnberg,completed
3189,2026-03-08,7,72,32.00,0.070,supermarket,wholesale,Kulmbach,completed
3190,2026-03-08,7,40,32.22,0.070,supermarket,direct,Bamberg,completed
3191,2026-03-08,1,29,22.74,0.060,event_catering,direct,Nürnberg,completed
3192,2026-03-08,3,134,24.11,0.135,beverage_wholesaler,wholesale,Bayreuth,completed
3193,2026-03-08,4,81,22.70,0.135,beverage_wholesaler,wholesale,Bayreuth,completed
3194,2026-03-08,2,45,24.61,0.070,supermarket,direct,Kulmbach,completed
3195,2026-03-09,12,44,26.76,0.070,supermarket,wholesale,Coburg,completed
3196,2026-03-09,7,68,32.24,0.070,supermarket,wholesale,Bamberg,completed
3197,2026-03-09,11,13,23.49,0.030,restaurant,wholesale,Kulmbach,completed
3198,2026-03-09,11,190,23.38,0.150,beverage_wholesaler,wholesale,Bayreuth,completed
3199,2026-03-09,2,87,25.23,0.145,beverage_wholesaler,wholesale,Bayreuth,completed
3200,2026-03-09,10,60,33.13,0.070,event_catering,direct,Nürnberg,completed
3201,2026-03-09,5,19,21.97,0.030,restaurant,direct,Hof,completed
3202,2026-03-09,10,148,32.79,0.135,beverage_wholesaler,wholesale,Bayreuth,completed
3203,2026-03-09,3,144,23.57,0.145,beverage_wholesaler,wholesale,Bamberg,completed
3204,2026-03-09,1,50,23.10,0.040,restaurant,direct,Marktredwitz,completed
3205,2026-03-09,10,15,32.67,0.030,restaurant,direct,Bayreuth,completed
3206,2026-03-09,4,21,22.71,0.025,restaurant,direct,Bayreuth,completed
3207,2026-03-09,10,137,33.23,0.135,beverage_wholesaler,wholesale,Bayreuth,completed
3208,2026-03-09,4,31,22.66,0.070,supermarket,wholesale,Bayreuth,completed
3209,2026-03-09,4,44,22.64,0.080,supermarket,wholesale,Kulmbach,completed
3210,2026-03-09,4,28,22.60,0.025,restaurant,direct,Kulmbach,completed
3211,2026-03-09,2,71,24.69,0.065,supermarket,wholesale,Bayreuth,completed
3212,2026-03-09,2,41,24.78,0.030,restaurant,direct,Bayreuth,completed
3213,2026-03-09,7,151,31.83,0.160,beverage_wholesaler,wholesale,Nürnberg,completed
3214,2026-03-09,4,23,22.22,0.030,restaurant,direct,Kulmbach,completed
3215,2026-03-09,3,41,23.92,0.040,bar,direct,Nürnberg,completed
3216,2026-03-09,1,19,22.78,0.040,bar,direct,Nürnberg,completed
3217,2026-03-09,4,107,22.39,0.130,beverage_wholesaler,wholesale,Nürnberg,completed
3218,2026-03-10,1,64,23.14,0.070,supermarket,wholesale,Nürnberg,completed
3219,2026-03-10,2,144,24.77,0.095,supermarket,wholesale,Bayreuth,completed
3220,2026-03-10,9,59,25.62,0.040,bar,direct,Bayreuth,completed
3221,2026-03-10,1,35,22.95,0.040,bar,direct,Bayreuth,completed
3222,2026-03-10,2,33,24.78,0.025,restaurant,direct,Nürnberg,completed
3223,2026-03-10,3,45,23.84,0.060,event_catering,direct,Coburg,completed
3224,2026-03-10,1,109,22.70,0.135,beverage_wholesaler,wholesale,Bayreuth,completed
3225,2026-03-10,4,61,22.77,0.080,supermarket,direct,Bamberg,returned
3226,2026-03-10,4,15,22.21,0.025,restaurant,wholesale,Bayreuth,completed
3227,2026-03-10,2,21,24.74,0.040,bar,direct,Marktredwitz,completed
3228,2026-03-10,9,19,25.93,0.025,restaurant,direct,Nürnberg,completed
3229,2026-03-10,10,16,32.90,0.040,restaurant,direct,Nürnberg,completed
3230,2026-03-10,7,23,31.71,0.030,restaurant,direct,Bamberg,completed
3231,2026-03-10,1,14,22.70,0.040,bar,wholesale,Marktredwitz,completed
3232,2026-03-10,3,18,23.71,0.030,restaurant,direct,Bayreuth,completed
3233,2026-03-10,2,273,24.80,0.150,beverage_wholesaler,wholesale,Bayreuth,completed
3234,2026-03-10,2,78,24.81,0.060,event_catering,direct,Bamberg,completed
3235,2026-03-10,4,148,22.67,0.135,beverage_wholesaler,wholesale,Bayreuth,completed
3236,2026-03-10,10,102,32.96,0.085,supermarket,direct,Bayreuth,completed
3237,2026-03-11,7,70,32.33,0.065,supermarket,wholesale,Nürnberg,completed
3238,2026-03-11,6,60,24.34,0.055,event_catering,direct,Kulmbach,completed
3239,2026-03-11,3,67,23.55,0.055,event_catering,wholesale,Marktredwitz,completed
3240,2026-03-11,12,20,26.70,0.030,restaurant,wholesale,Coburg,completed
3241,2026-03-11,4,109,22.77,0.085,supermarket,wholesale,Bamberg,completed
3242,2026-03-11,6,17,24.80,0.030,restaurant,wholesale,Marktredwitz,completed
3243,2026-03-11,6,79,24.74,0.070,supermarket,wholesale,Bayreuth,completed
3244,2026-03-11,2,112,24.54,0.135,beverage_wholesaler,wholesale,Bayreuth,completed
3245,2026-03-11,3,90,23.89,0.135,beverage_wholesaler,wholesale,Hof,completed
3246,2026-03-11,9,90,25.77,0.080,supermarket,wholesale,Marktredwitz,completed
3247,2026-03-11,3,20,23.80,0.030,restaurant,direct,Coburg,completed
3248,2026-03-11,12,129,26.81,0.135,beverage_wholesaler,wholesale,Bamberg,completed
3249,2026-03-11,1,43,22.71,0.070,supermarket,wholesale,Kulmbach,completed
3250,2026-03-11,9,43,25.82,0.030,restaurant,direct,Bayreuth,completed
3251,2026-03-11,6,39,24.54,0.030,restaurant,wholesale,Bayreuth,completed
3252,2026-03-11,4,85,22.83,0.080,supermarket,wholesale,Nürnberg,completed
3253,2026-03-11,3,30,23.82,0.040,bar,wholesale,Bayreuth,completed
3254,2026-03-11,5,17,21.57,0.030,restaurant,direct,Kulmbach,completed
3255,2026-03-11,7,20,32.14,0.040,bar,wholesale,Coburg,completed
3256,2026-03-11,12,220,27.04,0.150,beverage_wholesaler,wholesale,Bayreuth,completed
3257,2026-03-11,2,28,24.68,0.050,bar,direct,Bayreuth,completed
3258,2026-03-12,7,16,31.62,0.040,restaurant,direct,Bayreuth,completed
3259,2026-03-12,8,65,23.85,0.120,beverage_wholesaler,direct,Hof,completed
3260,2026-03-12,8,36,24.20,0.030,restaurant,wholesale,Coburg,cancelled
3261,2026-03-12,2,87,25.06,0.085,supermarket,direct,Nürnberg,completed
3262,2026-03-12,4,92,22.59,0.085,supermarket,wholesale,Bayreuth,completed
3263,2026-03-12,5,29,21.68,0.040,bar,direct,Nürnberg,completed
3264,2026-03-12,2,120,25.06,0.085,supermarket,wholesale,Kulmbach,completed
3265,2026-03-12,2,48,25.02,0.060,event_catering,direct,Bayreuth,completed
3266,2026-03-12,1,98,22.96,0.135,beverage_wholesaler,wholesale,Hof,completed
3267,2026-03-12,1,107,22.87,0.135,beverage_wholesaler,wholesale,Hof,completed
3268,2026-03-12,2,166,24.98,0.145,beverage_wholesaler,wholesale,Kulmbach,completed
3269,2026-03-12,2,120,25.20,0.135,beverage_wholesaler,wholesale,Marktredwitz,completed
3270,2026-03-12,3,69,23.83,0.070,supermarket,wholesale,Bamberg,completed
3271,2026-03-13,3,33,23.95,0.040,bar,wholesale,Kulmbach,completed
3272,2026-03-13,7,183,32.31,0.150,beverage_wholesaler,wholesale,Marktredwitz,completed
3273,2026-03-13,3,34,23.89,0.025,restaurant,wholesale,Bamberg,completed
3274,2026-03-13,1,38,22.93,0.030,restaurant,wholesale,Nürnberg,completed
3275,2026-03-13,5,20,22.21,0.040,restaurant,wholesale,Hof,completed
3276,2026-03-13,2,23,24.80,0.040,restaurant,direct,Bamberg,completed
3277,2026-03-13,1,18,23.11,0.040,restaurant,wholesale,Nürnberg,completed
3278,2026-03-13,1,32,22.97,0.070,supermarket,wholesale,Bamberg,completed
3279,2026-03-13,7,158,32.14,0.110,supermarket,wholesale,Nürnberg,completed
3280,2026-03-13,4,142,22.39,0.135,beverage_wholesaler,wholesale,Bamberg,cancelled
3281,2026-03-13,8,70,24.40,0.080,supermarket,wholesale,Bayreuth,completed
3282,2026-03-13,2,48,25.11,0.065,supermarket,wholesale,Bamberg,completed
3283,2026-03-13,6,26,24.32,0.030,restaurant,wholesale,Coburg,completed
3284,2026-03-13,4,21,22.32,0.025,restaurant,wholesale,Kulmbach,completed
3285,2026-03-13,2,81,24.81,0.080,supermarket,wholesale,Bayreuth,completed
3286,2026-03-13,3,14,24.01,0.030,restaurant,direct,Marktredwitz,completed
3287,2026-03-13,9,32,25.98,0.030,restaurant,direct,Bayreuth,completed
3288,2026-03-13,2,47,24.99,0.050,bar,direct,Nürnberg,completed
3289,2026-03-13,7,97,32.07,0.145,beverage_wholesaler,wholesale,Bayreuth,returned
3290,2026-03-13,3,34,24.21,0.065,supermarket,wholesale,Marktredwitz,completed
3291,2026-03-13,8,149,24.05,0.135,beverage_wholesaler,wholesale,Hof,completed
3292,2026-03-13,3,101,24.05,0.095,supermarket,wholesale,Bamberg,completed
3293,2026-03-13,1,30,22.71,0.030,restaurant,direct,Bayreuth,completed
3294,2026-03-13,1,129,22.90,0.145,beverage_wholesaler,direct,Bamberg,completed
3295,2026-03-13,4,187,22.20,0.150,beverage_wholesaler,direct,Hof,completed
3296,2026-03-13,3,35,23.71,0.060,event_catering,direct,Kulmbach,completed
3297,2026-03-13,4,11,22.61,0.040,restaurant,direct,Bamberg,completed
3298,2026-03-13,2,120,24.88,0.145,beverage_wholesaler,wholesale,Bamberg,completed
3299,2026-03-13,2,67,25.06,0.080,supermarket,wholesale,Kulmbach,cancelled
3300,2026-03-13,4,222,22.60,0.160,beverage_wholesaler,wholesale,Coburg,completed
3301,2026-03-13,4,37,22.69,0.030,restaurant,direct,Bayreuth,completed
3302,2026-03-13,7,35,31.48,0.040,bar,wholesale,Bamberg,completed
3303,2026-03-13,5,31,22.14,0.060,event_catering,direct,Bayreuth,completed
3304,2026-03-13,4,141,22.78,0.135,beverage_wholesaler,wholesale,Bayreuth,completed
3305,2026-03-13,2,23,24.71,0.040,bar,wholesale,Bayreuth,completed
3306,2026-03-13,4,24,22.65,0.030,restaurant,wholesale,Hof,completed
3307,2026-03-13,4,124,22.24,0.095,supermarket,wholesale,Bamberg,completed
3308,2026-03-13,6,214,24.84,0.160,beverage_wholesaler,wholesale,Nürnberg,completed
3309,2026-03-13,12,152,26.77,0.145,beverage_wholesaler,wholesale,Marktredwitz,returned
3310,2026-03-14,9,16,25.78,0.030,restaurant,wholesale,Nürnberg,completed
3311,2026-03-14,9,49,25.69,0.080,supermarket,direct,Kulmbach,completed
3312,2026-03-14,2,167,24.76,0.100,supermarket,wholesale,Bamberg,completed
3313,2026-03-14,4,57,22.64,0.065,supermarket,wholesale,Kulmbach,completed
3314,2026-03-14,3,27,23.83,0.025,restaurant,direct,Hof,completed
3315,2026-03-14,3,43,23.67,0.070,event_catering,direct,Bayreuth,completed
3316,2026-03-14,9,26,25.67,0.050,bar,direct,Bamberg,completed
3317,2026-03-14,1,17,23.09,0.035,bar,direct,Bayreuth,completed
3318,2026-03-14,1,178,22.75,0.160,beverage_wholesaler,wholesale,Kulmbach,completed
3319,2026-03-14,8,343,24.00,0.150,beverage_wholesaler,wholesale,Bayreuth,completed
3320,2026-03-14,2,65,24.92,0.070,supermarket,wholesale,Kulmbach,completed
3321,2026-03-14,4,20,22.27,0.040,restaurant,direct,Hof,completed
3322,2026-03-14,1,107,22.82,0.135,beverage_wholesaler,wholesale,Bayreuth,cancelled
3323,2026-03-14,1,19,22.86,0.030,restaurant,direct,Nürnberg,completed
3324,2026-03-14,1,100,23.18,0.085,supermarket,direct,Nürnberg,completed
3325,2026-03-14,4,45,22.78,0.040,bar,direct,Nürnberg,completed
3326,2026-03-14,1,18,22.79,0.030,restaurant,wholesale,Nürnberg,completed
3327,2026-03-14,1,41,22.57,0.030,restaurant,direct,Bayreuth,completed
3328,2026-03-14,7,90,31.66,0.075,event_catering,wholesale,Nürnberg,completed
3329,2026-03-14,4,43,22.40,0.070,supermarket,wholesale,Hof,completed
3330,2026-03-14,4,30,22.28,0.065,supermarket,wholesale,Hof,completed
3331,2026-03-14,4,55,22.51,0.070,supermarket,wholesale,Nürnberg,completed
3332,2026-03-15,12,21,26.73,0.025,restaurant,wholesale,Hof,completed
3333,2026-03-15,1,74,22.83,0.065,supermarket,direct,Bayreuth,completed
3334,2026-03-15,2,82,24.79,0.095,supermarket,wholesale,Bamberg,completed
3335,2026-03-15,5,20,21.72,0.040,bar,direct,Coburg,completed
3336,2026-03-15,4,45,22.60,0.035,bar,wholesale,Bayreuth,completed
3337,2026-03-15,8,44,24.32,0.050,bar,direct,Bayreuth,completed
3338,2026-03-15,10,24,33.01,0.040,bar,direct,Nürnberg,completed
3339,2026-03-15,5,68,22.19,0.080,supermarket,wholesale,Nürnberg,completed
3340,2026-03-15,3,25,24.20,0.030,restaurant,direct,Bayreuth,completed
3341,2026-03-15,4,71,22.42,0.070,event_catering,direct,Hof,completed
3342,2026-03-16,7,18,31.82,0.040,restaurant,direct,Kulmbach,completed
3343,2026-03-16,1,17,22.87,0.030,restaurant,wholesale,Nürnberg,completed
3344,2026-03-16,2,59,25.15,0.065,supermarket,wholesale,Bayreuth,completed
3345,2026-03-16,11,85,23.41,0.080,supermarket,direct,Bayreuth,completed
3346,2026-03-16,4,27,22.73,0.035,bar,direct,Bamberg,completed
3347,2026-03-16,2,178,24.87,0.150,beverage_wholesaler,wholesale,Bayreuth,completed
3348,2026-03-16,4,23,22.81,0.025,restaurant,wholesale,Coburg,completed
3349,2026-03-16,2,92,24.96,0.085,supermarket,wholesale,Bayreuth,completed
3350,2026-03-16,1,16,22.79,0.040,bar,wholesale,Hof,completed
3351,2026-03-16,5,115,21.76,0.085,supermarket,wholesale,Coburg,completed
3352,2026-03-16,5,46,22.13,0.070,event_catering,wholesale,Kulmbach,completed
3353,2026-03-16,8,114,24.33,0.135,beverage_wholesaler,wholesale,Bamberg,completed
3354,2026-03-16,4,46,22.68,0.070,supermarket,wholesale,Kulmbach,completed
3355,2026-03-16,4,155,22.80,0.150,beverage_wholesaler,wholesale,Bamberg,completed
3356,2026-03-16,1,69,23.08,0.080,supermarket,wholesale,Nürnberg,completed
3357,2026-03-16,1,76,22.99,0.070,supermarket,wholesale,Coburg,completed
3358,2026-03-16,3,41,23.59,0.040,bar,direct,Nürnberg,completed
3359,2026-03-16,4,104,22.18,0.145,beverage_wholesaler,wholesale,Bayreuth,completed
3360,2026-03-16,4,38,22.19,0.080,supermarket,direct,Bayreuth,completed
3361,2026-03-16,2,33,24.89,0.025,restaurant,direct,Nürnberg,completed
3362,2026-03-16,4,19,22.66,0.030,restaurant,direct,Hof,completed
3363,2026-03-16,5,98,21.89,0.080,supermarket,wholesale,Coburg,completed
3364,2026-03-17,10,78,32.75,0.070,supermarket,wholesale,Bamberg,completed
3365,2026-03-17,1,65,22.80,0.050,bar,wholesale,Bayreuth,completed
3366,2026-03-17,9,77,25.59,0.080,supermarket,wholesale,Marktredwitz,completed
3367,2026-03-17,8,28,24.50,0.035,bar,direct,Bamberg,completed
3368,2026-03-17,9,59,26.17,0.070,supermarket,wholesale,Bayreuth,completed
3369,2026-03-17,1,32,23.24,0.040,bar,direct,Bayreuth,completed
3370,2026-03-17,2,46,25.04,0.040,bar,direct,Bayreuth,completed
3371,2026-03-17,6,75,24.42,0.070,supermarket,wholesale,Bayreuth,completed
3372,2026-03-17,4,215,22.42,0.160,beverage_wholesaler,direct,Coburg,completed
3373,2026-03-17,2,34,25.04,0.040,bar,direct,Bayreuth,completed
3374,2026-03-17,1,40,22.81,0.030,restaurant,direct,Bayreuth,completed
3375,2026-03-17,2,45,25.11,0.070,event_catering,direct,Bayreuth,completed
3376,2026-03-17,3,32,23.83,0.060,event_catering,direct,Nürnberg,completed
3377,2026-03-17,6,21,24.35,0.030,restaurant,direct,Hof,completed
3378,2026-03-17,8,108,24.31,0.085,event_catering,direct,Nürnberg,completed
3379,2026-03-17,3,27,23.59,0.040,bar,wholesale,Bayreuth,completed
3380,2026-03-17,4,61,22.33,0.055,event_catering,direct,Coburg,completed
3381,2026-03-17,2,69,24.92,0.060,event_catering,direct,Bamberg,completed
3382,2026-03-17,1,42,22.83,0.060,event_catering,direct,Bamberg,completed
3383,2026-03-17,10,30,32.53,0.030,restaurant,direct,Nürnberg,completed
3384,2026-03-17,7,167,31.52,0.150,beverage_wholesaler,wholesale,Bamberg,completed
3385,2026-03-17,5,67,21.97,0.065,supermarket,wholesale,Bamberg,cancelled
3386,2026-03-17,2,111,25.13,0.085,supermarket,wholesale,Hof,completed
3387,2026-03-17,2,89,24.77,0.085,supermarket,wholesale,Marktredwitz,completed
3388,2026-03-17,6,63,24.38,0.120,beverage_wholesaler,wholesale,Kulmbach,completed
3389,2026-03-17,1,26,23.11,0.040,restaurant,direct,Nürnberg,completed
3390,2026-03-17,2,15,24.95,0.040,restaurant,wholesale,Bayreuth,completed
3391,2026-03-17,10,68,32.55,0.060,event_catering,direct,Bayreuth,completed
3392,2026-03-18,9,30,25.73,0.040,bar,direct,Bamberg,completed
3393,2026-03-18,4,29,22.43,0.030,restaurant,direct,Bayreuth,completed
3394,2026-03-18,10,33,33.17,0.030,restaurant,direct,Nürnberg,completed
3395,2026-03-18,9,54,25.83,0.060,event_catering,direct,Marktredwitz,completed
3396,2026-03-18,10,58,32.80,0.065,supermarket,wholesale,Hof,completed
3397,2026-03-18,5,31,22.12,0.040,bar,direct,Bamberg,completed
3398,2026-03-18,10,48,33.01,0.080,supermarket,wholesale,Nürnberg,completed
3399,2026-03-18,5,23,21.84,0.030,restaurant,wholesale,Nürnberg,completed
3400,2026-03-18,2,69,25.05,0.065,supermarket,direct,Bayreuth,returned
3401,2026-03-18,5,40,22.14,0.070,supermarket,wholesale,Bamberg,completed
3402,2026-03-18,2,39,24.74,0.025,restaurant,wholesale,Bayreuth,completed
3403,2026-03-18,12,88,27.00,0.085,supermarket,wholesale,Bayreuth,completed
3404,2026-03-18,1,62,23.22,0.070,event_catering,direct,Hof,completed
3405,2026-03-18,4,162,22.67,0.150,beverage_wholesaler,wholesale,Bamberg,completed
3406,2026-03-18,1,51,23.14,0.080,supermarket,wholesale,Bayreuth,completed
3407,2026-03-18,4,23,22.60,0.030,restaurant,wholesale,Nürnberg,completed
3408,2026-03-18,2,152,24.63,0.090,event_catering,wholesale,Bayreuth,completed
3409,2026-03-18,2,62,24.56,0.070,supermarket,wholesale,Bamberg,returned
3410,2026-03-18,2,67,24.70,0.070,supermarket,wholesale,Coburg,completed
3411,2026-03-18,7,62,31.59,0.070,supermarket,wholesale,Kulmbach,completed
3412,2026-03-18,2,179,25.10,0.145,beverage_wholesaler,wholesale,Kulmbach,completed
3413,2026-03-18,7,75,32.07,0.120,beverage_wholesaler,wholesale,Kulmbach,completed
3414,2026-03-18,1,38,22.61,0.040,restaurant,direct,Nürnberg,completed
3415,2026-03-18,2,87,24.92,0.095,supermarket,wholesale,Nürnberg,completed
3416,2026-03-18,3,210,24.17,0.150,beverage_wholesaler,wholesale,Bamberg,completed
3417,2026-03-18,2,149,24.61,0.135,beverage_wholesaler,wholesale,Hof,completed
3418,2026-03-19,1,141,22.62,0.135,beverage_wholesaler,wholesale,Bayreuth,completed
3419,2026-03-19,1,24,22.78,0.050,bar,direct,Bamberg,completed
3420,2026-03-19,1,82,23.01,0.085,supermarket,wholesale,Hof,completed
3421,2026-03-19,6,93,24.49,0.085,supermarket,wholesale,Kulmbach,completed
3422,2026-03-19,5,108,21.98,0.135,beverage_wholesaler,wholesale,Nürnberg,completed
3423,2026-03-19,1,15,22.60,0.030,restaurant,wholesale,Marktredwitz,completed
3424,2026-03-19,2,22,25.03,0.040,bar,direct,Hof,completed
3425,2026-03-19,7,35,31.73,0.040,restaurant,direct,Coburg,completed
3426,2026-03-19,3,60,23.56,0.035,bar,direct,Nürnberg,completed
3427,2026-03-19,1,51,22.97,0.080,supermarket,wholesale,Nürnberg,completed
3428,2026-03-19,9,88,25.74,0.085,supermarket,wholesale,Hof,completed
3429,2026-03-19,7,79,32.15,0.070,supermarket,direct,Hof,completed
3430,2026-03-19,1,99,22.89,0.145,beverage_wholesaler,wholesale,Kulmbach,completed
3431,2026-03-19,7,62,32.05,0.060,event_catering,direct,Hof,completed
3432,2026-03-19,3,22,23.98,0.040,bar,direct,Marktredwitz,completed
3433,2026-03-19,2,87,24.78,0.095,supermarket,wholesale,Nürnberg,completed
3434,2026-03-19,5,32,21.83,0.070,supermarket,wholesale,Hof,returned
3435,2026-03-19,2,29,24.86,0.030,restaurant,direct,Nürnberg,completed
3436,2026-03-19,5,55,22.07,0.060,event_catering,direct,Nürnberg,completed
3437,2026-03-19,7,61,31.88,0.060,event_catering,direct,Nürnberg,completed
3438,2026-03-19,7,105,31.74,0.135,beverage_wholesaler,wholesale,Kulmbach,completed
3439,2026-03-19,1,73,22.82,0.115,beverage_wholesaler,wholesale,Bayreuth,completed
3440,2026-03-19,2,45,25.02,0.040,bar,direct,Nürnberg,completed
3441,2026-03-20,2,109,25.07,0.085,supermarket,wholesale,Bayreuth,completed
3442,2026-03-20,12,23,26.62,0.030,restaurant,direct,Bamberg,completed
3443,2026-03-20,4,65,22.29,0.040,restaurant,direct,Nürnberg,completed
3444,2026-03-20,6,30,24.39,0.030,restaurant,wholesale,Hof,completed
3445,2026-03-20,3,112,24.01,0.080,supermarket,direct,Bamberg,completed
3446,2026-03-20,8,35,24.07,0.040,bar,direct,Nürnberg,completed
3447,2026-03-20,1,39,22.89,0.065,supermarket,wholesale,Bayreuth,completed
3448,2026-03-20,1,82,22.78,0.075,event_catering,direct,Kulmbach,completed
3449,2026-03-20,6,122,24.32,0.135,beverage_wholesaler,wholesale,Nürnberg,completed
3450,2026-03-20,6,121,24.71,0.095,supermarket,wholesale,Hof,completed
3451,2026-03-20,2,26,24.83,0.025,restaurant,wholesale,Bayreuth,completed
3452,2026-03-20,1,164,22.90,0.100,supermarket,wholesale,Coburg,completed
3453,2026-03-20,2,30,24.74,0.030,restaurant,direct,Bayreuth,completed
3454,2026-03-20,1,26,22.99,0.030,restaurant,direct,Nürnberg,completed
3455,2026-03-20,2,62,25.26,0.040,bar,direct,Nürnberg,completed
3456,2026-03-21,5,46,22.20,0.030,restaurant,wholesale,Bayreuth,completed
3457,2026-03-21,8,22,24.18,0.030,restaurant,direct,Bamberg,completed
3458,2026-03-21,2,55,24.81,0.070,supermarket,wholesale,Bayreuth,completed
3459,2026-03-21,4,144,22.41,0.135,beverage_wholesaler,wholesale,Bayreuth,completed
3460,2026-03-21,7,77,31.64,0.130,beverage_wholesaler,wholesale,Bayreuth,completed
3461,2026-03-21,1,20,22.76,0.030,restaurant,direct,Nürnberg,completed
3462,2026-03-21,1,145,23.09,0.135,beverage_wholesaler,wholesale,Bayreuth,completed
3463,2026-03-21,2,38,24.76,0.040,restaurant,direct,Coburg,completed
3464,2026-03-21,12,54,26.98,0.070,supermarket,wholesale,Nürnberg,completed
3465,2026-03-21,2,68,24.64,0.065,supermarket,wholesale,Hof,completed
3466,2026-03-21,3,25,24.06,0.025,restaurant,wholesale,Coburg,completed
3467,2026-03-21,6,28,24.71,0.040,bar,direct,Nürnberg,completed
3468,2026-03-21,6,32,24.25,0.050,bar,wholesale,Marktredwitz,completed
3469,2026-03-21,1,78,22.83,0.060,event_catering,direct,Hof,completed
3470,2026-03-21,1,42,22.85,0.040,bar,direct,Kulmbach,completed
3471,2026-03-21,8,31,24.24,0.040,bar,direct,Nürnberg,completed
3472,2026-03-21,6,103,24.69,0.135,beverage_wholesaler,wholesale,Nürnberg,completed
3473,2026-03-21,2,36,24.69,0.035,bar,direct,Hof,completed
3474,2026-03-21,12,81,26.83,0.135,beverage_wholesaler,wholesale,Hof,completed
3475,2026-03-21,2,141,25.14,0.135,beverage_wholesaler,wholesale,Nürnberg,completed
3476,2026-03-22,2,88,24.94,0.145,beverage_wholesaler,wholesale,Bamberg,completed
3477,2026-03-22,10,46,32.57,0.070,event_catering,direct,Bamberg,completed
3478,2026-03-22,3,46,24.07,0.070,supermarket,wholesale,Bayreuth,completed
3479,2026-03-22,11,33,23.49,0.040,restaurant,direct,Bayreuth,completed
3480,2026-03-22,2,46,25.08,0.025,restaurant,direct,Bayreuth,completed
3481,2026-03-22,2,51,24.90,0.080,supermarket,wholesale,Kulmbach,completed
3482,2026-03-22,1,46,22.62,0.070,supermarket,wholesale,Bayreuth,completed
3483,2026-03-22,5,30,22.01,0.055,event_catering,direct,Hof,completed
3484,2026-03-22,3,17,24.01,0.030,restaurant,direct,Kulmbach,completed
3485,2026-03-22,1,76,22.76,0.065,supermarket,wholesale,Kulmbach,completed
3486,2026-03-22,1,35,23.19,0.030,restaurant,direct,Nürnberg,completed
3487,2026-03-22,3,18,24.22,0.035,bar,direct,Bayreuth,completed
3488,2026-03-23,5,90,21.99,0.130,beverage_wholesaler,wholesale,Kulmbach,completed
3489,2026-03-23,7,29,31.99,0.030,restaurant,direct,Nürnberg,completed
3490,2026-03-23,9,34,25.90,0.050,bar,direct,Marktredwitz,completed
3491,2026-03-23,3,35,23.90,0.035,bar,direct,Nürnberg,completed
3492,2026-03-23,4,79,22.81,0.130,beverage_wholesaler,wholesale,Marktredwitz,completed
3493,2026-03-23,5,86,21.93,0.135,beverage_wholesaler,wholesale,Bayreuth,completed
3494,2026-03-23,3,50,23.62,0.040,bar,direct,Bayreuth,completed
3495,2026-03-23,5,23,22.09,0.030,restaurant,direct,Bamberg,completed
3496,2026-03-23,5,97,21.60,0.075,event_catering,direct,Hof,completed
3497,2026-03-23,1,138,23.08,0.085,supermarket,wholesale,Hof,completed
3498,2026-03-23,1,25,22.79,0.050,bar,direct,Coburg,completed
3499,2026-03-23,2,24,25.20,0.025,restaurant,direct,Bayreuth,completed
3500,2026-03-23,1,156,23.13,0.150,beverage_wholesaler,wholesale,Kulmbach,completed
3501,2026-03-24,2,19,24.78,0.030,restaurant,direct,Nürnberg,completed
3502,2026-03-24,1,68,23.15,0.120,beverage_wholesaler,wholesale,Bamberg,completed
3503,2026-03-24,2,22,24.78,0.040,restaurant,wholesale,Nürnberg,completed
3504,2026-03-24,9,80,26.05,0.085,supermarket,wholesale,Bayreuth,completed
3505,2026-03-24,2,28,24.68,0.025,restaurant,direct,Bayreuth,completed
3506,2026-03-24,4,115,22.25,0.145,beverage_wholesaler,wholesale,Bayreuth,completed
3507,2026-03-24,5,114,22.07,0.085,supermarket,wholesale,Bamberg,completed
3508,2026-03-24,5,70,21.97,0.120,beverage_wholesaler,wholesale,Hof,completed
3509,2026-03-24,9,28,26.26,0.035,bar,direct,Kulmbach,completed
3510,2026-03-24,9,27,25.54,0.030,restaurant,direct,Nürnberg,completed
3511,2026-03-24,9,117,25.70,0.135,beverage_wholesaler,wholesale,Hof,completed
3512,2026-03-24,2,106,24.91,0.085,supermarket,wholesale,Bayreuth,completed
3513,2026-03-24,2,35,24.92,0.065,supermarket,direct,Bayreuth,completed
3514,2026-03-24,2,46,24.95,0.070,supermarket,wholesale,Kulmbach,completed
3515,2026-03-24,1,35,23.02,0.070,supermarket,wholesale,Bayreuth,completed
3516,2026-03-24,6,26,24.83,0.040,bar,wholesale,Bayreuth,completed
3517,2026-03-24,9,24,25.62,0.030,restaurant,direct,Bayreuth,completed
3518,2026-03-24,6,84,24.83,0.085,supermarket,wholesale,Nürnberg,completed
3519,2026-03-24,9,30,25.62,0.050,bar,direct,Bayreuth,completed
3520,2026-03-24,4,12,22.52,0.040,restaurant,direct,Marktredwitz,completed
3521,2026-03-24,4,81,22.24,0.075,event_catering,wholesale,Bayreuth,completed
3522,2026-03-24,4,54,22.29,0.070,supermarket,direct,Bayreuth,completed
3523,2026-03-24,3,42,23.83,0.030,restaurant,direct,Coburg,completed
3524,2026-03-25,11,58,23.57,0.070,supermarket,wholesale,Nürnberg,completed
3525,2026-03-25,2,86,25.01,0.085,supermarket,wholesale,Coburg,completed
3526,2026-03-25,4,17,22.28,0.035,bar,wholesale,Nürnberg,cancelled
3527,2026-03-25,5,25,21.81,0.030,restaurant,direct,Bamberg,completed
3528,2026-03-25,2,17,24.54,0.030,restaurant,direct,Coburg,completed
3529,2026-03-25,1,38,22.62,0.060,event_catering,direct,Nürnberg,completed
3530,2026-03-25,6,49,24.63,0.120,beverage_wholesaler,wholesale,Marktredwitz,completed
3531,2026-03-25,3,12,24.25,0.030,restaurant,direct,Bayreuth,completed
3532,2026-03-25,1,12,23.24,0.030,restaurant,direct,Marktredwitz,completed
3533,2026-03-25,2,16,24.67,0.040,bar,direct,Coburg,completed
3534,2026-03-25,8,51,23.87,0.070,supermarket,wholesale,Bayreuth,completed
3535,2026-03-25,4,81,22.73,0.085,supermarket,wholesale,Kulmbach,completed
3536,2026-03-25,2,75,24.80,0.120,beverage_wholesaler,wholesale,Hof,completed
3537,2026-03-25,2,49,25.11,0.065,supermarket,direct,Kulmbach,completed
3538,2026-03-25,7,15,32.35,0.030,restaurant,direct,Bamberg,completed
3539,2026-03-25,2,37,24.78,0.080,supermarket,wholesale,Bayreuth,completed
3540,2026-03-25,5,246,21.68,0.150,beverage_wholesaler,wholesale,Nürnberg,returned
3541,2026-03-25,5,81,22.11,0.095,supermarket,wholesale,Coburg,completed
3542,2026-03-25,9,48,25.74,0.070,supermarket,wholesale,Bayreuth,completed
3543,2026-03-26,12,14,26.87,0.030,restaurant,direct,Bayreuth,completed
3544,2026-03-26,6,112,24.62,0.135,beverage_wholesaler,wholesale,Bayreuth,completed
3545,2026-03-26,10,43,32.76,0.040,restaurant,direct,Bayreuth,completed
3546,2026-03-26,6,35,24.71,0.030,restaurant,direct,Nürnberg,completed
3547,2026-03-26,11,112,23.68,0.135,beverage_wholesaler,direct,Nürnberg,completed
3548,2026-03-26,8,101,24.52,0.145,beverage_wholesaler,wholesale,Coburg,completed
3549,2026-03-26,11,40,23.24,0.070,supermarket,wholesale,Bayreuth,completed
3550,2026-03-26,1,70,23.11,0.055,event_catering,direct,Bayreuth,completed
3551,2026-03-26,10,60,33.24,0.070,supermarket,wholesale,Bayreuth,completed
3552,2026-03-26,2,15,24.85,0.040,bar,direct,Hof,completed
3553,2026-03-26,9,34,26.09,0.050,bar,direct,Bayreuth,completed
3554,2026-03-26,4,147,22.52,0.145,beverage_wholesaler,wholesale,Bayreuth,completed
3555,2026-03-26,1,35,23.23,0.040,bar,direct,Hof,completed
3556,2026-03-26,2,24,24.71,0.050,bar,direct,Coburg,completed
3557,2026-03-26,8,53,24.18,0.055,event_catering,direct,Coburg,completed
3558,2026-03-26,11,236,23.18,0.150,beverage_wholesaler,wholesale,Bayreuth,cancelled
3559,2026-03-26,10,17,32.96,0.040,restaurant,direct,Bayreuth,completed
3560,2026-03-26,1,28,22.80,0.025,restaurant,direct,Nürnberg,completed
3561,2026-03-26,6,21,24.83,0.040,restaurant,direct,Bayreuth,completed
3562,2026-03-26,1,103,23.11,0.085,supermarket,direct,Bayreuth,completed
3563,2026-03-26,3,90,23.56,0.080,supermarket,direct,Marktredwitz,cancelled
3564,2026-03-26,4,53,22.81,0.120,beverage_wholesaler,wholesale,Bayreuth,completed
3565,2026-03-27,6,52,24.34,0.040,bar,direct,Nürnberg,completed
3566,2026-03-27,2,74,24.66,0.070,supermarket,wholesale,Bayreuth,completed
3567,2026-03-27,5,24,22.16,0.040,bar,direct,Bayreuth,completed
3568,2026-03-27,6,61,24.86,0.070,supermarket,direct,Bayreuth,completed
3569,2026-03-27,9,374,25.79,0.145,beverage_wholesaler,wholesale,Bayreuth,completed
3570,2026-03-27,8,90,24.32,0.085,supermarket,wholesale,Bamberg,completed
3571,2026-03-27,2,89,24.62,0.085,supermarket,wholesale,Bamberg,completed
3572,2026-03-27,5,22,21.59,0.030,restaurant,direct,Nürnberg,completed
3573,2026-03-27,9,120,26.16,0.130,beverage_wholesaler,wholesale,Bayreuth,completed
3574,2026-03-27,1,167,23.18,0.150,beverage_wholesaler,wholesale,Bayreuth,completed
3575,2026-03-27,6,158,24.36,0.095,supermarket,wholesale,Kulmbach,completed
3576,2026-03-27,4,13,22.30,0.025,restaurant,direct,Bayreuth,completed
3577,2026-03-27,8,77,24.31,0.070,event_catering,direct,Bayreuth,completed
3578,2026-03-27,1,100,23.14,0.145,beverage_wholesaler,wholesale,Bayreuth,completed
3579,2026-03-27,8,78,24.55,0.070,supermarket,wholesale,Hof,completed
3580,2026-03-27,2,22,24.76,0.030,restaurant,direct,Bayreuth,completed
3581,2026-03-27,12,113,26.92,0.080,supermarket,direct,Bamberg,completed
3582,2026-03-28,1,17,23.09,0.050,bar,direct,Hof,completed
3583,2026-03-28,9,156,25.58,0.150,beverage_wholesaler,direct,Bayreuth,completed
3584,2026-03-28,12,115,26.69,0.130,beverage_wholesaler,wholesale,Nürnberg,completed
3585,2026-03-28,2,26,24.53,0.040,restaurant,direct,Nürnberg,completed
3586,2026-03-28,3,116,24.18,0.085,supermarket,direct,Bayreuth,completed
3587,2026-03-28,1,52,22.86,0.070,supermarket,wholesale,Bayreuth,completed
3588,2026-03-28,4,66,22.55,0.070,supermarket,wholesale,Bayreuth,completed
3589,2026-03-28,10,119,32.43,0.135,beverage_wholesaler,wholesale,Kulmbach,completed
3590,2026-03-28,5,122,21.59,0.130,beverage_wholesaler,wholesale,Nürnberg,completed
3591,2026-03-28,12,68,26.93,0.130,beverage_wholesaler,wholesale,Bayreuth,completed
3592,2026-03-28,2,58,25.14,0.040,bar,direct,Kulmbach,completed
3593,2026-03-28,2,57,25.25,0.030,restaurant,wholesale,Marktredwitz,completed
3594,2026-03-28,8,52,23.87,0.070,supermarket,wholesale,Bamberg,completed
3595,2026-03-28,5,86,22.15,0.135,beverage_wholesaler,wholesale,Nürnberg,completed
3596,2026-03-28,1,18,23.21,0.030,restaurant,direct,Nürnberg,completed
3597,2026-03-28,1,32,22.73,0.030,restaurant,direct,Bayreuth,completed
3598,2026-03-28,4,25,22.18,0.040,restaurant,direct,Hof,returned
3599,2026-03-28,3,47,23.60,0.070,supermarket,wholesale,Coburg,completed
3600,2026-03-28,1,81,22.80,0.095,supermarket,wholesale,Kulmbach,completed
3601,2026-03-28,5,79,21.79,0.070,supermarket,direct,Bayreuth,completed
3602,2026-03-28,4,37,22.49,0.060,event_catering,wholesale,Bayreuth,completed
3603,2026-03-29,3,18,23.74,0.030,restaurant,direct,Kulmbach,completed
3604,2026-03-29,5,123,21.63,0.135,beverage_wholesaler,wholesale,Nürnberg,completed
3605,2026-03-29,9,102,26.24,0.085,supermarket,wholesale,Hof,completed
3606,2026-03-29,8,31,24.55,0.070,supermarket,direct,Nürnberg,completed
3607,2026-03-29,4,117,22.33,0.130,beverage_wholesaler,wholesale,Kulmbach,completed
3608,2026-03-29,7,126,31.89,0.130,beverage_wholesaler,direct,Bayreuth,completed
3609,2026-03-29,6,122,24.76,0.135,beverage_wholesaler,wholesale,Bamberg,completed
3610,2026-03-29,2,41,25.17,0.070,supermarket,wholesale,Kulmbach,completed
3611,2026-03-29,2,91,25.05,0.145,beverage_wholesaler,wholesale,Nürnberg,completed
3612,2026-03-29,5,72,21.65,0.070,supermarket,wholesale,Nürnberg,completed
3613,2026-03-29,9,19,25.92,0.030,restaurant,wholesale,Bamberg,completed
3614,2026-03-29,1,42,23.10,0.070,supermarket,wholesale,Nürnberg,completed
3615,2026-03-29,1,82,22.88,0.145,beverage_wholesaler,wholesale,Bamberg,completed
3616,2026-03-30,8,80,24.07,0.080,supermarket,wholesale,Bayreuth,completed
3617,2026-03-30,4,45,22.34,0.035,bar,direct,Nürnberg,completed
3618,2026-03-30,11,116,23.48,0.085,supermarket,wholesale,Bamberg,completed
3619,2026-03-30,1,58,23.16,0.065,supermarket,direct,Nürnberg,completed
3620,2026-03-30,8,77,23.85,0.080,supermarket,wholesale,Marktredwitz,completed
3621,2026-03-30,5,90,21.75,0.085,supermarket,direct,Bayreuth,completed
3622,2026-03-30,12,48,27.27,0.070,supermarket,wholesale,Coburg,completed
3623,2026-03-30,4,38,22.34,0.025,restaurant,direct,Kulmbach,completed
3624,2026-03-30,1,40,22.96,0.070,event_catering,wholesale,Nürnberg,completed
3625,2026-03-30,5,58,21.62,0.065,supermarket,wholesale,Bayreuth,completed
3626,2026-03-30,1,15,22.65,0.030,restaurant,direct,Nürnberg,completed
3627,2026-03-30,3,32,23.99,0.030,restaurant,direct,Coburg,completed
3628,2026-03-31,3,25,24.25,0.070,supermarket,wholesale,Kulmbach,completed
3629,2026-03-31,5,38,22.11,0.070,supermarket,wholesale,Bamberg,completed
3630,2026-03-31,6,92,24.52,0.085,supermarket,wholesale,Coburg,completed
3631,2026-03-31,5,136,21.58,0.135,beverage_wholesaler,wholesale,Bayreuth,cancelled
3632,2026-03-31,6,39,24.73,0.070,supermarket,wholesale,Hof,completed
3633,2026-03-31,2,48,24.73,0.060,event_catering,direct,Kulmbach,completed
3634,2026-03-31,2,63,25.06,0.065,supermarket,wholesale,Nürnberg,completed
3635,2026-03-31,9,133,25.57,0.130,beverage_wholesaler,wholesale,Hof,completed
3636,2026-03-31,4,31,22.78,0.080,supermarket,wholesale,Bayreuth,completed
3637,2026-03-31,8,46,24.53,0.065,supermarket,wholesale,Nürnberg,completed
3638,2026-03-31,2,70,24.63,0.120,beverage_wholesaler,wholesale,Bayreuth,completed
3639,2026-03-31,8,126,24.02,0.135,beverage_wholesaler,wholesale,Bayreuth,completed
3640,2026-03-31,3,56,23.83,0.055,event_catering,direct,Bayreuth,completed
3641,2026-03-31,2,24,25.16,0.040,restaurant,direct,Bayreuth,completed
3642,2026-03-31,1,28,22.75,0.040,restaurant,wholesale,Bayreuth,completed
3643,2026-03-31,1,65,23.20,0.070,supermarket,wholesale,Bamberg,completed
3644,2026-04-01,3,22,24.15,0.040,bar,wholesale,Marktredwitz,completed
3645,2026-04-01,2,17,25.15,0.030,restaurant,direct,Coburg,completed
3646,2026-04-01,1,107,23.07,0.135,beverage_wholesaler,wholesale,Nürnberg,completed
3647,2026-04-01,11,71,23.49,0.070,supermarket,wholesale,Kulmbach,completed
3648,2026-04-01,8,223,24.28,0.160,beverage_wholesaler,wholesale,Coburg,completed
3649,2026-04-01,9,27,25.52,0.040,bar,direct,Bamberg,completed
3650,2026-04-01,1,33,22.84,0.035,bar,wholesale,Bayreuth,completed
3651,2026-04-01,9,78,25.60,0.080,supermarket,wholesale,Coburg,completed
3652,2026-04-01,1,69,22.80,0.120,beverage_wholesaler,wholesale,Bayreuth,completed
3653,2026-04-01,3,17,24.19,0.040,bar,direct,Hof,completed
3654,2026-04-01,2,16,24.92,0.030,restaurant,direct,Marktredwitz,completed
3655,2026-04-01,1,22,23.23,0.040,restaurant,direct,Kulmbach,completed
3656,2026-04-01,12,34,27.20,0.040,bar,direct,Nürnberg,completed
3657,2026-04-01,3,17,24.19,0.040,bar,direct,Nürnberg,completed
3658,2026-04-01,2,139,24.83,0.095,supermarket,wholesale,Nürnberg,completed
3659,2026-04-01,7,27,31.84,0.050,bar,wholesale,Coburg,completed
3660,2026-04-01,1,36,22.94,0.080,supermarket,wholesale,Hof,completed
3661,2026-04-01,1,84,23.11,0.065,bar,direct,Bamberg,completed
3662,2026-04-01,1,105,22.76,0.085,supermarket,wholesale,Nürnberg,completed
3663,2026-04-01,8,18,24.38,0.030,restaurant,direct,Nürnberg,completed
3664,2026-04-01,4,13,22.23,0.025,restaurant,direct,Marktredwitz,completed
3665,2026-04-02,1,19,23.05,0.040,bar,direct,Coburg,completed
3666,2026-04-02,9,50,25.59,0.025,restaurant,direct,Bayreuth,completed
3667,2026-04-02,6,18,24.53,0.040,bar,wholesale,Bayreuth,completed
3668,2026-04-02,1,31,22.91,0.040,restaurant,direct,Coburg,completed
3669,2026-04-02,2,21,25.27,0.025,restaurant,direct,Bayreuth,completed
3670,2026-04-02,4,48,22.71,0.040,bar,direct,Nürnberg,completed
3671,2026-04-02,7,113,31.91,0.135,beverage_wholesaler,direct,Coburg,returned
3672,2026-04-02,,60,24.04,0.030,restaurant,direct,Nürnberg,completed
3673,2026-04-02,3,43,24.18,0.050,bar,direct,Nürnberg,completed
3674,2026-04-02,3,157,24.18,0.160,beverage_wholesaler,wholesale,Bayreuth,cancelled
3675,2026-04-02,8,32,24.19,0.060,event_catering,direct,Hof,completed
3676,2026-04-02,3,364,24.20,0.150,beverage_wholesaler,wholesale,Bamberg,completed
3677,2026-04-02,1,91,22.82,0.135,beverage_wholesaler,wholesale,Bamberg,completed
3678,2026-04-02,3,105,24.19,0.135,beverage_wholesaler,wholesale,Bamberg,completed
3679,2026-04-02,8,32,23.85,0.040,bar,direct,Bayreuth,completed
3680,2026-04-02,1,123,22.57,0.130,beverage_wholesaler,wholesale,Hof,completed
3681,2026-04-02,6,36,24.85,0.030,restaurant,direct,Bayreuth,completed
3682,2026-04-02,10,12,32.87,0.040,bar,direct,Nürnberg,completed
3683,2026-04-02,9,133,25.87,0.130,beverage_wholesaler,wholesale,Nürnberg,completed
3684,2026-04-02,1,90,22.84,0.075,event_catering,direct,Nürnberg,completed
3685,2026-04-03,11,66,23.68,0.060,event_catering,wholesale,Bayreuth,completed
3686,2026-04-03,2,148,24.88,0.130,beverage_wholesaler,wholesale,Kulmbach,completed
3687,2026-04-03,1,84,23.03,0.075,event_catering,direct,Hof,completed
3688,2026-04-03,1,43,22.57,0.040,restaurant,wholesale,Nürnberg,completed
3689,2026-04-03,10,45,32.87,0.030,restaurant,direct,Coburg,completed
3690,2026-04-03,4,34,22.81,0.050,bar,direct,Hof,completed
3691,2026-04-03,4,39,22.82,0.035,bar,direct,Marktredwitz,completed
3692,2026-04-03,1,145,22.59,0.145,beverage_wholesaler,wholesale,Nürnberg,completed
3693,2026-04-03,1,113,23.13,0.095,supermarket,wholesale,Marktredwitz,completed
3694,2026-04-03,5,39,21.83,0.055,event_catering,direct,Bayreuth,completed
3695,2026-04-03,4,233,22.37,0.150,beverage_wholesaler,wholesale,Coburg,completed
3696,2026-04-03,2,122,25.03,0.085,supermarket,wholesale,Bayreuth,completed
3697,2026-04-03,5,32,21.71,0.040,bar,direct,Nürnberg,completed
3698,2026-04-03,1,34,22.73,0.030,restaurant,direct,Nürnberg,completed
3699,2026-04-03,8,60,24.23,0.070,supermarket,wholesale,Marktredwitz,completed
3700,2026-04-03,1,128,22.76,0.145,beverage_wholesaler,wholesale,Bayreuth,completed
3701,2026-04-03,6,139,24.46,0.135,beverage_wholesaler,direct,Bamberg,completed
3702,2026-04-03,8,133,24.22,0.130,beverage_wholesaler,direct,Nürnberg,completed
3703,2026-04-03,2,30,25.00,0.030,restaurant,direct,Hof,completed
3704,2026-04-03,12,68,27.29,0.050,bar,direct,Bayreuth,completed
3705,2026-04-03,2,54,24.65,0.035,bar,wholesale,Nürnberg,completed
3706,2026-04-03,4,33,22.72,0.040,bar,direct,Coburg,completed
3707,2026-04-03,2,33,24.63,0.050,bar,direct,Coburg,completed
3708,2026-04-04,12,58,26.85,0.070,supermarket,wholesale,Bayreuth,completed
3709,2026-04-04,2,27,25.15,0.040,bar,direct,Nürnberg,completed
3710,2026-04-04,5,21,21.69,0.050,bar,direct,Bayreuth,completed
3711,2026-04-04,3,26,23.94,0.030,restaurant,direct,Bayreuth,completed
3712,2026-04-04,8,66,24.01,0.070,event_catering,direct,Nürnberg,completed
3713,2026-04-04,1,19,22.99,0.040,restaurant,wholesale,Nürnberg,completed
3714,2026-04-04,1,17,23.16,0.025,restaurant,wholesale,Nürnberg,completed
3715,2026-04-04,1,58,23.14,0.060,event_catering,direct,Bayreuth,completed
3716,2026-04-04,7,135,32.29,0.085,supermarket,wholesale,Kulmbach,completed
3717,2026-04-04,4,27,22.20,0.030,restaurant,direct,Nürnberg,completed
3718,2026-04-04,3,36,23.57,0.030,restaurant,direct,Marktredwitz,completed
3719,2026-04-04,9,46,25.54,0.070,supermarket,wholesale,Bamberg,completed
3720,2026-04-04,3,34,24.00,0.025,restaurant,direct,Bamberg,completed
3721,2026-04-04,6,14,24.34,0.030,restaurant,direct,Bamberg,completed
3722,2026-04-04,3,23,24.17,0.035,bar,wholesale,Bayreuth,completed
3723,2026-04-04,6,102,24.50,0.130,beverage_wholesaler,wholesale,Nürnberg,completed
3724,2026-04-04,1,23,23.06,0.025,restaurant,direct,Bayreuth,completed
3725,2026-04-04,1,39,22.57,0.030,restaurant,direct,Hof,completed
3726,2026-04-04,4,73,22.32,0.060,event_catering,wholesale,Nürnberg,completed
3727,2026-04-05,8,84,23.85,0.135,beverage_wholesaler,wholesale,Bayreuth,completed
3728,2026-04-05,5,15,21.82,0.040,bar,direct,Marktredwitz,completed
3729,2026-04-05,4,94,22.82,0.085,supermarket,wholesale,Bamberg,completed
3730,2026-04-05,3,43,23.61,0.065,supermarket,wholesale,Bayreuth,completed
3731,2026-04-05,6,84,24.61,0.135,beverage_wholesaler,wholesale,Bayreuth,returned
3732,2026-04-05,1,43,23.09,0.025,restaurant,direct,Bayreuth,completed
3733,2026-04-05,5,22,22.18,0.030,restaurant,wholesale,Hof,completed
3734,2026-04-05,5,120,21.67,0.135,beverage_wholesaler,wholesale,Coburg,completed
3735,2026-04-05,2,99,25.10,0.135,beverage_wholesaler,wholesale,Bayreuth,cancelled
3736,2026-04-05,12,30,26.80,0.025,restaurant,direct,Bamberg,completed
3737,2026-04-05,6,17,24.66,0.040,bar,wholesale,Bayreuth,completed
3738,2026-04-05,4,21,22.19,0.040,restaurant,wholesale,Bamberg,completed
3739,2026-04-05,4,171,22.27,0.150,beverage_wholesaler,wholesale,Nürnberg,cancelled
3740,2026-04-05,8,37,24.06,0.065,supermarket,wholesale,Bamberg,completed
3741,2026-04-05,6,48,24.25,0.065,supermarket,wholesale,Nürnberg,completed
3742,2026-04-05,3,115,23.89,0.135,beverage_wholesaler,wholesale,Bayreuth,completed
3743,2026-04-05,4,26,22.29,0.070,supermarket,direct,Hof,completed
3744,2026-04-05,2,68,25.14,0.070,supermarket,wholesale,Marktredwitz,completed
3745,2026-04-05,7,29,31.56,0.030,restaurant,wholesale,Coburg,completed
3746,2026-04-05,4,71,22.40,0.115,beverage_wholesaler,wholesale,Bayreuth,completed
3747,2026-04-05,4,129,22.80,0.135,beverage_wholesaler,wholesale,Coburg,completed
3748,2026-04-05,3,17,24.14,0.040,restaurant,direct,Nürnberg,completed
3749,2026-04-06,4,52,22.33,0.070,supermarket,wholesale,Bamberg,completed
3750,2026-04-06,5,140,22.21,0.130,beverage_wholesaler,wholesale,Nürnberg,completed
3751,2026-04-06,2,15,25.16,0.030,restaurant,wholesale,Bayreuth,completed
3752,2026-04-06,2,72,25.20,0.070,supermarket,wholesale,Bamberg,completed
3753,2026-04-06,10,68,32.54,0.130,beverage_wholesaler,wholesale,Hof,completed
3754,2026-04-06,7,8,32.01,0.030,restaurant,direct,Bayreuth,completed
3755,2026-04-06,11,76,23.31,0.070,supermarket,wholesale,Hof,returned
3756,2026-04-06,6,20,24.47,0.030,restaurant,direct,Bayreuth,completed
3757,2026-04-06,3,116,23.96,0.135,beverage_wholesaler,direct,Marktredwitz,completed
3758,2026-04-06,1,25,22.72,0.030,restaurant,wholesale,Bayreuth,completed
3759,2026-04-06,6,231,24.75,0.150,beverage_wholesaler,wholesale,Bamberg,completed
3760,2026-04-06,2,90,25.24,0.135,beverage_wholesaler,wholesale,Coburg,completed
3761,2026-04-06,5,61,21.64,0.130,beverage_wholesaler,wholesale,Bamberg,completed
3762,2026-04-06,3,112,24.15,0.145,beverage_wholesaler,wholesale,Bayreuth,completed
3763,2026-04-06,4,44,22.46,0.040,restaurant,direct,Bayreuth,completed
3764,2026-04-06,3,60,23.74,0.080,supermarket,wholesale,Marktredwitz,completed
3765,2026-04-06,10,16,32.94,0.040,restaurant,direct,Nürnberg,completed
3766,2026-04-06,9,111,26.09,0.130,beverage_wholesaler,wholesale,Nürnberg,completed
3767,2026-04-06,10,12,33.27,0.030,restaurant,direct,Marktredwitz,completed
3768,2026-04-06,2,107,24.54,0.085,supermarket,wholesale,Coburg,completed
3769,2026-04-06,3,282,23.59,0.150,beverage_wholesaler,wholesale,Marktredwitz,completed
3770,2026-04-06,2,154,25.23,0.150,beverage_wholesaler,wholesale,Marktredwitz,completed
3771,2026-04-07,3,66,23.81,0.070,supermarket,wholesale,Nürnberg,completed
3772,2026-04-07,1,28,22.74,0.035,bar,direct,Bamberg,completed
3773,2026-04-07,5,51,21.90,0.070,supermarket,wholesale,Kulmbach,completed
3774,2026-04-07,1,180,22.57,0.150,beverage_wholesaler,direct,Nürnberg,completed
3775,2026-04-07,3,84,23.85,0.075,event_catering,wholesale,Bayreuth,completed
3776,2026-04-07,7,62,31.58,0.040,bar,wholesale,Bayreuth,completed
3777,2026-04-07,1,120,22.94,0.085,supermarket,wholesale,Nürnberg,completed
3778,2026-04-07,4,24,22.84,0.040,bar,direct,Nürnberg,completed
3779,2026-04-07,7,19,31.59,0.040,restaurant,direct,Bayreuth,completed
3780,2026-04-07,3,33,23.96,0.040,bar,wholesale,Marktredwitz,completed
3781,2026-04-07,3,59,23.64,0.060,event_catering,direct,Bayreuth,completed
3782,2026-04-07,8,42,24.34,0.040,restaurant,direct,Marktredwitz,completed
3783,2026-04-07,1,65,23.07,0.070,supermarket,wholesale,Coburg,completed
3784,2026-04-07,1,30,22.77,0.040,bar,direct,Hof,completed
3785,2026-04-07,6,43,24.85,0.070,supermarket,wholesale,Hof,completed
3786,2026-04-07,3,120,23.72,0.145,beverage_wholesaler,wholesale,Bayreuth,completed
3787,2026-04-07,12,93,27.06,0.135,beverage_wholesaler,wholesale,Bayreuth,completed
3788,2026-04-07,8,44,23.96,0.050,bar,direct,Hof,completed
3789,2026-04-07,3,14,24.06,0.030,restaurant,wholesale,Bayreuth,completed
3790,2026-04-07,9,127,25.80,0.135,beverage_wholesaler,wholesale,Bayreuth,completed
3791,2026-04-08,8,19,24.30,0.040,bar,direct,Bamberg,completed
3792,2026-04-08,7,200,32.15,0.150,beverage_wholesaler,wholesale,Coburg,completed
3793,2026-04-08,7,63,31.66,0.070,supermarket,direct,Bamberg,completed
3794,2026-04-08,8,96,24.55,0.085,supermarket,wholesale,Marktredwitz,completed
3795,2026-04-08,7,116,32.19,0.135,beverage_wholesaler,wholesale,Bamberg,completed
3796,2026-04-08,10,18,33.18,0.040,bar,wholesale,Kulmbach,completed
3797,2026-04-08,1,76,22.70,0.070,supermarket,wholesale,Hof,completed
3798,2026-04-08,1,92,22.97,0.085,supermarket,wholesale,Marktredwitz,completed
3799,2026-04-08,4,56,22.21,0.060,event_catering,direct,Nürnberg,completed
3800,2026-04-08,2,36,25.12,0.070,event_catering,direct,Kulmbach,completed
3801,2026-04-08,1,27,23.18,0.050,bar,direct,Bayreuth,completed
3802,2026-04-08,1,52,22.93,0.065,supermarket,wholesale,Nürnberg,completed
3803,2026-04-08,4,25,22.68,0.040,restaurant,direct,Marktredwitz,completed
3804,2026-04-08,2,87,25.11,0.135,beverage_wholesaler,wholesale,Bamberg,completed
3805,2026-04-08,6,34,24.29,0.070,supermarket,wholesale,Marktredwitz,completed
3806,2026-04-08,3,46,24.15,0.040,restaurant,direct,Bayreuth,completed
3807,2026-04-08,1,66,22.59,0.055,event_catering,direct,Hof,completed
3808,2026-04-08,7,25,31.91,0.050,bar,direct,Bayreuth,completed
3809,2026-04-08,11,36,23.34,0.080,supermarket,wholesale,Nürnberg,completed
3810,2026-04-08,1,38,23.03,0.055,event_catering,direct,Coburg,completed
3811,2026-04-09,1,11,23.16,0.030,restaurant,wholesale,Coburg,completed
3812,2026-04-09,2,36,24.57,0.030,restaurant,direct,Nürnberg,completed
3813,2026-04-09,1,17,22.68,0.030,restaurant,direct,Nürnberg,completed
3814,2026-04-09,8,57,24.12,0.070,supermarket,direct,Coburg,completed
3815,2026-04-09,10,23,32.44,0.030,restaurant,direct,Bamberg,completed
3816,2026-04-09,4,49,22.63,0.070,supermarket,wholesale,Nürnberg,completed
3817,2026-04-09,1,22,22.58,0.030,restaurant,direct,Bayreuth,completed
3818,2026-04-09,2,44,25.13,0.040,bar,direct,Bayreuth,completed
3819,2026-04-09,5,23,22.12,0.025,restaurant,direct,Bayreuth,completed
3820,2026-04-09,1,77,22.84,0.070,event_catering,direct,Bamberg,completed
3821,2026-04-09,6,31,24.34,0.040,restaurant,direct,Kulmbach,completed
3822,2026-04-09,6,26,24.66,0.040,bar,direct,Bamberg,completed
3823,2026-04-09,1,30,23.15,0.030,restaurant,direct,Kulmbach,completed
3824,2026-04-09,3,187,23.61,0.150,beverage_wholesaler,wholesale,Marktredwitz,completed
3825,2026-04-09,1,38,22.56,0.065,supermarket,wholesale,Bayreuth,completed
3826,2026-04-09,3,23,24.20,0.025,restaurant,wholesale,Bamberg,completed
3827,2026-04-09,1,37,23.01,0.070,supermarket,direct,Kulmbach,completed
3828,2026-04-10,9,26,26.24,0.025,restaurant,direct,Marktredwitz,completed
3829,2026-04-10,5,63,22.04,0.040,restaurant,direct,Kulmbach,completed
3830,2026-04-10,10,41,32.99,0.060,event_catering,direct,Bamberg,completed
3831,2026-04-10,1,28,22.60,0.030,restaurant,direct,Hof,completed
3832,2026-04-10,1,110,22.76,0.095,supermarket,wholesale,Kulmbach,completed
3833,2026-04-10,1,31,23.07,0.030,restaurant,direct,Bayreuth,completed
3834,2026-04-10,5,24,21.75,0.030,restaurant,direct,Bayreuth,completed
3835,2026-04-10,1,81,22.94,0.075,event_catering,direct,Bamberg,completed
3836,2026-04-10,7,62,32.15,0.030,restaurant,wholesale,Coburg,completed
3837,2026-04-10,3,89,23.64,0.085,supermarket,wholesale,Hof,completed
3838,2026-04-10,6,30,24.41,0.040,bar,direct,Kulmbach,completed
3839,2026-04-10,7,50,31.98,0.035,bar,direct,Kulmbach,completed
3840,2026-04-10,9,28,25.92,0.030,restaurant,wholesale,Nürnberg,completed
3841,2026-04-10,6,14,24.14,0.030,restaurant,wholesale,Bayreuth,completed
3842,2026-04-10,3,178,24.16,0.150,beverage_wholesaler,wholesale,Nürnberg,completed
3843,2026-04-10,4,17,22.74,0.030,restaurant,direct,Kulmbach,completed
3844,2026-04-10,1,87,22.71,0.085,supermarket,wholesale,Bayreuth,completed
3845,2026-04-10,4,44,22.56,0.030,restaurant,direct,Bamberg,completed
3846,2026-04-10,9,37,26.27,0.040,bar,wholesale,Coburg,completed
3847,2026-04-10,2,61,25.19,0.040,bar,direct,Marktredwitz,completed
3848,2026-04-10,5,36,22.06,0.070,supermarket,wholesale,Bayreuth,completed
3849,2026-04-10,4,53,22.32,0.080,supermarket,wholesale,Nürnberg,completed
3850,2026-04-10,4,70,22.38,0.060,event_catering,direct,Marktredwitz,completed
3851,2026-04-10,10,96,32.43,0.135,beverage_wholesaler,wholesale,Bayreuth,completed
3852,2026-04-10,5,140,21.63,0.130,beverage_wholesaler,wholesale,Bayreuth,completed
3853,2026-04-10,5,71,21.68,0.060,event_catering,wholesale,Hof,completed
3854,2026-04-11,2,13,24.86,0.030,restaurant,direct,Hof,completed
3855,2026-04-11,7,111,32.31,0.135,beverage_wholesaler,wholesale,Hof,completed
3856,2026-04-11,12,29,26.64,0.035,bar,direct,Coburg,completed
3857,2026-04-11,9,137,25.94,0.135,beverage_wholesaler,wholesale,Bayreuth,completed
3858,2026-04-11,7,110,31.43,0.095,supermarket,wholesale,Bamberg,completed
3859,2026-04-11,9,73,25.73,0.070,supermarket,wholesale,Marktredwitz,completed
3860,2026-04-11,1,18,22.58,0.040,restaurant,direct,Bamberg,completed
3861,2026-04-11,8,14,24.21,0.030,restaurant,wholesale,Hof,completed
3862,2026-04-11,2,98,25.11,0.135,beverage_wholesaler,wholesale,Nürnberg,completed
3863,2026-04-11,6,23,24.56,0.030,restaurant,direct,Nürnberg,completed
3864,2026-04-11,8,56,24.31,0.080,supermarket,wholesale,Bamberg,completed
3865,2026-04-11,4,76,22.61,0.070,supermarket,wholesale,Nürnberg,completed
3866,2026-04-11,1,49,22.59,0.080,supermarket,wholesale,Bayreuth,completed
3867,2026-04-11,7,26,31.89,0.025,restaurant,direct,Nürnberg,completed
3868,2026-04-11,6,27,24.64,0.030,restaurant,direct,Coburg,completed
3869,2026-04-11,4,87,22.57,0.085,supermarket,direct,Bayreuth,completed
3870,2026-04-11,12,121,26.57,0.080,supermarket,wholesale,Marktredwitz,completed
3871,2026-04-12,7,138,31.45,0.130,beverage_wholesaler,wholesale,Coburg,completed
3872,2026-04-12,2,40,24.55,0.070,supermarket,wholesale,Marktredwitz,completed
3873,2026-04-12,2,17,24.93,0.040,restaurant,direct,Nürnberg,cancelled
3874,2026-04-12,8,13,23.86,0.040,restaurant,wholesale,Marktredwitz,completed
3875,2026-04-12,2,37,24.95,0.065,supermarket,wholesale,Nürnberg,completed
3876,2026-04-12,6,107,24.84,0.135,beverage_wholesaler,wholesale,Kulmbach,completed
3877,2026-04-12,7,29,32.29,0.030,restaurant,direct,Bayreuth,completed
3878,2026-04-12,6,37,24.64,0.040,bar,direct,Bamberg,completed
3879,2026-04-12,12,35,26.85,0.030,restaurant,wholesale,Bayreuth,completed
3880,2026-04-12,5,71,21.69,0.120,beverage_wholesaler,wholesale,Bayreuth,completed
3881,2026-04-12,12,68,27.13,0.070,supermarket,wholesale,Bayreuth,completed
3882,2026-04-12,1,24,22.96,0.030,restaurant,wholesale,Kulmbach,completed
3883,2026-04-12,11,41,23.59,0.070,supermarket,direct,Hof,completed
3884,2026-04-12,7,23,31.92,0.070,supermarket,wholesale,Bayreuth,completed
3885,2026-04-13,5,111,22.01,0.065,bar,wholesale,Kulmbach,completed
3886,2026-04-13,2,26,24.61,0.040,bar,direct,Coburg,completed
3887,2026-04-13,3,27,23.86,0.030,restaurant,wholesale,Bamberg,completed
3888,2026-04-13,3,30,23.91,0.030,restaurant,direct,Kulmbach,completed
3889,2026-04-13,3,75,23.78,0.080,supermarket,wholesale,Coburg,completed
3890,2026-04-13,2,149,24.80,0.135,beverage_wholesaler,wholesale,Kulmbach,completed
3891,2026-04-13,5,27,21.82,0.040,restaurant,direct,Nürnberg,completed
3892,2026-04-13,6,125,24.54,0.130,beverage_wholesaler,wholesale,Nürnberg,completed
3893,2026-04-13,2,19,24.61,0.030,restaurant,direct,Bamberg,completed
3894,2026-04-13,9,207,26.02,0.150,beverage_wholesaler,wholesale,Coburg,completed
3895,2026-04-13,2,27,24.73,0.030,restaurant,direct,Nürnberg,completed
3896,2026-04-13,5,202,21.84,0.150,beverage_wholesaler,wholesale,Nürnberg,completed
3897,2026-04-13,2,59,24.79,0.080,supermarket,direct,Bayreuth,completed
3898,2026-04-13,6,54,24.47,0.080,supermarket,direct,Bayreuth,completed
3899,2026-04-13,6,94,24.33,0.085,supermarket,wholesale,Hof,completed
3900,2026-04-13,4,53,22.71,0.070,supermarket,wholesale,Nürnberg,completed
3901,2026-04-13,10,32,33.30,0.040,bar,wholesale,Nürnberg,completed
3902,2026-04-13,5,60,21.73,0.070,supermarket,wholesale,Kulmbach,completed
3903,2026-04-13,8,141,24.47,0.130,beverage_wholesaler,wholesale,Bamberg,completed
3904,2026-04-13,1,36,23.07,0.040,bar,direct,Nürnberg,completed
3905,2026-04-13,2,23,24.86,0.030,restaurant,direct,Kulmbach,completed
3906,2026-04-14,4,90,22.52,0.095,supermarket,wholesale,Bayreuth,completed
3907,2026-04-14,6,55,24.13,0.080,supermarket,wholesale,Bayreuth,completed
3908,2026-04-14,6,9,24.86,0.030,restaurant,wholesale,Nürnberg,completed
3909,2026-04-14,12,113,27.15,0.145,beverage_wholesaler,direct,Marktredwitz,completed
3910,2026-04-14,3,96,23.84,0.130,beverage_wholesaler,wholesale,Bayreuth,completed
3911,2026-04-14,2,25,24.63,0.030,restaurant,direct,Nürnberg,completed
3912,2026-04-14,3,46,23.95,0.070,supermarket,wholesale,Nürnberg,completed
3913,2026-04-14,11,20,23.42,0.040,restaurant,direct,Kulmbach,completed
3914,2026-04-14,1,25,23.19,0.030,restaurant,direct,Bayreuth,completed
3915,2026-04-14,1,22,22.83,0.030,restaurant,direct,Nürnberg,completed
3916,2026-04-14,5,32,21.66,0.030,restaurant,wholesale,Marktredwitz,completed
3917,2026-04-14,2,113,25.05,0.135,beverage_wholesaler,wholesale,Bayreuth,completed
3918,2026-04-14,6,20,24.68,0.035,bar,direct,Coburg,completed
3919,2026-04-14,10,53,32.50,0.030,restaurant,wholesale,Kulmbach,completed
3920,2026-04-14,1,152,23.16,0.100,supermarket,direct,Marktredwitz,completed
3921,2026-04-14,3,84,23.76,0.130,beverage_wholesaler,wholesale,Bayreuth,completed
3922,2026-04-15,5,100,22.03,0.085,supermarket,wholesale,Bayreuth,completed
3923,2026-04-15,8,193,24.44,0.150,beverage_wholesaler,wholesale,Nürnberg,completed
3924,2026-04-15,12,145,26.90,0.135,beverage_wholesaler,wholesale,Bayreuth,returned
3925,2026-04-15,12,74,27.18,0.120,beverage_wholesaler,wholesale,Hof,completed
3926,2026-04-15,2,99,25.19,0.130,beverage_wholesaler,wholesale,Bamberg,completed
3927,2026-04-15,2,71,24.62,0.120,beverage_wholesaler,wholesale,Nürnberg,completed
3928,2026-04-15,1,90,22.66,0.095,supermarket,wholesale,Bamberg,completed
3929,2026-04-15,3,11,23.74,0.030,restaurant,direct,Nürnberg,completed
3930,2026-04-15,6,47,24.21,0.030,restaurant,wholesale,Kulmbach,completed
3931,2026-04-15,2,80,24.96,0.075,event_catering,direct,Nürnberg,completed
3932,2026-04-15,5,21,22.16,0.040,bar,wholesale,Hof,completed
3933,2026-04-15,10,43,32.77,0.050,bar,wholesale,Kulmbach,completed
3934,2026-04-15,8,107,24.26,0.080,supermarket,wholesale,Nürnberg,completed
3935,2026-04-15,12,65,26.94,0.080,supermarket,wholesale,Kulmbach,completed
3936,2026-04-15,1,169,23.06,0.150,beverage_wholesaler,wholesale,Marktredwitz,completed
3937,2026-04-15,6,32,24.73,0.080,supermarket,wholesale,Bayreuth,completed
3938,2026-04-15,3,223,24.14,0.150,beverage_wholesaler,wholesale,Bamberg,completed
3939,2026-04-15,6,26,24.80,0.040,bar,wholesale,Nürnberg,completed
3940,2026-04-15,3,115,23.94,0.130,beverage_wholesaler,wholesale,Bamberg,completed
3941,2026-04-15,6,47,24.80,0.065,supermarket,direct,Coburg,completed
3942,2026-04-15,3,17,24.26,0.040,restaurant,direct,Bayreuth,completed
3943,2026-04-16,9,15,26.23,0.030,restaurant,direct,Kulmbach,completed
3944,2026-04-16,3,59,23.89,0.070,supermarket,wholesale,Marktredwitz,completed
3945,2026-04-16,1,37,23.06,0.070,supermarket,direct,Bamberg,completed
3946,2026-04-16,1,25,22.76,0.040,restaurant,direct,Bayreuth,completed
3947,2026-04-16,2,18,24.64,0.040,bar,direct,Nürnberg,completed
3948,2026-04-16,1,50,23.23,0.040,bar,direct,Bayreuth,completed
3949,2026-04-16,3,36,23.92,0.040,restaurant,direct,Kulmbach,completed
3950,2026-04-16,1,26,22.90,0.040,bar,direct,Nürnberg,completed
3951,2026-04-16,1,36,22.74,0.070,event_catering,direct,Nürnberg,completed
3952,2026-04-16,3,163,24.18,0.150,beverage_wholesaler,wholesale,Nürnberg,completed
3953,2026-04-16,2,80,25.10,0.085,supermarket,direct,Coburg,completed
3954,2026-04-16,5,147,22.06,0.135,beverage_wholesaler,wholesale,Bayreuth,completed
3955,2026-04-16,2,50,24.55,0.070,supermarket,wholesale,Coburg,completed
3956,2026-04-16,1,14,22.80,0.040,restaurant,direct,Bamberg,completed
3957,2026-04-17,9,69,26.06,0.070,supermarket,wholesale,Nürnberg,completed
3958,2026-04-17,4,34,22.46,0.040,bar,direct,Coburg,completed
3959,2026-04-17,1,26,23.23,0.040,restaurant,direct,Nürnberg,completed
3960,2026-04-17,4,51,22.17,0.040,bar,wholesale,Marktredwitz,completed
3961,2026-04-17,3,62,23.61,0.070,supermarket,wholesale,Bamberg,completed
3962,2026-04-17,3,147,23.75,0.145,beverage_wholesaler,wholesale,Coburg,completed
3963,2026-04-17,4,138,22.65,0.095,supermarket,wholesale,Marktredwitz,completed
3964,2026-04-17,3,185,23.61,0.150,beverage_wholesaler,wholesale,Kulmbach,completed
3965,2026-04-17,11,134,23.40,0.085,supermarket,wholesale,Nürnberg,returned
3966,2026-04-17,6,90,24.61,0.085,supermarket,wholesale,Kulmbach,completed
3967,2026-04-17,1,17,23.23,0.035,bar,direct,Nürnberg,completed
3968,2026-04-17,7,169,32.31,0.150,beverage_wholesaler,wholesale,Bayreuth,returned
3969,2026-04-17,7,69,31.50,0.065,supermarket,wholesale,Coburg,completed
3970,2026-04-17,8,37,24.30,0.040,bar,wholesale,Nürnberg,completed
3971,2026-04-17,3,27,23.90,0.035,bar,wholesale,Nürnberg,completed
3972,2026-04-17,4,41,22.64,0.060,event_catering,direct,Bayreuth,completed
3973,2026-04-17,2,82,24.75,0.145,beverage_wholesaler,wholesale,Bamberg,completed
3974,2026-04-17,2,34,24.96,0.040,bar,direct,Bayreuth,completed
3975,2026-04-17,1,24,22.82,0.030,restaurant,wholesale,Nürnberg,completed
3976,2026-04-17,2,28,25.21,0.025,restaurant,direct,Coburg,completed
3977,2026-04-17,1,26,22.74,0.040,bar,direct,Bayreuth,returned
3978,2026-04-17,1,118,23.10,0.130,beverage_wholesaler,wholesale,Coburg,completed
3979,2026-04-17,3,73,23.99,0.070,supermarket,wholesale,Bayreuth,completed
3980,2026-04-17,8,108,24.35,0.085,supermarket,wholesale,Nürnberg,completed
3981,2026-04-17,4,20,22.24,0.040,bar,direct,Nürnberg,completed
3982,2026-04-17,3,64,24.20,0.070,supermarket,wholesale,Bayreuth,completed
3983,2026-04-17,4,59,22.76,0.060,event_catering,direct,Hof,completed
3984,2026-04-17,3,55,23.62,0.070,supermarket,wholesale,Nürnberg,completed
3985,2026-04-17,6,27,24.60,0.030,restaurant,direct,Bayreuth,completed
3986,2026-04-17,2,52,25.03,0.070,supermarket,wholesale,Marktredwitz,completed
3987,2026-04-17,4,19,22.83,0.025,restaurant,wholesale,Bamberg,completed
3988,2026-04-17,,21,24.14,0.030,restaurant,direct,Nürnberg,completed
3989,2026-04-18,2,25,25.22,0.030,restaurant,wholesale,Bamberg,completed
3990,2026-04-18,3,27,24.16,0.040,bar,direct,Bayreuth,completed
3991,2026-04-18,1,44,22.93,0.030,restaurant,direct,Bayreuth,completed
3992,2026-04-18,6,93,24.14,0.085,supermarket,direct,Bayreuth,completed
3993,2026-04-18,3,37,23.81,0.080,supermarket,wholesale,Coburg,completed
3994,2026-04-18,8,53,24.29,0.040,bar,wholesale,Bayreuth,completed
3995,2026-04-18,10,86,32.94,0.085,supermarket,wholesale,Coburg,completed
3996,2026-04-18,2,44,24.89,0.025,restaurant,direct,Coburg,completed
3997,2026-04-18,5,66,21.81,0.040,bar,direct,Bayreuth,completed
3998,2026-04-18,9,82,26.01,0.085,supermarket,wholesale,Marktredwitz,completed
3999,2026-04-18,1,71,22.96,0.070,supermarket,wholesale,Nürnberg,completed
4000,2026-04-18,12,107,26.87,0.095,supermarket,wholesale,Hof,completed
4001,2026-04-18,5,145,21.75,0.085,supermarket,direct,Bayreuth,completed
4002,2026-04-18,11,47,23.51,0.030,restaurant,direct,Bayreuth,completed
4003,2026-04-18,5,108,22.17,0.080,supermarket,wholesale,Bamberg,completed
4004,2026-04-18,12,131,27.16,0.135,beverage_wholesaler,wholesale,Coburg,completed
4005,2026-04-18,1,48,23.22,0.040,bar,wholesale,Hof,completed
4006,2026-04-19,1,33,22.74,0.040,bar,direct,Nürnberg,completed
4007,2026-04-19,4,55,22.77,0.070,event_catering,direct,Kulmbach,completed
4008,2026-04-19,3,26,23.82,0.050,bar,wholesale,Nürnberg,completed
4009,2026-04-19,2,27,25.23,0.060,event_catering,direct,Nürnberg,completed
4010,2026-04-19,8,12,24.29,0.030,restaurant,direct,Nürnberg,completed
4011,2026-04-19,1,113,22.77,0.135,beverage_wholesaler,wholesale,Coburg,completed
4012,2026-04-19,12,50,27.18,0.035,bar,wholesale,Bayreuth,completed
4013,2026-04-19,1,25,23.16,0.050,bar,wholesale,Kulmbach,completed
4014,2026-04-19,12,25,26.75,0.050,bar,direct,Kulmbach,cancelled
4015,2026-04-19,1,17,22.79,0.030,restaurant,direct,Bayreuth,completed
4016,2026-04-19,5,41,22.11,0.070,supermarket,wholesale,Kulmbach,completed
4017,2026-04-19,3,27,23.97,0.040,restaurant,direct,Nürnberg,completed
4018,2026-04-19,3,12,24.15,0.040,restaurant,direct,Bayreuth,completed
4019,2026-04-19,1,25,22.73,0.040,bar,direct,Bayreuth,completed
4020,2026-04-19,4,34,22.22,0.030,restaurant,direct,Nürnberg,completed
4021,2026-04-20,10,113,32.71,0.095,supermarket,wholesale,Bayreuth,completed
4022,2026-04-20,1,30,23.06,0.030,restaurant,direct,Kulmbach,completed
4023,2026-04-20,7,87,31.55,0.085,supermarket,wholesale,Bayreuth,completed
4024,2026-04-20,1,87,22.98,0.085,supermarket,direct,Bamberg,completed
4025,2026-04-20,3,42,23.57,0.070,supermarket,wholesale,Nürnberg,completed
4026,2026-04-20,6,16,24.21,0.030,restaurant,wholesale,Hof,completed
4027,2026-04-20,6,63,24.34,0.060,event_catering,direct,Kulmbach,completed
4028,2026-04-20,12,175,26.77,0.150,beverage_wholesaler,wholesale,Hof,completed
4029,2026-04-20,2,24,24.60,0.030,restaurant,wholesale,Coburg,completed
4030,2026-04-20,1,28,23.13,0.030,restaurant,direct,Bamberg,completed
4031,2026-04-20,5,83,22.04,0.085,supermarket,wholesale,Bayreuth,completed
4032,2026-04-20,1,50,23.05,0.070,supermarket,wholesale,Marktredwitz,completed
4033,2026-04-20,11,48,23.80,0.080,supermarket,wholesale,Nürnberg,completed
4034,2026-04-20,4,161,22.39,0.150,beverage_wholesaler,wholesale,Nürnberg,completed
4035,2026-04-20,2,30,24.56,0.030,restaurant,direct,Bayreuth,completed
4036,2026-04-20,1,15,22.65,0.025,restaurant,direct,Bayreuth,completed
4037,2026-04-20,4,32,22.31,0.030,restaurant,direct,Bayreuth,completed
4038,2026-04-20,4,24,22.76,0.030,restaurant,wholesale,Kulmbach,completed
4039,2026-04-20,5,40,22.11,0.040,bar,wholesale,Hof,completed
4040,2026-04-20,7,12,31.97,0.030,restaurant,direct,Nürnberg,completed
4041,2026-04-20,1,62,22.84,0.070,supermarket,wholesale,Coburg,completed
4042,2026-04-20,5,26,22.14,0.050,bar,wholesale,Nürnberg,completed
4043,2026-04-20,2,104,24.54,0.135,beverage_wholesaler,wholesale,Bayreuth,completed
4044,2026-04-20,8,100,24.37,0.085,supermarket,wholesale,Coburg,completed
4045,2026-04-20,6,31,24.29,0.040,bar,direct,Bayreuth,completed
4046,2026-04-20,2,141,25.22,0.135,beverage_wholesaler,wholesale,Hof,completed
4047,2026-04-20,2,54,24.55,0.120,beverage_wholesaler,wholesale,Bayreuth,completed
4048,2026-04-21,2,211,25.18,0.145,beverage_wholesaler,wholesale,Hof,completed
4049,2026-04-21,2,23,24.71,0.040,restaurant,direct,Bayreuth,completed
4050,2026-04-21,9,30,26.16,0.040,restaurant,direct,Marktredwitz,completed
4051,2026-04-21,2,95,25.13,0.135,beverage_wholesaler,wholesale,Coburg,completed
4052,2026-04-21,2,144,24.67,0.135,beverage_wholesaler,wholesale,Coburg,completed
4053,2026-04-21,1,87,22.69,0.085,supermarket,wholesale,Nürnberg,completed
4054,2026-04-21,5,201,22.18,0.150,beverage_wholesaler,wholesale,Bayreuth,completed
4055,2026-04-21,2,80,24.67,0.135,beverage_wholesaler,wholesale,Bayreuth,returned
4056,2026-04-21,1,41,22.95,0.040,bar,wholesale,Bamberg,completed
4057,2026-04-21,3,76,23.74,0.080,supermarket,wholesale,Bayreuth,completed
4058,2026-04-21,6,43,24.46,0.035,bar,direct,Hof,completed
4059,2026-04-21,9,136,25.89,0.130,beverage_wholesaler,wholesale,Bayreuth,completed
4060,2026-04-21,8,64,23.85,0.070,supermarket,wholesale,Bayreuth,completed
4061,2026-04-21,3,181,23.82,0.150,beverage_wholesaler,wholesale,Bayreuth,completed
4062,2026-04-21,7,36,32.33,0.070,supermarket,wholesale,Kulmbach,completed
4063,2026-04-21,5,74,22.06,0.070,supermarket,wholesale,Hof,completed
4064,2026-04-21,5,179,21.80,0.100,supermarket,wholesale,Hof,completed
4065,2026-04-21,6,39,24.15,0.055,event_catering,direct,Bayreuth,completed
4066,2026-04-21,2,27,24.68,0.040,bar,direct,Bayreuth,completed
4067,2026-04-21,7,28,31.56,0.040,bar,direct,Hof,completed
4068,2026-04-21,1,153,22.89,0.090,event_catering,wholesale,Kulmbach,completed
4069,2026-04-22,3,49,23.57,0.070,supermarket,wholesale,Nürnberg,cancelled
4070,2026-04-22,1,124,22.81,0.085,supermarket,wholesale,Bayreuth,completed
4071,2026-04-22,4,18,22.18,0.030,restaurant,direct,Bayreuth,completed
4072,2026-04-22,6,21,24.67,0.030,restaurant,wholesale,Marktredwitz,completed
4073,2026-04-22,5,12,21.76,0.040,restaurant,direct,Bayreuth,completed
4074,2026-04-22,6,24,24.42,0.030,restaurant,direct,Bamberg,completed
4075,2026-04-22,1,33,23.20,0.060,event_catering,direct,Kulmbach,completed
4076,2026-04-22,1,29,22.60,0.040,bar,direct,Bayreuth,completed
4077,2026-04-22,1,11,22.73,0.030,restaurant,direct,Marktredwitz,completed
4078,2026-04-22,1,39,22.80,0.040,bar,direct,Bayreuth,completed
4079,2026-04-22,1,43,23.06,0.070,supermarket,direct,Bamberg,completed
4080,2026-04-22,1,56,23.05,0.050,bar,direct,Nürnberg,completed
4081,2026-04-22,7,52,31.52,0.070,supermarket,direct,Bayreuth,completed
4082,2026-04-22,2,144,24.55,0.135,beverage_wholesaler,wholesale,Nürnberg,completed
4083,2026-04-22,9,22,25.62,0.025,restaurant,wholesale,Coburg,completed
4084,2026-04-22,8,21,24.46,0.025,restaurant,direct,Bamberg,completed
4085,2026-04-22,2,27,24.85,0.050,bar,direct,Nürnberg,completed
4086,2026-04-22,5,115,21.60,0.085,supermarket,wholesale,Nürnberg,completed
4087,2026-04-22,6,58,24.15,0.070,supermarket,wholesale,Nürnberg,completed
4088,2026-04-22,3,63,23.54,0.080,supermarket,wholesale,Bayreuth,completed
4089,2026-04-22,8,60,23.98,0.060,event_catering,wholesale,Bamberg,completed
4090,2026-04-22,5,111,21.63,0.095,supermarket,wholesale,Bayreuth,completed
4091,2026-04-22,12,21,26.80,0.030,restaurant,direct,Bamberg,completed
4092,2026-04-23,8,42,23.87,0.070,supermarket,wholesale,Bayreuth,completed
4093,2026-04-23,8,49,24.31,0.060,event_catering,wholesale,Bamberg,completed
4094,2026-04-23,2,56,24.56,0.070,supermarket,wholesale,Bayreuth,completed
4095,2026-04-23,12,103,26.75,0.135,beverage_wholesaler,wholesale,Kulmbach,completed
4096,2026-04-23,1,17,22.98,0.035,bar,direct,Bayreuth,completed
4097,2026-04-23,4,76,22.50,0.080,supermarket,wholesale,Hof,completed
4098,2026-04-23,4,10,22.82,0.030,restaurant,direct,Marktredwitz,completed
4099,2026-04-23,6,34,24.74,0.040,bar,wholesale,Bayreuth,completed
4100,2026-04-23,8,130,24.02,0.130,beverage_wholesaler,wholesale,Bayreuth,completed
4101,2026-04-23,2,24,25.16,0.040,restaurant,direct,Nürnberg,completed
4102,2026-04-23,8,18,24.04,0.050,bar,direct,Bayreuth,completed
4103,2026-04-23,1,27,22.70,0.030,restaurant,wholesale,Bayreuth,completed
4104,2026-04-23,1,39,22.73,0.030,restaurant,wholesale,Bayreuth,completed
4105,2026-04-23,1,23,22.92,0.025,restaurant,direct,Nürnberg,completed
4106,2026-04-23,1,42,23.17,0.040,bar,direct,Bayreuth,completed
4107,2026-04-23,6,58,24.64,0.070,supermarket,wholesale,Hof,returned
4108,2026-04-23,1,75,22.67,0.120,beverage_wholesaler,wholesale,Bayreuth,completed
4109,2026-04-23,8,20,23.94,0.025,restaurant,direct,Nürnberg,completed
4110,2026-04-23,8,66,24.32,0.040,bar,direct,Nürnberg,completed
4111,2026-04-24,4,72,22.57,0.080,supermarket,wholesale,Coburg,completed
4112,2026-04-24,6,17,24.25,0.030,restaurant,direct,Nürnberg,completed
4113,2026-04-24,3,104,23.77,0.085,supermarket,direct,Marktredwitz,completed
4114,2026-04-24,3,29,23.61,0.030,restaurant,wholesale,Hof,completed
4115,2026-04-24,5,139,21.66,0.135,beverage_wholesaler,wholesale,Bamberg,completed
4116,2026-04-24,2,99,25.00,0.085,supermarket,wholesale,Hof,completed
4117,2026-04-24,9,36,26.09,0.040,bar,wholesale,Nürnberg,completed
4118,2026-04-24,4,15,22.83,0.040,bar,direct,Hof,completed
4119,2026-04-24,3,173,24.11,0.150,beverage_wholesaler,wholesale,Coburg,completed
4120,2026-04-24,1,85,23.20,0.085,supermarket,wholesale,Marktredwitz,completed
4121,2026-04-24,5,32,22.07,0.030,restaurant,direct,Bamberg,completed
4122,2026-04-24,2,71,24.63,0.070,supermarket,wholesale,Bamberg,completed
4123,2026-04-24,8,104,24.16,0.135,beverage_wholesaler,wholesale,Bayreuth,completed
4124,2026-04-24,7,16,32.18,0.050,bar,direct,Bayreuth,completed
4125,2026-04-24,6,122,24.87,0.135,beverage_wholesaler,wholesale,Nürnberg,completed
4126,2026-04-24,12,42,27.09,0.050,bar,direct,Kulmbach,completed
4127,2026-04-24,2,28,24.93,0.040,bar,direct,Bayreuth,completed
4128,2026-04-25,6,90,24.71,0.130,beverage_wholesaler,wholesale,Bayreuth,completed
4129,2026-04-25,3,36,23.88,0.055,event_catering,direct,Nürnberg,completed
4130,2026-04-25,10,26,32.52,0.030,restaurant,direct,Bayreuth,completed
4131,2026-04-25,4,181,22.70,0.150,beverage_wholesaler,wholesale,Hof,completed
4132,2026-04-25,10,29,32.85,0.040,bar,direct,Nürnberg,completed
4133,2026-04-25,7,98,31.76,0.130,beverage_wholesaler,wholesale,Bayreuth,completed
4134,2026-04-25,6,98,24.38,0.085,supermarket,wholesale,Bayreuth,completed
4135,2026-04-25,6,19,24.18,0.040,bar,direct,Bamberg,completed
4136,2026-04-25,5,53,22.17,0.040,bar,wholesale,Nürnberg,completed
4137,2026-04-25,3,84,23.70,0.085,supermarket,wholesale,Coburg,completed
4138,2026-04-25,6,75,24.72,0.070,supermarket,wholesale,Bamberg,completed
4139,2026-04-25,9,77,25.91,0.070,event_catering,direct,Bayreuth,completed
4140,2026-04-25,4,85,22.43,0.095,supermarket,wholesale,Nürnberg,completed
4141,2026-04-26,9,42,25.81,0.120,beverage_wholesaler,wholesale,Bayreuth,completed
4142,2026-04-26,2,63,25.20,0.120,beverage_wholesaler,wholesale,Nürnberg,completed
4143,2026-04-26,7,18,32.01,0.050,bar,wholesale,Bamberg,completed
4144,2026-04-26,9,18,25.90,0.070,supermarket,wholesale,Bamberg,completed
4145,2026-04-26,1,45,22.85,0.055,event_catering,direct,Nürnberg,completed
4146,2026-04-26,1,13,22.87,0.030,restaurant,direct,Coburg,completed
4147,2026-04-26,11,31,23.30,0.040,bar,direct,Bayreuth,completed
4148,2026-04-26,4,39,22.51,0.040,bar,direct,Marktredwitz,completed
4149,2026-04-26,5,29,22.00,0.040,restaurant,direct,Bayreuth,cancelled
4150,2026-04-26,1,83,22.69,0.135,beverage_wholesaler,wholesale,Bayreuth,completed
4151,2026-04-27,1,35,23.14,0.040,bar,wholesale,Coburg,completed
4152,2026-04-27,6,64,24.62,0.065,supermarket,wholesale,Bayreuth,completed
4153,2026-04-27,2,36,24.82,0.030,restaurant,direct,Bayreuth,completed
4154,2026-04-27,4,21,22.45,0.040,bar,direct,Bamberg,completed
4155,2026-04-27,9,65,26.23,0.080,supermarket,wholesale,Nürnberg,completed
4156,2026-04-27,2,32,25.17,0.035,bar,direct,Bamberg,completed
4157,2026-04-27,2,55,24.56,0.120,beverage_wholesaler,wholesale,Bayreuth,completed
4158,2026-04-27,5,83,21.63,0.135,beverage_wholesaler,wholesale,Bayreuth,completed
4159,2026-04-27,4,33,22.76,0.025,restaurant,direct,Nürnberg,completed
4160,2026-04-27,11,144,23.81,0.135,beverage_wholesaler,wholesale,Hof,completed
4161,2026-04-27,1,75,23.21,0.070,supermarket,wholesale,Marktredwitz,completed
4162,2026-04-27,12,178,26.92,0.160,beverage_wholesaler,wholesale,Bayreuth,completed
4163,2026-04-27,9,19,26.22,0.030,restaurant,direct,Coburg,completed
4164,2026-04-28,3,60,24.19,0.040,bar,wholesale,Bamberg,completed
4165,2026-04-28,7,26,31.62,0.040,bar,direct,Nürnberg,completed
4166,2026-04-28,9,55,26.17,0.060,event_catering,wholesale,Nürnberg,completed
4167,2026-04-28,8,27,24.54,0.040,bar,wholesale,Kulmbach,completed
4168,2026-04-28,4,126,22.17,0.080,supermarket,direct,Marktredwitz,completed
4169,2026-04-28,2,94,25.26,0.085,supermarket,wholesale,Bayreuth,completed
4170,2026-04-28,2,141,24.60,0.135,beverage_wholesaler,wholesale,Bayreuth,completed
4171,2026-04-28,5,18,21.62,0.035,bar,wholesale,Nürnberg,completed
4172,2026-04-28,5,78,22.22,0.070,supermarket,wholesale,Nürnberg,completed
4173,2026-04-28,4,79,22.57,0.070,supermarket,wholesale,Marktredwitz,completed
4174,2026-04-28,6,59,24.74,0.055,event_catering,direct,Bamberg,completed
4175,2026-04-28,11,14,23.47,0.030,restaurant,direct,Nürnberg,completed
4176,2026-04-28,8,20,24.21,0.030,restaurant,direct,Marktredwitz,completed
4177,2026-04-28,4,39,22.65,0.040,bar,direct,Bamberg,completed
4178,2026-04-28,1,88,22.90,0.075,event_catering,direct,Bayreuth,completed
4179,2026-04-28,2,43,25.04,0.040,bar,direct,Hof,completed
4180,2026-04-28,5,28,22.15,0.030,restaurant,direct,Coburg,completed
4181,2026-04-28,1,44,22.93,0.035,bar,wholesale,Kulmbach,completed
4182,2026-04-28,1,18,22.90,0.030,restaurant,direct,Bayreuth,completed
4183,2026-04-28,11,49,23.57,0.120,beverage_wholesaler,wholesale,Kulmbach,completed
4184,2026-04-29,3,26,23.68,0.040,bar,direct,Nürnberg,completed
4185,2026-04-29,4,39,22.43,0.060,event_catering,wholesale,Bayreuth,completed
4186,2026-04-29,6,27,24.51,0.030,restaurant,direct,Bamberg,returned
4187,2026-04-29,7,96,31.58,0.135,beverage_wholesaler,wholesale,Bayreuth,completed
4188,2026-04-29,11,24,23.49,0.025,restaurant,wholesale,Bayreuth,completed
4189,2026-04-29,10,46,33.14,0.030,restaurant,direct,Bayreuth,completed
4190,2026-04-29,1,107,22.96,0.135,beverage_wholesaler,wholesale,Hof,completed
4191,2026-04-29,2,21,24.67,0.040,restaurant,direct,Bamberg,completed
4192,2026-04-29,5,76,21.59,0.120,,wholesale,Bamberg,completed
4193,2026-04-29,3,92,24.06,0.075,event_catering,direct,Marktredwitz,completed
4194,2026-04-29,7,39,31.64,0.040,bar,wholesale,Bamberg,completed
4195,2026-04-29,1,22,22.85,0.040,bar,direct,Bayreuth,completed
4196,2026-04-29,4,43,22.39,0.040,bar,direct,Bamberg,completed
4197,2026-04-29,4,16,22.43,0.040,restaurant,direct,Bamberg,completed
4198,2026-04-29,10,79,32.84,0.065,supermarket,wholesale,Marktredwitz,completed
4199,2026-04-29,4,23,22.42,0.025,restaurant,direct,Bayreuth,completed
4200,2026-04-30,7,23,32.12,0.030,restaurant,wholesale,Coburg,completed
4201,2026-04-30,2,88,25.10,0.055,bar,direct,Nürnberg,completed
4202,2026-04-30,12,36,26.74,0.040,restaurant,wholesale,Bamberg,completed
4203,2026-04-30,1,75,22.78,0.065,supermarket,wholesale,Bayreuth,completed
4204,2026-04-30,4,25,22.50,0.040,bar,direct,Nürnberg,completed
4205,2026-04-30,2,47,25.07,0.060,event_catering,direct,Bamberg,completed
4206,2026-04-30,6,54,24.61,0.080,supermarket,direct,Marktredwitz,completed
4207,2026-04-30,5,63,21.92,0.080,supermarket,wholesale,Bayreuth,completed
4208,2026-04-30,8,38,24.04,0.030,restaurant,direct,Hof,completed
4209,2026-04-30,3,79,24.10,0.130,beverage_wholesaler,wholesale,Bamberg,completed
4210,2026-04-30,1,43,23.00,0.080,supermarket,wholesale,Bayreuth,completed
4211,2026-04-30,12,39,26.87,0.040,bar,wholesale,Bamberg,completed
4212,2026-04-30,5,42,22.13,0.070,supermarket,wholesale,Nürnberg,completed
4213,2026-05-01,1,45,22.82,0.060,event_catering,direct,Nürnberg,completed
4214,2026-05-01,5,65,21.90,0.040,bar,direct,Kulmbach,completed
4215,2026-05-01,5,107,21.71,0.085,supermarket,wholesale,Bayreuth,completed
4216,2026-05-01,2,19,24.56,0.040,restaurant,direct,Bayreuth,completed
4217,2026-05-01,8,119,24.14,0.145,beverage_wholesaler,wholesale,Marktredwitz,completed
4218,2026-05-01,1,24,22.69,0.025,restaurant,direct,Bayreuth,completed
4219,2026-05-01,1,52,23.02,0.030,restaurant,direct,Nürnberg,completed
4220,2026-05-01,5,83,22.17,0.080,supermarket,direct,Bayreuth,completed
4221,2026-05-01,9,21,25.89,0.040,restaurant,direct,Bayreuth,completed
4222,2026-05-01,2,76,24.88,0.070,event_catering,wholesale,Bamberg,completed
4223,2026-05-01,4,49,22.28,0.040,bar,direct,Kulmbach,completed
4224,2026-05-01,6,71,24.24,0.040,bar,direct,Bayreuth,completed
4225,2026-05-01,9,92,26.24,0.085,event_catering,direct,Coburg,completed
4226,2026-05-01,3,69,23.86,0.025,restaurant,direct,Bamberg,completed
4227,2026-05-01,1,124,22.66,0.130,beverage_wholesaler,wholesale,Bayreuth,completed
4228,2026-05-01,2,78,25.12,0.060,event_catering,direct,Bayreuth,completed
4229,2026-05-01,2,41,24.83,0.030,restaurant,direct,Bayreuth,completed
4230,2026-05-01,1,98,22.65,0.075,event_catering,direct,Bayreuth,completed
4231,2026-05-01,1,132,22.61,0.095,supermarket,wholesale,Bamberg,completed
4232,2026-05-01,5,260,21.74,0.150,beverage_wholesaler,wholesale,Kulmbach,completed
4233,2026-05-01,4,226,22.47,0.160,beverage_wholesaler,wholesale,Bayreuth,completed
4234,2026-05-01,8,22,24.55,0.030,restaurant,direct,Bamberg,completed
4235,2026-05-01,3,48,24.19,0.070,supermarket,wholesale,Coburg,completed
4236,2026-05-02,7,26,31.89,0.030,restaurant,direct,Bamberg,completed
4237,2026-05-02,9,27,26.27,0.025,restaurant,direct,Bayreuth,completed
4238,2026-05-02,2,33,24.88,0.030,restaurant,wholesale,Nürnberg,completed
4239,2026-05-02,5,64,21.82,0.040,restaurant,direct,Coburg,completed
4240,2026-05-02,3,25,23.55,0.030,restaurant,direct,Nürnberg,completed
4241,2026-05-02,8,192,24.49,0.150,beverage_wholesaler,wholesale,Kulmbach,completed
4242,2026-05-02,7,15,32.21,0.040,restaurant,direct,Bayreuth,completed
4243,2026-05-02,6,32,24.37,0.025,restaurant,wholesale,Bamberg,completed
4244,2026-05-02,2,196,25.07,0.160,beverage_wholesaler,wholesale,Bayreuth,completed
4245,2026-05-02,6,56,24.60,0.030,restaurant,wholesale,Kulmbach,completed
4246,2026-05-02,7,95,31.44,0.085,supermarket,wholesale,Bayreuth,completed
4247,2026-05-02,2,15,24.89,0.030,restaurant,direct,Bayreuth,completed
4248,2026-05-02,6,114,24.79,0.085,supermarket,wholesale,Hof,completed
4249,2026-05-02,1,20,22.69,0.035,bar,direct,Bayreuth,completed
4250,2026-05-02,1,201,22.85,0.150,beverage_wholesaler,wholesale,Bayreuth,completed
4251,2026-05-02,7,101,31.83,0.070,event_catering,direct,Coburg,completed
4252,2026-05-02,4,301,22.43,0.160,beverage_wholesaler,direct,Kulmbach,completed
4253,2026-05-02,4,39,22.66,0.030,restaurant,direct,Nürnberg,completed
4254,2026-05-02,2,79,25.23,0.080,supermarket,wholesale,Marktredwitz,completed
4255,2026-05-02,9,102,26.02,0.145,beverage_wholesaler,wholesale,Kulmbach,completed
4256,2026-05-02,11,67,23.67,0.060,event_catering,direct,Nürnberg,completed
4257,2026-05-02,5,185,21.73,0.090,event_catering,direct,Nürnberg,completed
4258,2026-05-03,1,42,22.69,0.050,bar,direct,Marktredwitz,completed
4259,2026-05-03,1,88,22.87,0.135,beverage_wholesaler,wholesale,Nürnberg,completed
4260,2026-05-03,2,68,24.70,0.070,supermarket,wholesale,Kulmbach,completed
4261,2026-05-03,2,47,25.07,0.050,bar,wholesale,Hof,cancelled
4262,2026-05-03,4,60,22.32,0.070,event_catering,direct,Bayreuth,completed
4263,2026-05-03,6,22,24.72,0.050,bar,wholesale,Nürnberg,completed
4264,2026-05-03,3,69,24.19,0.065,supermarket,wholesale,Bayreuth,completed
4265,2026-05-03,4,51,22.44,0.065,supermarket,direct,Bayreuth,completed
4266,2026-05-03,4,106,22.29,0.130,beverage_wholesaler,wholesale,Nürnberg,completed
4267,2026-05-03,2,87,25.04,0.145,beverage_wholesaler,wholesale,Kulmbach,completed
4268,2026-05-03,2,18,24.89,0.030,restaurant,direct,Coburg,completed
4269,2026-05-03,1,31,22.97,0.040,restaurant,direct,Bamberg,completed
4270,2026-05-03,1,37,22.98,0.040,restaurant,wholesale,Bayreuth,completed
4271,2026-05-03,8,22,24.28,0.040,bar,wholesale,Marktredwitz,completed
4272,2026-05-04,1,49,22.59,0.040,bar,direct,Bayreuth,completed
4273,2026-05-04,2,118,24.96,0.135,beverage_wholesaler,wholesale,Bamberg,completed
4274,2026-05-04,5,80,21.71,0.075,event_catering,direct,Hof,completed
4275,2026-05-04,2,91,24.69,0.080,supermarket,wholesale,Bamberg,completed
4276,2026-05-04,6,54,24.47,0.055,event_catering,direct,Nürnberg,completed
4277,2026-05-04,3,126,23.78,0.085,supermarket,direct,Bamberg,completed
4278,2026-05-04,2,26,24.58,0.030,restaurant,wholesale,Nürnberg,completed
4279,2026-05-04,12,52,27.29,0.070,supermarket,direct,Coburg,completed
4280,2026-05-04,5,230,21.97,0.150,beverage_wholesaler,wholesale,Bamberg,completed
4281,2026-05-04,6,193,24.64,0.150,beverage_wholesaler,wholesale,Nürnberg,completed
4282,2026-05-04,5,35,21.95,0.030,restaurant,direct,Coburg,completed
4283,2026-05-04,11,32,23.16,0.040,bar,direct,Bayreuth,completed
4284,2026-05-04,6,61,24.45,0.080,supermarket,wholesale,Bamberg,completed
4285,2026-05-04,7,35,31.89,0.025,restaurant,direct,Marktredwitz,completed
4286,2026-05-04,5,138,21.64,0.095,supermarket,wholesale,Kulmbach,completed
4287,2026-05-04,1,112,22.96,0.135,beverage_wholesaler,wholesale,Bayreuth,completed
4288,2026-05-04,1,86,23.09,0.085,supermarket,wholesale,Nürnberg,completed
4289,2026-05-04,4,159,22.84,0.150,beverage_wholesaler,wholesale,Coburg,completed
4290,2026-05-04,1,189,22.89,0.100,supermarket,wholesale,Nürnberg,completed
4291,2026-05-04,1,61,23.09,0.060,event_catering,direct,Kulmbach,completed
4292,2026-05-05,2,57,24.61,0.050,bar,direct,Nürnberg,completed
4293,2026-05-05,4,44,22.76,0.060,event_catering,direct,Nürnberg,completed
4294,2026-05-05,10,63,32.52,0.055,event_catering,wholesale,Bayreuth,completed
4295,2026-05-05,10,54,33.39,0.040,restaurant,wholesale,Hof,completed
4296,2026-05-05,8,207,24.01,0.150,beverage_wholesaler,wholesale,Bayreuth,completed
4297,2026-05-05,5,128,22.03,0.095,supermarket,wholesale,Coburg,completed
4298,2026-05-05,2,122,24.90,0.075,event_catering,direct,Nürnberg,completed
4299,2026-05-05,5,44,21.97,0.030,restaurant,direct,Bayreuth,completed
4300,2026-05-05,7,36,31.97,0.030,restaurant,wholesale,Nürnberg,completed
4301,2026-05-05,8,144,23.97,0.130,beverage_wholesaler,direct,Bayreuth,completed
4302,2026-05-05,2,321,24.96,0.150,beverage_wholesaler,wholesale,Marktredwitz,completed
4303,2026-05-05,5,221,21.59,0.150,beverage_wholesaler,wholesale,Bayreuth,completed
4304,2026-05-05,9,79,25.94,0.060,event_catering,direct,Nürnberg,completed
4305,2026-05-05,3,87,24.24,0.045,restaurant,direct,Bayreuth,completed
4306,2026-05-05,2,159,25.09,0.150,beverage_wholesaler,wholesale,Bamberg,completed
4307,2026-05-05,1,91,22.71,0.085,supermarket,wholesale,Nürnberg,completed
4308,2026-05-05,9,46,25.78,0.025,restaurant,direct,Marktredwitz,completed
4309,2026-05-05,1,19,22.70,0.040,bar,direct,Marktredwitz,completed
4310,2026-05-05,4,65,22.24,0.040,bar,direct,Bamberg,completed
4311,2026-05-05,2,13,24.95,0.030,restaurant,wholesale,Coburg,completed
4312,2026-05-05,3,85,23.57,0.070,event_catering,direct,Marktredwitz,completed
4313,2026-05-05,2,131,24.85,0.145,beverage_wholesaler,wholesale,Bayreuth,completed
4314,2026-05-05,8,67,24.40,0.070,supermarket,wholesale,Nürnberg,completed
4315,2026-05-05,3,28,23.89,0.050,bar,direct,Bamberg,completed
4316,2026-05-05,8,31,24.14,0.035,bar,direct,Kulmbach,completed
4317,2026-05-05,1,53,22.84,0.030,restaurant,direct,Nürnberg,completed
4318,2026-05-05,11,29,23.18,0.025,restaurant,direct,Bayreuth,completed
4319,2026-05-05,11,32,23.50,0.040,bar,direct,Bayreuth,completed
4320,2026-05-05,2,69,24.55,0.040,bar,direct,Hof,completed
4321,2026-05-05,7,34,31.68,0.030,restaurant,wholesale,Bayreuth,completed
4322,2026-05-06,11,88,23.54,0.085,supermarket,wholesale,Kulmbach,completed
4323,2026-05-06,5,20,22.01,0.040,restaurant,direct,Marktredwitz,completed
4324,2026-05-06,2,160,25.16,0.160,beverage_wholesaler,wholesale,Bayreuth,completed
4325,2026-05-06,2,44,25.00,0.040,restaurant,direct,Coburg,completed
4326,2026-05-06,1,209,22.81,0.160,beverage_wholesaler,wholesale,Marktredwitz,completed
4327,2026-05-06,5,91,21.68,0.085,supermarket,direct,Kulmbach,completed
4328,2026-05-06,2,112,24.94,0.145,beverage_wholesaler,wholesale,Coburg,completed
4329,2026-05-06,2,278,24.68,0.145,beverage_wholesaler,wholesale,Kulmbach,completed
4330,2026-05-06,8,67,24.31,0.080,supermarket,direct,Bayreuth,completed
4331,2026-05-06,3,30,24.13,0.040,bar,direct,Coburg,completed
4332,2026-05-06,3,230,23.93,0.150,beverage_wholesaler,wholesale,Nürnberg,completed
4333,2026-05-06,5,30,22.12,0.025,restaurant,direct,Bamberg,completed
4334,2026-05-06,2,151,24.84,0.110,supermarket,wholesale,Nürnberg,completed
4335,2026-05-06,5,58,22.04,0.025,restaurant,direct,Hof,completed
4336,2026-05-06,6,117,24.39,0.070,event_catering,direct,Bamberg,completed
4337,2026-05-06,8,35,24.01,0.030,restaurant,direct,Kulmbach,completed
4338,2026-05-06,1,153,22.64,0.150,beverage_wholesaler,wholesale,Bamberg,completed
4339,2026-05-06,11,64,23.26,0.070,supermarket,direct,Coburg,completed
4340,2026-05-06,6,18,24.70,0.040,restaurant,direct,Bamberg,completed
4341,2026-05-06,5,58,21.70,0.070,supermarket,wholesale,Hof,completed
4342,2026-05-06,1,42,22.76,0.025,restaurant,direct,Bamberg,completed
4343,2026-05-06,4,64,22.76,0.050,bar,direct,Nürnberg,completed
4344,2026-05-06,2,175,24.63,0.150,beverage_wholesaler,wholesale,Bayreuth,completed
4345,2026-05-06,7,105,31.62,0.135,beverage_wholesaler,direct,Nürnberg,completed
4346,2026-05-06,6,143,24.50,0.135,beverage_wholesaler,wholesale,Coburg,completed
4347,2026-05-06,4,90,22.58,0.085,supermarket,wholesale,Bayreuth,completed
4348,2026-05-06,2,29,24.53,0.050,bar,direct,Kulmbach,completed
4349,2026-05-06,8,60,24.15,0.080,supermarket,wholesale,Marktredwitz,completed
4350,2026-05-06,1,84,23.17,0.085,supermarket,wholesale,Bayreuth,completed
4351,2026-05-06,2,34,24.77,0.025,restaurant,wholesale,Bayreuth,completed
4352,2026-05-07,2,53,24.65,0.070,supermarket,direct,Kulmbach,completed
4353,2026-05-07,7,121,32.27,0.135,beverage_wholesaler,wholesale,Nürnberg,completed
4354,2026-05-07,4,38,22.80,0.040,bar,wholesale,Marktredwitz,completed
4355,2026-05-07,4,120,22.49,0.135,beverage_wholesaler,direct,Nürnberg,completed
4356,2026-05-07,6,108,24.86,0.135,beverage_wholesaler,direct,Marktredwitz,cancelled
4357,2026-05-07,4,13,22.36,0.030,restaurant,direct,Bayreuth,completed
4358,2026-05-07,1,96,22.89,0.130,beverage_wholesaler,wholesale,Bamberg,completed
4359,2026-05-07,4,39,22.54,0.055,event_catering,wholesale,Bayreuth,completed
4360,2026-05-07,11,85,23.83,0.075,event_catering,direct,Bayreuth,completed
4361,2026-05-07,7,94,32.26,0.750,event_catering,direct,Coburg,completed
4362,2026-05-07,6,46,24.72,0.040,bar,direct,Bamberg,completed
4363,2026-05-07,9,84,25.83,0.085,supermarket,wholesale,Bamberg,completed
4364,2026-05-07,12,46,26.65,0.070,supermarket,wholesale,Nürnberg,completed
4365,2026-05-07,1,55,22.68,0.030,restaurant,wholesale,Nürnberg,completed
4366,2026-05-07,8,197,24.00,0.160,beverage_wholesaler,wholesale,Marktredwitz,completed
4367,2026-05-07,5,67,21.77,0.040,bar,direct,Bayreuth,completed
4368,2026-05-07,4,120,22.71,0.080,supermarket,wholesale,Bayreuth,completed
4369,2026-05-07,1,135,23.13,0.080,supermarket,wholesale,Bayreuth,completed
4370,2026-05-07,5,36,21.81,0.030,restaurant,direct,Kulmbach,completed
4371,2026-05-07,5,39,21.85,0.030,restaurant,wholesale,Marktredwitz,completed
4372,2026-05-07,1,60,23.07,0.060,event_catering,direct,Coburg,completed
4373,2026-05-07,2,26,24.80,0.040,restaurant,direct,Coburg,completed
4374,2026-05-07,6,14,24.56,0.030,restaurant,direct,Coburg,completed
4375,2026-05-07,8,73,24.38,0.070,supermarket,wholesale,Nürnberg,completed
4376,2026-05-07,3,20,23.93,0.040,bar,direct,Bayreuth,completed
4377,2026-05-07,2,109,25.22,0.130,beverage_wholesaler,wholesale,Marktredwitz,completed
4378,2026-05-07,1,98,22.58,0.135,beverage_wholesaler,wholesale,Bayreuth,completed
4379,2026-05-07,6,85,24.38,0.095,supermarket,wholesale,Marktredwitz,completed
4380,2026-05-07,7,35,31.76,0.040,bar,wholesale,Kulmbach,completed
4381,2026-05-07,3,13,23.86,0.030,restaurant,direct,Kulmbach,returned
4382,2026-05-08,11,56,23.39,0.070,supermarket,wholesale,Bamberg,completed
4383,2026-05-08,2,90,24.53,0.135,beverage_wholesaler,wholesale,Nürnberg,completed
4384,2026-05-08,4,47,22.52,0.040,bar,direct,Coburg,completed
4385,2026-05-08,3,176,23.85,0.150,beverage_wholesaler,wholesale,Kulmbach,completed
4386,2026-05-08,4,110,22.34,0.095,supermarket,wholesale,Hof,completed
4387,2026-05-08,12,92,26.81,0.045,restaurant,direct,Nürnberg,completed
4388,2026-05-08,12,72,27.15,0.040,bar,direct,Bayreuth,completed
4389,2026-05-08,9,167,25.69,0.150,beverage_wholesaler,wholesale,Coburg,completed
4390,2026-05-08,3,81,23.73,0.080,supermarket,wholesale,Nürnberg,completed
4391,2026-05-08,6,160,24.59,0.145,beverage_wholesaler,wholesale,Coburg,completed
4392,2026-05-08,1,27,22.69,0.040,restaurant,wholesale,Coburg,completed
4393,2026-05-08,1,134,23.05,0.130,beverage_wholesaler,wholesale,Kulmbach,completed
4394,2026-05-08,2,69,24.99,0.070,supermarket,wholesale,Bayreuth,completed
4395,2026-05-08,1,103,22.92,0.135,beverage_wholesaler,wholesale,Nürnberg,completed
4396,2026-05-08,6,247,24.33,0.145,beverage_wholesaler,wholesale,Bayreuth,completed
4397,2026-05-08,1,19,22.98,0.030,restaurant,direct,Bayreuth,completed
4398,2026-05-08,5,218,21.71,0.160,beverage_wholesaler,direct,Nürnberg,completed
4399,2026-05-08,4,195,22.79,0.160,beverage_wholesaler,wholesale,Hof,completed
4400,2026-05-08,5,54,21.96,0.040,bar,direct,Nürnberg,completed
4401,2026-05-08,6,46,24.53,0.030,restaurant,direct,Kulmbach,completed
4402,2026-05-08,7,93,31.52,0.135,beverage_wholesaler,wholesale,Hof,completed
4403,2026-05-08,6,36,24.16,0.025,restaurant,direct,Bayreuth,completed
4404,2026-05-08,1,62,23.06,0.030,restaurant,wholesale,Marktredwitz,completed
4405,2026-05-08,7,275,32.28,0.145,beverage_wholesaler,wholesale,Bayreuth,completed
4406,2026-05-08,2,107,24.94,0.075,event_catering,direct,Kulmbach,completed
4407,2026-05-08,1,68,22.85,0.070,supermarket,wholesale,Bayreuth,completed
4408,2026-05-08,7,223,32.17,0.150,beverage_wholesaler,wholesale,Bayreuth,completed
4409,2026-05-08,2,19,25.21,0.030,restaurant,direct,Bayreuth,completed
4410,2026-05-08,4,50,22.16,0.070,supermarket,wholesale,Kulmbach,completed
4411,2026-05-08,1,61,22.99,0.070,event_catering,direct,Nürnberg,completed
4412,2026-05-08,11,60,23.21,0.070,event_catering,wholesale,Coburg,completed
4413,2026-05-08,7,31,31.69,0.040,restaurant,direct,Bayreuth,completed
4414,2026-05-08,1,185,23.19,0.100,supermarket,wholesale,Bamberg,completed
4415,2026-05-08,9,23,25.65,0.040,restaurant,direct,Nürnberg,completed
4416,2026-05-09,6,44,24.24,0.040,bar,direct,Bamberg,completed
4417,2026-05-09,11,48,23.24,0.070,supermarket,wholesale,Kulmbach,completed
4418,2026-05-09,4,114,22.29,0.135,beverage_wholesaler,wholesale,Kulmbach,completed
4419,2026-05-09,2,29,24.75,0.025,restaurant,direct,Bayreuth,completed
4420,2026-05-09,12,54,27.08,0.060,event_catering,direct,Bayreuth,completed
4421,2026-05-09,1,133,23.12,0.095,supermarket,wholesale,Bayreuth,completed
4422,2026-05-09,1,22,22.56,0.035,bar,wholesale,Coburg,completed
4423,2026-05-09,7,57,31.88,0.080,supermarket,direct,Kulmbach,completed
4424,2026-05-09,1,227,23.13,0.160,beverage_wholesaler,wholesale,Bayreuth,completed
4425,2026-05-09,1,73,22.79,0.080,supermarket,wholesale,Bayreuth,completed
4426,2026-05-09,9,28,26.15,0.040,restaurant,wholesale,Nürnberg,completed
4427,2026-05-09,3,34,24.00,0.030,restaurant,direct,Coburg,completed
4428,2026-05-09,4,28,22.26,0.030,restaurant,direct,Bayreuth,completed
4429,2026-05-09,4,79,22.75,0.070,supermarket,wholesale,Coburg,completed
4430,2026-05-09,1,17,22.79,0.040,restaurant,direct,Nürnberg,completed
4431,2026-05-09,12,132,26.85,0.135,beverage_wholesaler,wholesale,Coburg,completed
4432,2026-05-09,5,90,21.76,0.045,restaurant,direct,Hof,completed
4433,2026-05-09,8,91,24.34,0.135,beverage_wholesaler,wholesale,Nürnberg,completed
4434,2026-05-09,3,123,23.94,0.135,beverage_wholesaler,wholesale,Coburg,completed
4435,2026-05-09,11,38,23.38,0.040,bar,wholesale,Hof,completed
4436,2026-05-09,2,129,25.04,0.085,supermarket,wholesale,Nürnberg,completed
4437,2026-05-09,1,29,22.64,0.050,bar,wholesale,Bayreuth,completed
4438,2026-05-09,2,42,25.07,0.070,supermarket,wholesale,Kulmbach,completed
4439,2026-05-09,12,38,26.69,0.040,bar,direct,Marktredwitz,completed
4440,2026-05-09,1,214,23.06,0.090,event_catering,direct,Coburg,completed
4441,2026-05-09,5,200,22.01,0.160,beverage_wholesaler,wholesale,Bayreuth,completed
4442,2026-05-09,4,48,22.40,0.050,bar,direct,Kulmbach,completed
4443,2026-05-09,1,30,22.64,0.040,bar,direct,Bayreuth,completed
4444,2026-05-10,7,194,32.11,0.150,beverage_wholesaler,wholesale,Nürnberg,completed
4445,2026-05-10,7,180,31.42,0.150,beverage_wholesaler,wholesale,Bayreuth,completed
4446,2026-05-10,5,119,22.01,0.085,supermarket,wholesale,Nürnberg,completed
4447,2026-05-10,4,14,22.74,0.050,bar,direct,Kulmbach,completed
4448,2026-05-10,5,227,21.78,0.145,beverage_wholesaler,wholesale,Kulmbach,completed
4449,2026-05-10,2,22,24.68,0.040,bar,direct,Coburg,completed
4450,2026-05-10,6,13,24.21,0.040,bar,wholesale,Hof,completed
4451,2026-05-10,2,49,24.94,0.070,supermarket,wholesale,Bayreuth,completed
4452,2026-05-10,3,39,24.11,0.070,supermarket,wholesale,Bamberg,completed
4453,2026-05-10,2,55,24.55,0.070,supermarket,wholesale,Kulmbach,completed
4454,2026-05-10,9,28,25.61,0.040,bar,wholesale,Nürnberg,completed
4455,2026-05-10,7,194,31.81,0.150,beverage_wholesaler,wholesale,Hof,completed
4456,2026-05-10,11,22,23.38,0.040,bar,direct,Coburg,completed
4457,2026-05-10,8,63,23.85,0.070,supermarket,wholesale,Kulmbach,completed
4458,2026-05-10,5,16,21.91,0.050,bar,direct,Marktredwitz,completed
4459,2026-05-11,5,112,21.71,0.080,supermarket,wholesale,Bayreuth,completed
4460,2026-05-11,1,40,23.13,0.025,restaurant,direct,Bayreuth,completed
4461,2026-05-11,1,70,23.21,0.065,supermarket,wholesale,Nürnberg,completed
4462,2026-05-11,4,62,22.62,0.050,bar,direct,Bayreuth,completed
4463,2026-05-11,7,26,31.64,0.035,bar,wholesale,Kulmbach,completed
4464,2026-05-11,4,83,22.30,0.085,event_catering,wholesale,Bamberg,completed
4465,2026-05-11,2,118,25.06,0.135,beverage_wholesaler,wholesale,Bamberg,completed
4466,2026-05-11,7,52,31.83,0.070,event_catering,direct,Hof,completed
4467,2026-05-11,4,153,22.24,0.100,supermarket,wholesale,Bayreuth,completed
4468,2026-05-11,2,30,24.93,0.030,restaurant,wholesale,Bayreuth,completed
4469,2026-05-11,7,23,32.37,0.030,restaurant,direct,Bayreuth,completed
4470,2026-05-11,2,105,24.75,0.085,supermarket,wholesale,Kulmbach,completed
4471,2026-05-11,12,89,27.22,0.085,supermarket,wholesale,Coburg,completed
4472,2026-05-11,2,59,24.81,0.070,event_catering,direct,Marktredwitz,completed
4473,2026-05-11,5,41,21.89,0.035,bar,direct,Bamberg,completed
4474,2026-05-11,1,69,23.13,0.065,supermarket,wholesale,Bayreuth,completed
4475,2026-05-11,1,23,22.98,0.030,restaurant,wholesale,Coburg,completed
4476,2026-05-11,3,63,24.17,0.060,event_catering,direct,Bamberg,completed
4477,2026-05-11,2,256,24.87,0.160,beverage_wholesaler,wholesale,Coburg,completed
4478,2026-05-11,6,99,24.68,0.135,beverage_wholesaler,wholesale,Coburg,completed
4479,2026-05-11,1,43,22.88,0.060,event_catering,wholesale,Bayreuth,completed
4480,2026-05-11,9,45,25.82,0.080,supermarket,wholesale,Nürnberg,completed
4481,2026-05-11,4,27,22.50,0.035,bar,direct,Coburg,completed
4482,2026-05-12,4,57,22.20,0.070,supermarket,wholesale,Nürnberg,completed
4483,2026-05-12,1,31,23.24,0.050,bar,direct,Bayreuth,completed
4484,2026-05-12,2,162,24.85,0.160,beverage_wholesaler,direct,Bayreuth,completed
4485,2026-05-12,6,168,24.48,0.145,beverage_wholesaler,wholesale,Bamberg,completed
4486,2026-05-12,4,85,22.27,0.095,supermarket,direct,Bamberg,completed
4487,2026-05-12,2,38,24.94,0.030,restaurant,direct,Kulmbach,completed
4488,2026-05-12,2,81,24.76,0.085,supermarket,wholesale,Coburg,cancelled
4489,2026-05-12,6,18,24.27,0.030,restaurant,direct,Bayreuth,completed
4490,2026-05-12,2,33,25.19,0.030,restaurant,wholesale,Bayreuth,completed
4491,2026-05-12,8,71,24.46,0.065,supermarket,wholesale,Bamberg,completed
4492,2026-05-12,11,75,23.72,0.060,event_catering,direct,Nürnberg,completed
4493,2026-05-12,1,33,23.08,0.050,bar,wholesale,Hof,cancelled
4494,2026-05-12,2,62,25.02,0.070,supermarket,wholesale,Nürnberg,completed
4495,2026-05-12,9,27,25.64,0.050,bar,direct,Bayreuth,completed
4496,2026-05-12,10,31,32.84,0.025,restaurant,wholesale,Bamberg,completed
4497,2026-05-12,6,28,24.22,0.040,restaurant,direct,Bamberg,completed
4498,2026-05-12,5,98,22.05,0.085,event_catering,direct,Coburg,completed
4499,2026-05-12,1,74,23.15,0.115,beverage_wholesaler,wholesale,Bamberg,completed
4500,2026-05-12,4,24,22.59,0.035,bar,wholesale,Bayreuth,completed
4501,2026-05-12,11,92,23.21,0.070,event_catering,direct,Bamberg,completed
4502,2026-05-12,8,91,24.27,0.085,supermarket,wholesale,Hof,completed
4503,2026-05-12,2,48,24.88,0.025,restaurant,direct,Nürnberg,completed
4504,2026-05-12,6,36,24.37,0.040,bar,wholesale,Marktredwitz,completed
4505,2026-05-12,5,199,21.69,0.150,beverage_wholesaler,wholesale,Bayreuth,cancelled
4506,2026-05-12,3,31,24.07,0.040,bar,direct,Bayreuth,completed
4507,2026-05-12,6,165,24.70,0.150,beverage_wholesaler,direct,Kulmbach,completed
4508,2026-05-12,5,49,22.22,0.040,bar,direct,Bayreuth,completed
4509,2026-05-12,1,53,23.09,0.065,supermarket,wholesale,Bamberg,completed
4510,2026-05-12,4,42,22.58,0.050,bar,direct,Bayreuth,completed
4511,2026-05-12,2,333,24.90,0.150,beverage_wholesaler,wholesale,Hof,completed
4512,2026-05-12,2,186,25.12,0.145,beverage_wholesaler,wholesale,Nürnberg,completed
4513,2026-05-12,8,61,24.09,0.070,event_catering,direct,Bayreuth,completed
4514,2026-05-12,5,71,21.89,0.030,restaurant,direct,Hof,cancelled
4515,2026-05-12,5,110,21.74,0.080,supermarket,wholesale,Bayreuth,completed
4516,2026-05-12,10,154,32.94,0.100,supermarket,direct,Marktredwitz,completed
4517,2026-05-12,4,37,22.44,0.040,restaurant,wholesale,Nürnberg,completed
4518,2026-05-12,3,129,23.89,0.130,beverage_wholesaler,wholesale,Nürnberg,completed
4519,2026-05-12,5,82,22.16,0.080,supermarket,wholesale,Kulmbach,completed
4520,2026-05-13,3,20,23.97,0.030,restaurant,wholesale,Kulmbach,completed
4521,2026-05-13,4,83,22.79,0.130,beverage_wholesaler,wholesale,Nürnberg,completed
4522,2026-05-13,3,188,23.96,0.100,supermarket,direct,Nürnberg,completed
4523,2026-05-13,11,45,23.60,0.040,bar,direct,Coburg,completed
4524,2026-05-13,8,33,24.38,0.040,restaurant,direct,Kulmbach,completed
4525,2026-05-13,2,47,25.15,0.050,bar,direct,Bayreuth,completed
4526,2026-05-13,6,167,24.24,0.160,beverage_wholesaler,wholesale,Bamberg,completed
4527,2026-05-13,6,53,24.14,0.040,bar,direct,Coburg,completed
4528,2026-05-13,8,143,24.18,0.130,beverage_wholesaler,wholesale,Hof,completed
4529,2026-05-13,6,39,24.61,0.080,supermarket,wholesale,Coburg,completed
4530,2026-05-13,1,78,22.57,0.070,supermarket,wholesale,Coburg,completed
4531,2026-05-13,3,104,23.70,0.080,supermarket,wholesale,Bayreuth,completed
4532,2026-05-13,2,124,24.68,0.135,beverage_wholesaler,wholesale,Coburg,completed
4533,2026-05-13,2,83,24.96,0.070,event_catering,wholesale,Marktredwitz,completed
4534,2026-05-13,2,19,24.85,0.040,bar,wholesale,Nürnberg,completed
4535,2026-05-13,5,164,21.58,0.100,supermarket,wholesale,Kulmbach,completed
4536,2026-05-13,7,56,31.70,0.050,bar,direct,Bayreuth,completed
4537,2026-05-13,2,18,24.70,0.025,restaurant,direct,Bamberg,completed
4538,2026-05-13,9,59,26.20,0.035,bar,direct,Nürnberg,completed
4539,2026-05-13,7,50,31.56,0.060,event_catering,direct,Bayreuth,completed
4540,2026-05-14,8,29,24.10,0.040,bar,direct,Bayreuth,completed
4541,2026-05-14,7,111,31.80,0.145,beverage_wholesaler,wholesale,Hof,completed
4542,2026-05-14,8,91,24.44,0.135,beverage_wholesaler,wholesale,Coburg,completed
4543,2026-05-14,4,110,22.55,0.095,supermarket,wholesale,Bamberg,cancelled
4544,2026-05-14,2,55,24.56,0.055,event_catering,wholesale,Kulmbach,completed
4545,2026-05-14,7,22,32.29,0.040,restaurant,direct,Hof,completed
4546,2026-05-14,2,170,24.60,0.150,beverage_wholesaler,wholesale,Coburg,completed
4547,2026-05-14,6,18,24.86,0.030,restaurant,direct,Nürnberg,completed
4548,2026-05-14,2,26,24.93,0.040,restaurant,direct,Coburg,completed
4549,2026-05-14,2,61,25.00,0.040,bar,direct,Bayreuth,completed
4550,2026-05-14,5,44,22.18,0.040,bar,direct,Coburg,completed
4551,2026-05-14,5,40,22.12,0.050,bar,direct,Nürnberg,completed
4552,2026-05-14,2,32,24.87,0.030,restaurant,direct,Kulmbach,completed
4553,2026-05-14,12,81,27.14,0.075,event_catering,wholesale,Bamberg,completed
4554,2026-05-14,5,154,22.00,0.145,beverage_wholesaler,wholesale,Bayreuth,completed
4555,2026-05-14,8,47,24.50,0.030,restaurant,direct,Bayreuth,completed
4556,2026-05-14,2,22,24.69,0.050,bar,direct,Coburg,completed
4557,2026-05-14,9,86,25.73,0.085,supermarket,wholesale,Nürnberg,completed
4558,2026-05-14,1,28,23.22,0.040,restaurant,direct,Hof,completed
4559,2026-05-14,3,27,23.91,0.065,supermarket,wholesale,Bamberg,completed
4560,2026-05-14,3,64,23.60,0.070,supermarket,wholesale,Bayreuth,completed
4561,2026-05-14,7,19,31.60,0.040,restaurant,wholesale,Bamberg,completed
4562,2026-05-14,2,32,24.89,0.070,supermarket,wholesale,Bayreuth,completed
4563,2026-05-14,2,43,25.02,0.060,event_catering,wholesale,Bamberg,completed
4564,2026-05-14,1,208,22.77,0.160,beverage_wholesaler,wholesale,Nürnberg,completed
4565,2026-05-14,2,35,24.60,0.050,bar,direct,Coburg,completed
4566,2026-05-14,7,63,31.91,0.070,supermarket,wholesale,Nürnberg,completed
4567,2026-05-14,11,64,23.31,0.050,bar,direct,Nürnberg,completed
4568,2026-05-14,1,50,22.73,0.070,event_catering,direct,Coburg,completed
4569,2026-05-14,4,34,22.80,0.050,bar,direct,Marktredwitz,completed
4570,2026-05-14,9,26,25.72,0.035,bar,direct,Bayreuth,completed
4571,2026-05-14,4,24,22.61,0.040,bar,direct,Nürnberg,completed
4572,2026-05-14,2,71,24.92,0.040,bar,direct,Kulmbach,completed
4573,2026-05-14,11,28,23.66,0.040,restaurant,direct,Nürnberg,completed
4574,2026-05-15,6,49,24.51,0.070,supermarket,wholesale,Bayreuth,completed
4575,2026-05-15,4,45,22.71,0.030,restaurant,direct,Bayreuth,completed
4576,2026-05-15,3,219,24.18,0.160,beverage_wholesaler,wholesale,Bayreuth,completed
4577,2026-05-15,2,62,24.72,0.070,supermarket,direct,Kulmbach,completed
4578,2026-05-15,2,298,25.10,0.150,beverage_wholesaler,wholesale,Kulmbach,completed
4579,2026-05-15,5,118,21.99,0.085,supermarket,wholesale,Kulmbach,completed
4580,2026-05-15,4,77,22.22,0.070,supermarket,wholesale,Nürnberg,completed
4581,2026-05-15,1,82,23.04,0.135,beverage_wholesaler,wholesale,Kulmbach,completed
4582,2026-05-15,12,120,27.21,0.135,beverage_wholesaler,wholesale,Marktredwitz,completed
4583,2026-05-15,5,65,21.74,0.035,bar,direct,Nürnberg,completed
4584,2026-05-15,5,174,22.15,0.150,beverage_wholesaler,wholesale,Bayreuth,completed
4585,2026-05-15,2,42,24.99,0.040,bar,direct,Nürnberg,completed
4586,2026-05-15,8,79,24.32,0.035,bar,direct,Bayreuth,returned
4587,2026-05-15,3,19,23.70,0.030,restaurant,direct,Bamberg,completed
4588,2026-05-15,2,213,24.58,0.100,supermarket,wholesale,Kulmbach,completed
4589,2026-05-15,6,337,24.34,0.160,beverage_wholesaler,wholesale,Kulmbach,completed
4590,2026-05-15,4,18,22.26,0.030,restaurant,direct,Bamberg,completed
4591,2026-05-15,3,47,24.23,0.070,supermarket,wholesale,Bayreuth,completed
4592,2026-05-15,3,138,24.24,0.085,supermarket,wholesale,Kulmbach,completed
4593,2026-05-15,3,24,23.57,0.040,bar,direct,Hof,completed
4594,2026-05-15,1,56,22.65,0.030,restaurant,direct,Bayreuth,completed
4595,2026-05-16,1,126,22.68,0.135,beverage_wholesaler,wholesale,Bayreuth,completed
4596,2026-05-16,3,97,23.98,0.145,beverage_wholesaler,wholesale,Nürnberg,completed
4597,2026-05-16,6,61,24.47,0.035,bar,wholesale,Hof,completed
4598,2026-05-16,3,35,23.99,0.030,restaurant,direct,Kulmbach,completed
4599,2026-05-16,1,37,22.98,0.025,restaurant,direct,Bamberg,completed
4600,2026-05-16,6,45,24.55,0.080,supermarket,wholesale,Bayreuth,completed
4601,2026-05-16,5,273,21.76,0.095,supermarket,direct,Bayreuth,cancelled
4602,2026-05-16,2,71,24.91,0.070,supermarket,wholesale,Kulmbach,completed
4603,2026-05-16,2,40,24.98,0.055,event_catering,direct,Bamberg,completed
4604,2026-05-16,4,74,22.27,0.080,supermarket,wholesale,Coburg,completed
4605,2026-05-16,8,65,24.52,0.065,supermarket,wholesale,Kulmbach,completed
4606,2026-05-16,1,33,23.20,0.040,bar,wholesale,Bayreuth,completed
4607,2026-05-16,5,233,21.93,0.150,beverage_wholesaler,wholesale,Bamberg,completed
4608,2026-05-16,2,61,24.72,0.060,event_catering,direct,Coburg,completed
4609,2026-05-16,6,315,24.44,0.150,beverage_wholesaler,wholesale,Bayreuth,completed
4610,2026-05-16,1,107,23.16,0.130,beverage_wholesaler,wholesale,Coburg,completed
4611,2026-05-16,1,71,22.94,0.070,supermarket,wholesale,Bayreuth,completed
4612,2026-05-16,5,56,21.68,0.030,restaurant,direct,Bayreuth,completed
4613,2026-05-16,2,58,24.78,0.040,bar,wholesale,Bayreuth,completed
4614,2026-05-16,2,33,25.06,0.030,restaurant,direct,Kulmbach,completed
4615,2026-05-16,6,89,24.61,0.040,restaurant,direct,Nürnberg,completed
4616,2026-05-17,5,50,21.81,0.070,supermarket,wholesale,Coburg,completed
4617,2026-05-17,1,57,22.86,0.070,supermarket,wholesale,Nürnberg,completed
4618,2026-05-17,5,95,22.16,0.135,beverage_wholesaler,wholesale,Bayreuth,completed
4619,2026-05-17,2,47,24.63,0.070,event_catering,direct,Nürnberg,completed
4620,2026-05-17,2,34,24.96,0.040,restaurant,direct,Bayreuth,completed
4621,2026-05-17,1,172,22.80,0.150,beverage_wholesaler,wholesale,Coburg,completed
4622,2026-05-17,6,75,24.61,0.080,supermarket,wholesale,Marktredwitz,completed
4623,2026-05-17,9,157,26.05,0.150,beverage_wholesaler,wholesale,Bayreuth,completed
4624,2026-05-17,2,168,24.59,0.160,beverage_wholesaler,wholesale,Nürnberg,completed
4625,2026-05-17,1,181,22.91,0.150,beverage_wholesaler,wholesale,Bayreuth,completed
4626,2026-05-17,8,121,24.44,0.135,beverage_wholesaler,wholesale,Nürnberg,completed
4627,2026-05-17,5,82,21.80,0.085,supermarket,wholesale,Nürnberg,completed
4628,2026-05-17,2,36,24.67,0.030,restaurant,wholesale,Nürnberg,completed
4629,2026-05-17,1,65,23.17,0.080,supermarket,wholesale,Kulmbach,completed
4630,2026-05-17,11,30,23.22,0.030,restaurant,direct,Nürnberg,completed
4631,2026-05-17,3,43,23.66,0.040,bar,wholesale,Nürnberg,completed
4632,2026-05-17,11,19,23.29,0.030,restaurant,direct,Coburg,completed
4633,2026-05-17,11,54,23.59,0.070,event_catering,direct,Bamberg,completed
4634,2026-05-18,2,16,24.76,0.030,restaurant,direct,Coburg,completed
4635,2026-05-18,1,22,23.23,0.030,restaurant,direct,Bamberg,completed
4636,2026-05-18,8,64,24.35,0.040,bar,wholesale,Coburg,completed
4637,2026-05-18,3,178,23.65,0.150,beverage_wholesaler,wholesale,Nürnberg,completed
4638,2026-05-18,5,42,21.94,0.080,supermarket,wholesale,Bayreuth,completed
4639,2026-05-18,6,173,24.23,0.150,beverage_wholesaler,wholesale,Bayreuth,completed
4640,2026-05-18,8,136,24.34,0.085,supermarket,wholesale,Coburg,completed
4641,2026-05-18,1,26,22.81,0.060,event_catering,direct,Bayreuth,completed
4642,2026-05-18,3,39,23.96,0.065,supermarket,wholesale,Nürnberg,completed
4643,2026-05-18,5,222,21.83,0.160,beverage_wholesaler,wholesale,Nürnberg,completed
4644,2026-05-18,5,47,22.08,0.025,restaurant,wholesale,Kulmbach,completed
4645,2026-05-18,2,266,24.78,0.160,beverage_wholesaler,wholesale,Kulmbach,completed
4646,2026-05-18,3,27,23.96,0.040,bar,direct,Coburg,completed
4647,2026-05-18,1,13,22.74,0.025,restaurant,direct,Nürnberg,completed
4648,2026-05-18,1,34,23.04,0.030,restaurant,direct,Kulmbach,completed
4649,2026-05-18,5,50,21.61,0.030,restaurant,direct,Bayreuth,completed
4650,2026-05-18,8,168,23.94,0.150,beverage_wholesaler,direct,Bamberg,completed
4651,2026-05-18,1,97,22.96,0.095,supermarket,direct,Hof,cancelled
4652,2026-05-18,1,287,23.21,0.150,beverage_wholesaler,wholesale,Bayreuth,completed
4653,2026-05-19,2,36,24.83,0.040,bar,direct,Hof,completed
4654,2026-05-19,2,73,25.04,0.070,supermarket,wholesale,Coburg,completed
4655,2026-05-19,2,32,24.92,0.030,restaurant,wholesale,Bayreuth,completed
4656,2026-05-19,8,157,24.44,0.150,beverage_wholesaler,wholesale,Nürnberg,completed
4657,2026-05-19,6,23,24.85,0.025,restaurant,direct,Bayreuth,completed
4658,2026-05-19,11,34,23.38,0.030,restaurant,direct,Hof,completed
4659,2026-05-19,1,75,22.68,0.065,supermarket,wholesale,Kulmbach,completed
4660,2026-05-19,4,99,22.53,0.085,supermarket,wholesale,Coburg,completed
4661,2026-05-19,4,60,22.48,0.060,event_catering,wholesale,Bayreuth,returned
4662,2026-05-19,4,114,22.63,0.085,supermarket,wholesale,Bayreuth,completed
4663,2026-05-19,8,67,24.39,0.070,supermarket,wholesale,Coburg,completed
4664,2026-05-19,1,65,22.95,0.070,supermarket,wholesale,Nürnberg,completed
4665,2026-05-19,4,31,22.33,0.030,restaurant,direct,Bayreuth,completed
4666,2026-05-19,5,17,21.94,0.040,restaurant,direct,Kulmbach,completed
4667,2026-05-19,9,264,25.92,0.150,beverage_wholesaler,wholesale,Nürnberg,completed
4668,2026-05-19,5,223,22.08,0.150,beverage_wholesaler,wholesale,Bamberg,completed
4669,2026-05-19,8,22,23.90,0.040,bar,direct,Bamberg,completed
4670,2026-05-19,3,169,24.22,0.150,beverage_wholesaler,wholesale,Nürnberg,completed
4671,2026-05-19,5,278,22.18,0.145,beverage_wholesaler,wholesale,Bayreuth,completed
4672,2026-05-20,12,187,26.51,0.160,beverage_wholesaler,wholesale,Marktredwitz,completed
4673,2026-05-20,7,58,31.89,0.080,supermarket,wholesale,Nürnberg,completed
4674,2026-05-20,3,89,23.84,0.085,event_catering,direct,Bamberg,completed
4675,2026-05-20,2,83,25.01,0.130,beverage_wholesaler,wholesale,Marktredwitz,completed
4676,2026-05-20,6,50,24.69,0.040,bar,direct,Bamberg,completed
4677,2026-05-20,5,112,21.71,0.075,event_catering,direct,Bayreuth,completed
4678,2026-05-20,2,141,24.53,0.085,supermarket,wholesale,Bayreuth,completed
4679,2026-05-20,8,25,24.32,0.025,restaurant,wholesale,Marktredwitz,completed
4680,2026-05-20,2,27,24.56,0.025,restaurant,direct,Kulmbach,completed
4681,2026-05-20,5,63,21.97,0.080,supermarket,wholesale,Bamberg,completed
4682,2026-05-20,7,107,31.93,0.085,supermarket,wholesale,Bayreuth,completed
4683,2026-05-20,3,34,24.02,0.050,bar,direct,Coburg,completed
4684,2026-05-20,2,69,25.05,0.115,beverage_wholesaler,wholesale,Bamberg,completed
4685,2026-05-20,3,57,23.87,0.065,supermarket,wholesale,Nürnberg,completed
4686,2026-05-20,6,31,24.69,0.080,supermarket,wholesale,Bayreuth,completed
4687,2026-05-20,4,138,22.22,0.130,beverage_wholesaler,wholesale,Hof,completed
4688,2026-05-20,5,75,22.14,0.120,beverage_wholesaler,wholesale,Nürnberg,completed
4689,2026-05-20,4,39,22.53,0.030,restaurant,direct,Nürnberg,completed
4690,2026-05-20,3,113,24.11,0.135,beverage_wholesaler,wholesale,Bayreuth,completed
4691,2026-05-20,2,42,25.02,0.025,restaurant,direct,Bamberg,completed
4692,2026-05-20,5,216,21.83,0.145,beverage_wholesaler,wholesale,Kulmbach,completed
4693,2026-05-20,1,268,22.95,0.150,beverage_wholesaler,wholesale,Nürnberg,completed
4694,2026-05-20,12,149,27.18,0.080,supermarket,direct,Nürnberg,completed
4695,2026-05-20,4,40,22.67,0.040,bar,wholesale,Bamberg,completed
4696,2026-05-20,2,42,25.26,0.040,bar,direct,Marktredwitz,completed
4697,2026-05-20,4,57,22.41,0.030,restaurant,direct,Bayreuth,completed
4698,2026-05-20,3,33,24.06,0.040,bar,direct,Bayreuth,completed
4699,2026-05-20,9,62,25.76,0.080,supermarket,wholesale,Hof,completed
4700,2026-05-21,3,144,24.21,0.135,beverage_wholesaler,wholesale,Bamberg,completed
4701,2026-05-21,1,41,22.84,0.030,restaurant,direct,Bayreuth,cancelled
4702,2026-05-21,9,62,25.85,0.060,event_catering,direct,Nürnberg,completed
4703,2026-05-21,3,127,23.67,0.130,beverage_wholesaler,wholesale,Nürnberg,completed
4704,2026-05-21,1,49,22.62,0.040,bar,direct,Nürnberg,completed
4705,2026-05-21,2,45,24.92,0.080,supermarket,direct,Marktredwitz,completed
4706,2026-05-21,9,36,26.24,0.040,restaurant,direct,Kulmbach,completed
4707,2026-05-21,12,93,26.90,0.085,supermarket,direct,Bayreuth,completed
4708,2026-05-21,5,91,21.86,0.085,event_catering,direct,Coburg,completed
4709,2026-05-21,2,217,24.88,0.150,beverage_wholesaler,wholesale,Marktredwitz,cancelled
4710,2026-05-21,2,38,25.07,0.025,restaurant,wholesale,Bayreuth,completed
4711,2026-05-21,1,81,23.05,0.055,bar,direct,Bayreuth,completed
4712,2026-05-21,1,145,22.85,0.080,supermarket,direct,Bamberg,completed
4713,2026-05-21,7,45,32.19,0.040,bar,direct,Coburg,completed
4714,2026-05-21,1,42,22.82,0.070,supermarket,wholesale,Bamberg,completed
4715,2026-05-21,3,35,23.80,0.055,event_catering,direct,Marktredwitz,completed
4716,2026-05-21,9,85,25.52,0.135,beverage_wholesaler,wholesale,Marktredwitz,completed
4717,2026-05-21,1,179,22.65,0.150,beverage_wholesaler,wholesale,Nürnberg,completed
4718,2026-05-21,12,13,26.86,0.030,restaurant,direct,Nürnberg,completed
4719,2026-05-21,2,39,24.94,0.070,supermarket,wholesale,Bayreuth,completed
4720,2026-05-22,12,54,26.73,0.050,bar,direct,Bamberg,completed
4721,2026-05-22,5,226,22.07,0.150,beverage_wholesaler,direct,Marktredwitz,completed
4722,2026-05-22,4,29,22.55,0.030,restaurant,direct,Bayreuth,completed
4723,2026-05-22,1,35,22.65,0.030,restaurant,wholesale,Nürnberg,completed
4724,2026-05-22,1,51,22.82,0.040,bar,direct,Bayreuth,completed
4725,2026-05-22,5,173,21.57,0.150,beverage_wholesaler,wholesale,Nürnberg,completed
4726,2026-05-22,5,153,22.20,0.100,supermarket,wholesale,Kulmbach,completed
4727,2026-05-22,4,36,22.81,0.050,bar,direct,Coburg,completed
4728,2026-05-22,1,33,22.93,0.040,bar,direct,Nürnberg,completed
4729,2026-05-22,4,59,22.53,0.040,bar,direct,Bamberg,completed
4730,2026-05-22,6,50,24.24,0.035,bar,direct,Hof,completed
4731,2026-05-22,1,61,22.69,0.025,restaurant,direct,Nürnberg,completed
4732,2026-05-22,2,19,24.90,0.040,restaurant,direct,Nürnberg,completed
4733,2026-05-22,5,144,21.77,0.075,event_catering,direct,Nürnberg,completed
4734,2026-05-22,1,76,23.11,0.080,supermarket,wholesale,Marktredwitz,completed
4735,2026-05-22,1,123,23.17,0.095,supermarket,wholesale,Bayreuth,completed
4736,2026-05-22,4,86,22.17,0.050,bar,direct,Kulmbach,completed
4737,2026-05-22,1,33,22.80,0.050,bar,direct,Nürnberg,completed
4738,2026-05-22,2,15,25.22,0.030,restaurant,wholesale,Bayreuth,completed
4739,2026-05-22,12,42,26.53,0.040,restaurant,wholesale,Bayreuth,completed
4740,2026-05-22,6,105,24.62,0.095,supermarket,wholesale,Nürnberg,completed
4741,2026-05-22,3,53,23.66,0.070,supermarket,direct,Nürnberg,completed
4742,2026-05-22,4,153,22.19,0.150,beverage_wholesaler,wholesale,Marktredwitz,completed
4743,2026-05-22,1,45,22.82,0.050,bar,direct,Marktredwitz,completed
4744,2026-05-22,2,227,25.14,0.160,beverage_wholesaler,wholesale,Coburg,completed
4745,2026-05-22,4,42,22.38,0.040,restaurant,direct,Bayreuth,completed
4746,2026-05-22,4,88,22.80,0.095,supermarket,wholesale,Bamberg,completed
4747,2026-05-22,1,29,22.64,0.030,restaurant,wholesale,Marktredwitz,completed
4748,2026-05-22,6,17,24.45,0.030,restaurant,direct,Nürnberg,completed
4749,2026-05-22,5,82,21.97,0.065,bar,direct,Kulmbach,completed
4750,2026-05-22,1,217,22.74,0.160,beverage_wholesaler,wholesale,Kulmbach,completed
4751,2026-05-22,4,171,22.26,0.150,beverage_wholesaler,wholesale,Bayreuth,completed
4752,2026-05-22,2,75,25.01,0.070,supermarket,direct,Nürnberg,completed
4753,2026-05-23,3,84,24.08,0.070,event_catering,direct,Bamberg,completed
4754,2026-05-23,5,37,22.20,0.040,restaurant,direct,Kulmbach,completed
4755,2026-05-23,5,61,21.90,0.040,bar,wholesale,Nürnberg,completed
4756,2026-05-23,6,45,24.82,0.070,supermarket,wholesale,Bayreuth,completed
4757,2026-05-23,3,132,24.02,0.085,supermarket,wholesale,Bayreuth,completed
4758,2026-05-23,9,75,25.65,0.070,supermarket,direct,Nürnberg,completed
4759,2026-05-23,4,58,22.61,0.130,beverage_wholesaler,wholesale,Marktredwitz,completed
4760,2026-05-23,2,45,24.66,0.030,restaurant,direct,Bayreuth,completed
4761,2026-05-23,3,39,23.84,0.030,restaurant,direct,Bayreuth,completed
4762,2026-05-23,1,105,22.85,0.080,supermarket,wholesale,Nürnberg,completed
4763,2026-05-23,8,98,23.93,0.070,event_catering,direct,Kulmbach,completed
4764,2026-05-23,2,54,24.96,0.070,supermarket,direct,Bamberg,completed
4765,2026-05-23,11,46,23.84,0.080,supermarket,wholesale,Bayreuth,completed
4766,2026-05-23,5,45,22.00,0.030,restaurant,wholesale,Bamberg,completed
4767,2026-05-23,2,78,24.92,0.060,event_catering,direct,Nürnberg,completed
4768,2026-05-24,6,80,24.50,0.145,beverage_wholesaler,wholesale,Bayreuth,completed
4769,2026-05-24,7,35,32.06,0.080,supermarket,direct,Nürnberg,completed
4770,2026-05-24,1,55,23.16,0.080,supermarket,wholesale,Bayreuth,completed
4771,2026-05-24,2,29,24.73,0.035,bar,direct,Hof,completed
4772,2026-05-24,8,17,24.36,0.030,restaurant,direct,Hof,completed
4773,2026-05-24,1,25,23.15,0.025,restaurant,direct,Coburg,completed
4774,2026-05-24,1,44,23.21,0.080,supermarket,wholesale,Bamberg,completed
4775,2026-05-24,9,107,25.80,0.135,beverage_wholesaler,wholesale,Hof,completed
4776,2026-05-24,3,75,23.89,0.120,beverage_wholesaler,direct,Bayreuth,completed
4777,2026-05-24,4,91,22.29,0.070,event_catering,direct,Bayreuth,completed
4778,2026-05-24,2,122,24.79,0.145,beverage_wholesaler,wholesale,Hof,completed
4779,2026-05-24,3,53,23.63,0.065,supermarket,wholesale,Hof,completed
4780,2026-05-24,6,62,24.63,0.070,supermarket,wholesale,Bayreuth,completed
4781,2026-05-24,4,95,22.66,0.080,supermarket,wholesale,Kulmbach,completed
4782,2026-05-24,5,148,21.71,0.095,supermarket,wholesale,Marktredwitz,completed
4783,2026-05-24,4,66,22.69,0.070,supermarket,direct,Bayreuth,completed
4784,2026-05-24,7,84,31.90,0.080,supermarket,wholesale,Bayreuth,completed
4785,2026-05-24,5,129,21.57,0.095,supermarket,wholesale,Nürnberg,completed
4786,2026-05-24,8,14,24.42,0.025,restaurant,direct,Bamberg,completed
4787,2026-05-24,9,164,26.12,0.150,beverage_wholesaler,wholesale,Bamberg,completed
4788,2026-05-25,5,99,22.07,0.095,supermarket,wholesale,Coburg,completed
4789,2026-05-25,3,60,24.24,0.070,supermarket,wholesale,Coburg,completed
4790,2026-05-25,6,26,24.14,0.030,restaurant,direct,Nürnberg,completed
4791,2026-05-25,9,45,25.86,0.080,supermarket,direct,Bayreuth,completed
4792,2026-05-25,4,41,22.27,0.025,restaurant,direct,Bamberg,completed
4793,2026-05-25,5,22,21.59,0.040,restaurant,wholesale,Bamberg,completed
4794,2026-05-25,5,48,22.16,0.050,bar,direct,Coburg,completed
4795,2026-05-25,3,20,24.23,0.040,bar,wholesale,Marktredwitz,completed
4796,2026-05-25,3,58,23.60,0.035,bar,direct,Nürnberg,completed
4797,2026-05-25,2,30,24.83,0.025,restaurant,direct,Bayreuth,completed
4798,2026-05-25,2,24,24.72,0.050,bar,direct,Bayreuth,completed
4799,2026-05-25,7,113,32.02,0.080,supermarket,wholesale,Bamberg,completed
4800,2026-05-25,1,44,22.75,0.040,restaurant,direct,Hof,completed
4801,2026-05-25,1,21,23.21,0.040,bar,direct,Kulmbach,completed
4802,2026-05-25,5,37,21.67,0.030,restaurant,direct,Nürnberg,completed
4803,2026-05-25,1,15,23.23,0.040,bar,direct,Nürnberg,completed
4804,2026-05-25,6,161,24.61,0.150,beverage_wholesaler,wholesale,Nürnberg,completed
4805,2026-05-25,2,34,25.02,0.030,restaurant,wholesale,Kulmbach,completed
4806,2026-05-25,2,45,25.08,0.040,restaurant,wholesale,Nürnberg,completed
4807,2026-05-25,6,206,24.45,0.150,beverage_wholesaler,wholesale,Nürnberg,completed
4808,2026-05-25,9,33,25.60,0.030,restaurant,direct,Bayreuth,completed
4809,2026-05-25,6,73,24.20,0.070,supermarket,direct,Bayreuth,completed
4810,2026-05-25,11,199,23.66,0.150,beverage_wholesaler,wholesale,Bayreuth,completed
4811,2026-05-25,2,61,25.05,0.040,bar,wholesale,Kulmbach,completed
4812,2026-05-26,5,143,21.66,0.085,supermarket,wholesale,Nürnberg,completed
4813,2026-05-26,1,27,23.05,0.025,restaurant,direct,Bayreuth,completed
4814,2026-05-26,2,31,24.53,0.025,restaurant,direct,Bayreuth,completed
4815,2026-05-26,2,28,24.82,0.030,restaurant,wholesale,Bamberg,completed
4816,2026-05-26,5,16,22.07,0.025,restaurant,direct,Nürnberg,completed
4817,2026-05-26,2,100,25.22,0.085,supermarket,wholesale,Nürnberg,completed
4818,2026-05-26,2,55,24.66,0.080,supermarket,wholesale,Bayreuth,completed
4819,2026-05-26,2,100,24.86,0.145,beverage_wholesaler,wholesale,Marktredwitz,completed
4820,2026-05-26,2,38,24.85,0.040,bar,wholesale,Marktredwitz,completed
4821,2026-05-26,6,165,24.76,0.145,beverage_wholesaler,wholesale,Nürnberg,completed
4822,2026-05-26,1,80,23.24,0.085,supermarket,wholesale,Bamberg,completed
4823,2026-05-26,5,52,21.70,0.030,restaurant,direct,Bayreuth,completed
4824,2026-05-26,6,77,24.56,0.070,supermarket,wholesale,Bayreuth,completed
4825,2026-05-26,7,51,31.96,0.035,bar,wholesale,Bayreuth,completed
4826,2026-05-26,7,67,32.31,0.120,beverage_wholesaler,wholesale,Nürnberg,completed
4827,2026-05-26,2,37,24.88,0.040,restaurant,direct,Coburg,completed
4828,2026-05-26,1,56,22.78,0.115,beverage_wholesaler,wholesale,Bayreuth,completed
4829,2026-05-26,7,65,31.94,0.070,supermarket,wholesale,Marktredwitz,completed
4830,2026-05-26,8,134,23.85,0.135,beverage_wholesaler,wholesale,Bayreuth,completed
4831,2026-05-26,5,101,22.16,0.080,supermarket,wholesale,Nürnberg,completed
4832,2026-05-26,2,46,25.09,0.060,event_catering,direct,Nürnberg,completed
4833,2026-05-26,6,30,24.86,0.040,bar,direct,Bayreuth,completed
4834,2026-05-27,7,74,32.02,0.040,bar,direct,Bayreuth,completed
4835,2026-05-27,5,33,22.00,0.025,restaurant,direct,Kulmbach,completed
4836,2026-05-27,5,115,21.82,0.075,event_catering,direct,Marktredwitz,completed
4837,2026-05-27,1,253,22.98,0.145,beverage_wholesaler,wholesale,Marktredwitz,completed
4838,2026-05-27,1,179,22.79,0.145,beverage_wholesaler,wholesale,Bayreuth,completed
4839,2026-05-27,5,91,22.16,0.095,supermarket,wholesale,Bamberg,completed
4840,2026-05-27,5,23,21.68,0.025,restaurant,direct,Bayreuth,completed
4841,2026-05-27,2,20,24.99,0.025,restaurant,direct,Kulmbach,completed
4842,2026-05-27,2,87,24.83,0.085,supermarket,wholesale,Nürnberg,completed
4843,2026-05-27,2,160,24.68,0.145,beverage_wholesaler,wholesale,Coburg,cancelled
4844,2026-05-27,5,46,21.93,0.035,bar,wholesale,Bamberg,completed
4845,2026-05-27,9,18,25.81,0.030,restaurant,direct,Marktredwitz,completed
4846,2026-05-27,6,141,24.73,0.130,beverage_wholesaler,wholesale,Nürnberg,completed
4847,2026-05-27,1,72,22.63,0.065,supermarket,wholesale,Bayreuth,completed
4848,2026-05-27,2,30,24.74,0.040,restaurant,direct,Hof,completed
4849,2026-05-27,2,166,24.81,0.160,beverage_wholesaler,wholesale,Bayreuth,completed
4850,2026-05-27,9,81,25.52,0.085,supermarket,wholesale,Bayreuth,completed
4851,2026-05-27,12,220,26.54,0.150,beverage_wholesaler,wholesale,Coburg,completed
4852,2026-05-27,5,204,21.66,0.160,beverage_wholesaler,wholesale,Bayreuth,completed
4853,2026-05-27,1,51,23.00,0.035,bar,direct,Nürnberg,completed
4854,2026-05-27,8,39,24.46,0.035,bar,direct,Coburg,completed
4855,2026-05-27,7,89,32.00,0.085,supermarket,wholesale,Hof,completed
4856,2026-05-27,2,25,24.95,0.040,restaurant,direct,Kulmbach,cancelled
4857,2026-05-27,5,123,22.20,0.080,supermarket,direct,Bayreuth,completed
4858,2026-05-27,3,29,23.87,0.035,bar,wholesale,Coburg,completed
4859,2026-05-27,9,45,25.89,0.040,restaurant,wholesale,Nürnberg,completed
4860,2026-05-27,12,111,26.90,0.080,supermarket,direct,Bayreuth,completed
4861,2026-05-27,12,81,26.85,0.145,beverage_wholesaler,wholesale,Bayreuth,completed
4862,2026-05-28,11,38,23.60,0.040,bar,direct,Hof,completed
4863,2026-05-28,2,48,24.54,0.040,bar,direct,Coburg,completed
4864,2026-05-28,3,71,23.83,0.120,beverage_wholesaler,wholesale,Nürnberg,completed
4865,2026-05-28,8,105,24.02,0.130,beverage_wholesaler,wholesale,Bayreuth,completed
4866,2026-05-28,1,17,22.84,0.025,restaurant,direct,Kulmbach,completed
4867,2026-05-28,2,190,25.27,0.150,beverage_wholesaler,wholesale,Kulmbach,completed
4868,2026-05-28,4,65,22.75,0.060,event_catering,direct,Nürnberg,completed
4869,2026-05-28,2,64,25.20,0.120,beverage_wholesaler,wholesale,Coburg,completed
4870,2026-05-28,5,15,21.88,0.030,restaurant,direct,Bayreuth,completed
4871,2026-05-28,6,75,24.67,0.050,bar,wholesale,Marktredwitz,completed
4872,2026-05-28,3,47,24.08,0.040,bar,direct,Kulmbach,completed
4873,2026-05-28,6,35,24.66,0.035,bar,wholesale,Marktredwitz,completed
4874,2026-05-28,2,22,24.59,0.040,restaurant,direct,Bayreuth,returned
4875,2026-05-28,2,61,24.99,0.055,event_catering,direct,Nürnberg,completed
4876,2026-05-28,2,115,25.22,0.130,beverage_wholesaler,wholesale,Bayreuth,completed
4877,2026-05-28,5,25,22.05,0.040,bar,wholesale,Bamberg,completed
4878,2026-05-28,2,172,24.56,0.150,beverage_wholesaler,wholesale,Coburg,completed
4879,2026-05-28,8,51,24.35,0.040,restaurant,direct,Nürnberg,completed
4880,2026-05-28,4,162,22.32,0.145,beverage_wholesaler,wholesale,Kulmbach,completed
4881,2026-05-28,7,60,31.94,0.065,supermarket,wholesale,Bayreuth,completed
4882,2026-05-28,6,62,24.36,0.070,event_catering,direct,Nürnberg,completed
4883,2026-05-28,5,87,21.68,0.085,supermarket,wholesale,Bayreuth,completed
4884,2026-05-28,2,63,25.03,0.070,supermarket,wholesale,Bayreuth,completed
4885,2026-05-28,2,33,25.00,0.030,restaurant,direct,Bayreuth,completed
4886,2026-05-28,2,120,25.11,0.145,beverage_wholesaler,wholesale,Nürnberg,completed
4887,2026-05-28,6,21,24.24,0.050,bar,direct,Kulmbach,completed
4888,2026-05-29,7,59,31.48,0.060,event_catering,direct,Coburg,completed
4889,2026-05-29,5,151,21.83,0.095,supermarket,wholesale,Bayreuth,completed
4890,2026-05-29,5,132,22.20,0.070,event_catering,direct,Marktredwitz,completed
4891,2026-05-29,1,103,22.57,0.075,event_catering,direct,Nürnberg,completed
4892,2026-05-29,3,79,23.79,0.070,supermarket,wholesale,Marktredwitz,completed
4893,2026-05-29,2,55,24.58,0.030,restaurant,direct,Marktredwitz,completed
4894,2026-05-29,4,52,22.72,0.035,bar,direct,Bayreuth,completed
4895,2026-05-29,8,122,24.27,0.135,beverage_wholesaler,wholesale,Bamberg,completed
4896,2026-05-29,3,23,23.77,0.030,restaurant,direct,Kulmbach,completed
4897,2026-05-29,1,43,23.00,0.025,restaurant,direct,Bayreuth,completed
4898,2026-05-29,1,27,22.94,0.030,restaurant,direct,Bayreuth,completed
4899,2026-05-29,1,48,22.86,0.025,restaurant,wholesale,Nürnberg,completed
4900,2026-05-29,2,99,25.05,0.095,supermarket,wholesale,Coburg,completed
4901,2026-05-29,5,194,21.79,0.090,event_catering,direct,Nürnberg,completed
4902,2026-05-29,8,38,23.94,0.040,bar,direct,Kulmbach,completed
4903,2026-05-29,2,32,24.96,0.040,restaurant,direct,Bayreuth,completed
4904,2026-05-29,2,77,24.58,0.070,supermarket,direct,Coburg,completed
4905,2026-05-29,6,37,24.25,0.040,bar,wholesale,Marktredwitz,completed
4906,2026-05-29,7,249,31.57,0.150,beverage_wholesaler,wholesale,Nürnberg,completed
4907,2026-05-29,12,362,26.87,0.150,beverage_wholesaler,wholesale,Bayreuth,completed
4908,2026-05-29,2,58,25.07,0.035,bar,wholesale,Nürnberg,completed
4909,2026-05-29,1,75,22.92,0.070,supermarket,wholesale,Bamberg,completed
4910,2026-05-29,5,61,22.14,0.030,restaurant,direct,Kulmbach,completed
4911,2026-05-29,5,229,22.16,0.150,beverage_wholesaler,direct,Marktredwitz,completed
4912,2026-05-30,5,127,22.21,0.145,beverage_wholesaler,wholesale,Bamberg,completed
4913,2026-05-30,4,158,22.73,0.150,beverage_wholesaler,wholesale,Coburg,completed
4914,2026-05-30,2,101,24.87,0.055,bar,direct,Nürnberg,completed
4915,2026-05-30,2,67,24.54,0.030,restaurant,wholesale,Nürnberg,completed
4916,2026-05-30,5,146,21.77,0.080,supermarket,direct,Bamberg,completed
4917,2026-05-30,4,27,22.35,0.050,bar,direct,Coburg,completed
4918,2026-05-30,8,52,24.05,0.070,event_catering,direct,Nürnberg,completed
4919,2026-05-30,3,166,24.25,0.150,beverage_wholesaler,wholesale,Bayreuth,completed
4920,2026-05-30,4,87,22.59,0.095,supermarket,wholesale,Bamberg,completed
4921,2026-05-30,1,34,22.95,0.030,restaurant,direct,Bayreuth,completed
4922,2026-05-30,1,57,22.88,0.030,restaurant,direct,Bayreuth,completed
4923,2026-05-30,4,34,22.20,0.035,bar,direct,Bamberg,completed
4924,2026-05-30,1,63,22.91,0.040,bar,direct,Nürnberg,completed
4925,2026-05-30,5,104,21.84,0.085,supermarket,wholesale,Bamberg,completed
4926,2026-05-30,4,52,22.59,0.030,restaurant,direct,Kulmbach,completed
4927,2026-05-30,5,68,21.67,0.050,bar,wholesale,Bamberg,completed
4928,2026-05-30,4,154,22.80,0.160,beverage_wholesaler,wholesale,Nürnberg,completed
4929,2026-05-30,3,109,23.94,0.055,bar,direct,Hof,completed
4930,2026-05-30,6,59,24.50,0.065,supermarket,wholesale,Marktredwitz,completed
4931,2026-05-30,1,41,23.01,0.040,bar,wholesale,Marktredwitz,completed
4932,2026-05-30,2,234,25.13,0.150,beverage_wholesaler,wholesale,Nürnberg,completed
4933,2026-05-30,3,81,23.83,0.055,bar,wholesale,Kulmbach,completed
4934,2026-05-30,7,120,31.56,0.080,supermarket,wholesale,Coburg,completed
4935,2026-05-30,4,122,22.45,0.085,supermarket,wholesale,Bayreuth,completed
4936,2026-05-31,7,22,31.95,0.030,restaurant,direct,Bayreuth,completed
4937,2026-05-31,5,21,22.02,0.040,bar,direct,Nürnberg,completed
4938,2026-05-31,6,61,24.51,0.060,event_catering,direct,Kulmbach,completed
4939,2026-05-31,9,19,26.07,0.030,restaurant,direct,Marktredwitz,completed
4940,2026-05-31,3,95,23.88,0.135,beverage_wholesaler,wholesale,Kulmbach,completed
4941,2026-05-31,9,131,26.22,0.075,event_catering,direct,Coburg,completed
4942,2026-05-31,2,109,25.11,0.135,beverage_wholesaler,wholesale,Bayreuth,completed
4943,2026-05-31,6,30,24.60,0.030,restaurant,direct,Hof,completed
4944,2026-05-31,4,54,22.51,0.065,supermarket,direct,Nürnberg,completed
4945,2026-05-31,2,160,25.27,0.150,beverage_wholesaler,wholesale,Coburg,completed
4946,2026-05-31,2,76,25.21,0.055,event_catering,direct,Marktredwitz,completed
4947,2026-05-31,2,43,25.24,0.040,bar,wholesale,Nürnberg,completed
4948,2026-05-31,6,195,24.25,0.160,beverage_wholesaler,wholesale,Bayreuth,completed
4949,2026-05-31,1,182,22.85,0.150,beverage_wholesaler,wholesale,Kulmbach,completed
4950,2026-05-31,1,113,22.60,0.135,beverage_wholesaler,wholesale,Bamberg,completed
4951,2026-05-31,4,25,22.19,0.040,bar,wholesale,Kulmbach,completed
4952,2026-05-31,5,186,22.09,0.150,beverage_wholesaler,wholesale,Bayreuth,completed
4953,2026-06-01,7,20,32.18,0.030,restaurant,wholesale,Nürnberg,completed
4954,2026-06-01,7,71,31.84,0.070,supermarket,wholesale,Bayreuth,completed
4955,2026-06-01,6,191,24.59,0.145,beverage_wholesaler,wholesale,Kulmbach,cancelled
4956,2026-06-01,4,16,22.47,0.025,restaurant,direct,Nürnberg,completed
4957,2026-06-01,4,112,22.73,0.080,supermarket,direct,Coburg,completed
4958,2026-06-01,2,23,24.95,0.040,restaurant,wholesale,Bayreuth,completed
4959,2026-06-01,8,265,24.23,0.150,beverage_wholesaler,wholesale,Nürnberg,completed
4960,2026-06-01,5,31,21.75,0.040,bar,direct,Nürnberg,completed
4961,2026-06-01,1,66,22.78,0.070,supermarket,wholesale,Bayreuth,completed
4962,2026-06-01,6,149,24.35,0.130,beverage_wholesaler,wholesale,Marktredwitz,completed
4963,2026-06-01,10,41,32.56,0.030,restaurant,wholesale,Hof,completed
4964,2026-06-01,6,35,24.67,0.030,restaurant,wholesale,Hof,completed
4965,2026-06-01,4,64,22.48,0.070,supermarket,wholesale,Bamberg,completed
4966,2026-06-01,1,44,22.98,0.070,supermarket,wholesale,Bayreuth,completed
4967,2026-06-01,4,94,22.45,0.085,supermarket,direct,Nürnberg,completed
4968,2026-06-01,5,275,21.83,0.150,beverage_wholesaler,wholesale,Nürnberg,completed
4969,2026-06-02,2,59,24.59,0.065,supermarket,wholesale,Hof,completed
4970,2026-06-02,8,63,24.32,0.030,restaurant,wholesale,Bamberg,completed
4971,2026-06-02,11,96,23.74,0.130,beverage_wholesaler,wholesale,Coburg,completed
4972,2026-06-02,4,214,22.44,0.150,beverage_wholesaler,wholesale,Nürnberg,completed
4973,2026-06-02,2,168,24.62,0.110,supermarket,wholesale,Nürnberg,completed
4974,2026-06-02,4,43,22.82,0.070,supermarket,direct,Bayreuth,completed
4975,2026-06-02,5,95,21.59,0.070,event_catering,direct,Coburg,completed
4976,2026-06-02,11,41,23.23,0.025,restaurant,direct,Marktredwitz,completed
4977,2026-06-02,2,51,24.98,0.030,restaurant,direct,Coburg,completed
4978,2026-06-02,8,112,24.42,0.135,beverage_wholesaler,wholesale,Hof,completed
4979,2026-06-02,1,37,22.76,0.040,bar,direct,Nürnberg,completed
4980,2026-06-02,5,50,21.89,0.040,bar,direct,Coburg,completed
4981,2026-06-02,12,70,27.21,0.080,supermarket,direct,Bayreuth,completed
4982,2026-06-02,6,19,24.50,0.050,bar,wholesale,Bayreuth,completed
4983,2026-06-02,2,36,25.09,0.025,restaurant,wholesale,Kulmbach,completed
4984,2026-06-02,2,32,25.09,0.040,bar,wholesale,Coburg,completed
4985,2026-06-02,2,112,24.94,0.085,supermarket,direct,Bayreuth,completed
4986,2026-06-02,8,128,23.87,0.085,supermarket,wholesale,Bayreuth,completed
4987,2026-06-03,5,166,21.84,0.100,supermarket,wholesale,Bamberg,completed
4988,2026-06-03,5,28,22.12,0.025,restaurant,direct,Hof,completed
4989,2026-06-03,5,143,21.92,0.085,supermarket,wholesale,Bayreuth,completed
4990,2026-06-03,2,162,24.80,0.095,supermarket,wholesale,Hof,completed
4991,2026-06-03,5,63,21.72,0.035,bar,direct,Bamberg,completed
4992,2026-06-03,5,116,22.15,0.135,beverage_wholesaler,wholesale,Bayreuth,returned
4993,2026-06-03,10,37,32.79,0.030,restaurant,direct,Nürnberg,completed
4994,2026-06-03,2,76,24.98,0.060,event_catering,direct,Coburg,completed
4995,2026-06-03,12,78,26.82,0.060,event_catering,direct,Bayreuth,completed
4996,2026-06-03,5,148,21.79,0.145,beverage_wholesaler,wholesale,Bamberg,completed
4997,2026-06-03,2,102,24.97,0.095,supermarket,direct,Kulmbach,completed
4998,2026-06-03,3,58,23.83,0.055,event_catering,direct,Coburg,completed
4999,2026-06-03,5,74,21.70,0.070,event_catering,direct,Coburg,completed
5000,2026-06-03,2,67,25.22,0.080,supermarket,wholesale,Bamberg,completed
5001,2026-06-03,3,54,23.77,0.070,supermarket,direct,Nürnberg,completed
5002,2026-06-03,2,24,24.76,0.040,bar,direct,Marktredwitz,cancelled
5003,2026-06-03,1,103,23.12,0.135,beverage_wholesaler,wholesale,Bamberg,returned
5004,2026-06-03,5,42,21.67,0.035,bar,direct,Hof,completed
5005,2026-06-03,3,46,23.57,0.050,bar,direct,Hof,cancelled
5006,2026-06-03,8,28,23.99,0.035,bar,wholesale,Hof,completed
5007,2026-06-03,2,24,24.91,0.030,restaurant,direct,Nürnberg,completed
5008,2026-06-03,5,152,21.71,0.100,supermarket,wholesale,Marktredwitz,completed
5009,2026-06-04,2,193,24.82,0.150,beverage_wholesaler,direct,Hof,cancelled
5010,2026-06-04,3,34,24.21,0.070,supermarket,wholesale,Hof,completed
5011,2026-06-04,8,25,24.55,0.025,restaurant,direct,Bayreuth,completed
5012,2026-06-04,3,62,23.75,0.060,event_catering,direct,Bamberg,completed
5013,2026-06-04,8,25,24.06,0.030,restaurant,direct,Bayreuth,completed
5014,2026-06-04,2,90,25.24,0.075,event_catering,wholesale,Coburg,completed
5015,2026-06-04,5,181,21.76,0.160,beverage_wholesaler,wholesale,Bayreuth,completed
5016,2026-06-04,3,54,24.07,0.055,event_catering,direct,Bayreuth,completed
5017,2026-06-04,9,39,26.25,0.070,supermarket,wholesale,Nürnberg,completed
5018,2026-06-04,2,49,24.69,0.040,restaurant,wholesale,Hof,completed
5019,2026-06-04,1,39,23.11,0.065,supermarket,wholesale,Marktredwitz,completed
5020,2026-06-04,2,214,24.70,0.150,beverage_wholesaler,wholesale,Kulmbach,completed
5021,2026-06-04,6,41,24.40,0.040,bar,direct,Bayreuth,completed
5022,2026-06-04,10,52,32.41,0.050,bar,direct,Bayreuth,completed
5023,2026-06-05,5,164,21.87,0.100,supermarket,direct,Marktredwitz,completed
5024,2026-06-05,6,55,24.69,0.050,bar,direct,Bayreuth,completed
5025,2026-06-05,6,38,24.38,0.030,restaurant,wholesale,Kulmbach,completed
5026,2026-06-05,11,208,23.21,0.150,beverage_wholesaler,wholesale,Nürnberg,completed
5027,2026-06-05,1,29,23.03,0.030,restaurant,direct,Bamberg,completed
5028,2026-06-05,3,136,23.70,0.135,beverage_wholesaler,wholesale,Coburg,completed
5029,2026-06-05,8,35,24.06,0.040,bar,direct,Hof,completed
5030,2026-06-05,9,125,25.70,0.135,beverage_wholesaler,wholesale,Hof,completed
5031,2026-06-05,9,46,25.68,0.040,bar,wholesale,Kulmbach,completed
5032,2026-06-05,11,139,23.17,0.135,beverage_wholesaler,wholesale,Bayreuth,completed
5033,2026-06-05,9,27,26.16,0.025,restaurant,direct,Nürnberg,completed
5034,2026-06-05,11,93,23.41,0.095,supermarket,wholesale,Bamberg,completed
5035,2026-06-05,4,30,22.41,0.030,restaurant,wholesale,Bayreuth,completed
5036,2026-06-05,5,57,21.97,0.040,bar,direct,Marktredwitz,completed
5037,2026-06-05,2,62,24.59,0.120,beverage_wholesaler,wholesale,Coburg,completed
5038,2026-06-05,4,119,22.47,0.130,beverage_wholesaler,wholesale,Bayreuth,completed
5039,2026-06-05,2,13,24.99,0.040,restaurant,direct,Coburg,completed
5040,2026-06-05,3,69,24.25,0.040,bar,direct,Bayreuth,completed
5041,2026-06-05,4,114,22.60,0.065,bar,wholesale,Bayreuth,completed
5042,2026-06-05,12,152,27.30,0.160,beverage_wholesaler,wholesale,Bamberg,completed
5043,2026-06-05,9,180,25.95,0.145,beverage_wholesaler,wholesale,Coburg,completed
5044,2026-06-05,4,27,22.78,0.030,restaurant,direct,Bamberg,completed
5045,2026-06-05,8,312,24.13,0.150,beverage_wholesaler,wholesale,Kulmbach,completed
5046,2026-06-05,2,22,25.13,0.030,restaurant,wholesale,Kulmbach,completed
5047,2026-06-06,2,23,25.00,0.030,restaurant,wholesale,Bamberg,cancelled
5048,2026-06-06,4,45,22.39,0.040,bar,direct,Hof,completed
5049,2026-06-06,11,69,23.67,0.065,supermarket,wholesale,Bayreuth,completed
5050,2026-06-06,1,48,22.64,0.030,restaurant,direct,Nürnberg,completed
5051,2026-06-06,2,122,24.95,0.130,beverage_wholesaler,wholesale,Bayreuth,completed
5052,2026-06-06,7,34,32.13,0.040,bar,direct,Bayreuth,completed
5053,2026-06-06,7,110,32.15,0.085,event_catering,wholesale,Bayreuth,completed
5054,2026-06-06,4,125,22.62,0.085,supermarket,wholesale,Nürnberg,completed
5055,2026-06-06,1,68,22.96,0.065,supermarket,wholesale,Bayreuth,completed
5056,2026-06-06,7,48,31.85,0.030,restaurant,direct,Nürnberg,completed
5057,2026-06-06,5,319,21.75,0.145,beverage_wholesaler,wholesale,Bayreuth,completed
5058,2026-06-06,2,47,24.74,0.025,restaurant,wholesale,Kulmbach,completed
5059,2026-06-06,8,148,24.37,0.135,beverage_wholesaler,direct,Hof,completed
5060,2026-06-06,1,26,23.23,0.050,bar,direct,Nürnberg,completed
5061,2026-06-06,6,115,24.46,0.085,supermarket,wholesale,Bayreuth,completed
5062,2026-06-06,2,152,24.58,0.150,beverage_wholesaler,wholesale,Bayreuth,completed
5063,2026-06-06,3,91,23.62,0.085,event_catering,direct,Bayreuth,completed
5064,2026-06-07,8,176,24.30,0.160,beverage_wholesaler,wholesale,Coburg,completed
5065,2026-06-07,2,30,25.19,0.035,bar,wholesale,Coburg,completed
5066,2026-06-07,2,132,24.55,0.135,beverage_wholesaler,wholesale,Bayreuth,completed
5067,2026-06-07,1,24,22.81,0.030,restaurant,direct,Marktredwitz,completed
5068,2026-06-07,1,77,22.93,0.120,beverage_wholesaler,wholesale,Hof,completed
5069,2026-06-07,3,25,24.20,0.035,bar,direct,Hof,completed
5070,2026-06-07,2,143,24.75,0.085,supermarket,wholesale,Nürnberg,completed
5071,2026-06-07,4,98,22.53,0.085,supermarket,wholesale,Nürnberg,completed
5072,2026-06-07,3,61,23.67,0.070,supermarket,wholesale,Kulmbach,completed
5073,2026-06-07,6,22,24.72,0.025,restaurant,wholesale,Kulmbach,completed
5074,2026-06-07,5,235,21.82,0.110,supermarket,wholesale,Bayreuth,completed
5075,2026-06-07,10,26,33.37,0.040,bar,direct,Marktredwitz,completed
5076,2026-06-07,2,87,24.69,0.135,beverage_wholesaler,wholesale,Kulmbach,completed
5077,2026-06-07,6,56,24.75,0.120,beverage_wholesaler,direct,Bayreuth,completed
5078,2026-06-07,5,165,21.63,0.110,supermarket,direct,Bayreuth,completed
5079,2026-06-07,9,52,26.13,0.080,supermarket,wholesale,Bayreuth,completed
5080,2026-06-07,5,147,21.64,0.130,beverage_wholesaler,wholesale,Bayreuth,completed
5081,2026-06-07,6,72,24.17,0.055,event_catering,direct,Marktredwitz,completed
5082,2026-06-07,6,122,24.78,0.135,beverage_wholesaler,wholesale,Nürnberg,completed
5083,2026-06-07,4,63,22.21,0.080,supermarket,wholesale,Bamberg,completed
5084,2026-06-08,5,128,22.13,0.085,supermarket,wholesale,Coburg,completed
5085,2026-06-08,1,35,22.61,0.040,bar,direct,Kulmbach,completed
5086,2026-06-08,8,80,24.31,0.085,supermarket,wholesale,Coburg,completed
5087,2026-06-08,6,120,24.85,0.130,beverage_wholesaler,wholesale,Kulmbach,completed
5088,2026-06-08,2,153,24.96,0.145,beverage_wholesaler,wholesale,Marktredwitz,completed
5089,2026-06-08,8,99,23.89,0.130,beverage_wholesaler,wholesale,Bamberg,completed
5090,2026-06-08,6,83,24.57,0.145,beverage_wholesaler,wholesale,Bayreuth,cancelled
5091,2026-06-08,3,41,23.70,0.070,supermarket,wholesale,Coburg,completed
5092,2026-06-08,9,31,25.93,0.040,bar,direct,Nürnberg,completed
5093,2026-06-08,11,106,23.17,0.145,beverage_wholesaler,wholesale,Bamberg,completed
5094,2026-06-08,3,142,23.82,0.135,beverage_wholesaler,wholesale,Bayreuth,completed
5095,2026-06-08,8,37,24.18,0.040,bar,direct,Bayreuth,completed
5096,2026-06-08,4,130,22.81,0.145,beverage_wholesaler,wholesale,Bamberg,completed
5097,2026-06-08,2,85,25.26,0.085,supermarket,direct,Bamberg,completed
5098,2026-06-08,1,74,22.94,0.070,supermarket,wholesale,Bamberg,completed
5099,2026-06-08,2,182,25.10,0.160,beverage_wholesaler,wholesale,Bamberg,completed
5100,2026-06-08,11,52,23.24,0.030,restaurant,direct,Nürnberg,completed
5101,2026-06-08,6,104,24.77,0.085,supermarket,wholesale,Marktredwitz,completed
5102,2026-06-08,4,154,22.22,0.160,beverage_wholesaler,wholesale,Nürnberg,completed
5103,2026-06-08,4,90,22.39,0.095,supermarket,wholesale,Nürnberg,completed
5104,2026-06-09,11,108,23.79,0.085,supermarket,wholesale,Bamberg,completed
5105,2026-06-09,6,81,24.60,0.065,bar,direct,Bamberg,completed
5106,2026-06-09,1,52,22.66,0.025,restaurant,direct,Bayreuth,completed
5107,2026-06-09,2,78,25.02,0.070,supermarket,wholesale,Hof,completed
5108,2026-06-09,2,450,25.26,0.150,beverage_wholesaler,wholesale,Bamberg,completed
5109,2026-06-09,5,61,22.12,0.025,restaurant,direct,Marktredwitz,completed
5110,2026-06-09,6,35,24.55,0.030,restaurant,wholesale,Nürnberg,completed
5111,2026-06-09,8,76,24.05,0.120,beverage_wholesaler,wholesale,Hof,completed
5112,2026-06-09,2,32,25.20,0.070,supermarket,wholesale,Bayreuth,completed
5113,2026-06-09,1,111,23.01,0.085,supermarket,direct,Nürnberg,completed
5114,2026-06-09,11,213,23.65,0.150,beverage_wholesaler,wholesale,Bayreuth,completed
5115,2026-06-09,1,96,23.19,0.085,supermarket,wholesale,Bayreuth,completed
5116,2026-06-09,9,95,25.91,0.145,beverage_wholesaler,wholesale,Bayreuth,completed
5117,2026-06-09,1,148,23.08,0.135,beverage_wholesaler,wholesale,Kulmbach,completed
5118,2026-06-09,2,35,24.90,0.040,restaurant,direct,Kulmbach,completed
5119,2026-06-09,5,108,21.61,0.085,supermarket,wholesale,Bayreuth,completed
5120,2026-06-09,1,42,23.08,0.040,restaurant,direct,Coburg,completed
5121,2026-06-09,9,75,25.56,0.060,event_catering,direct,Marktredwitz,completed
5122,2026-06-09,9,253,26.12,0.160,beverage_wholesaler,wholesale,Kulmbach,completed
5123,2026-06-09,4,72,22.54,0.070,supermarket,wholesale,Bayreuth,completed
5124,2026-06-09,5,29,21.61,0.030,restaurant,wholesale,Bayreuth,completed
5125,2026-06-09,1,44,22.99,0.035,bar,direct,Bayreuth,completed
5126,2026-06-09,5,55,21.78,0.030,restaurant,wholesale,Bamberg,completed
5127,2026-06-10,2,15,24.94,0.040,restaurant,direct,Kulmbach,completed
5128,2026-06-10,2,25,24.77,0.030,restaurant,wholesale,Bayreuth,completed
5129,2026-06-10,2,69,25.13,0.070,supermarket,wholesale,Bayreuth,completed
5130,2026-06-10,6,112,24.79,0.085,supermarket,direct,Nürnberg,completed
5131,2026-06-10,12,108,26.58,0.095,supermarket,wholesale,Bayreuth,completed
5132,2026-06-10,5,54,22.11,0.030,restaurant,direct,Nürnberg,completed
5133,2026-06-10,2,73,24.94,0.040,bar,direct,Bamberg,completed
5134,2026-06-10,2,59,25.02,0.065,supermarket,wholesale,Marktredwitz,completed
5135,2026-06-10,12,122,26.85,0.085,supermarket,wholesale,Nürnberg,completed
5136,2026-06-10,5,26,21.79,0.030,restaurant,direct,Marktredwitz,completed
5137,2026-06-10,9,66,26.10,0.070,supermarket,wholesale,Coburg,completed
5138,2026-06-10,4,71,22.81,0.070,supermarket,wholesale,Nürnberg,completed
5139,2026-06-10,3,26,23.62,0.030,restaurant,direct,Bayreuth,completed
5140,2026-06-10,2,45,25.12,0.080,supermarket,wholesale,Bamberg,completed
5141,2026-06-10,1,137,23.14,0.085,supermarket,wholesale,Bayreuth,completed
5142,2026-06-10,4,105,22.60,0.135,beverage_wholesaler,wholesale,Nürnberg,completed
5143,2026-06-10,2,79,24.81,0.065,supermarket,direct,Marktredwitz,completed
5144,2026-06-10,9,32,25.75,0.030,restaurant,wholesale,Marktredwitz,completed
5145,2026-06-11,10,77,33.18,0.065,supermarket,direct,Nürnberg,completed
5146,2026-06-11,1,44,23.07,0.070,supermarket,wholesale,Coburg,completed
5147,2026-06-11,2,90,24.61,0.130,beverage_wholesaler,wholesale,Coburg,completed
5148,2026-06-11,3,77,24.02,0.070,supermarket,wholesale,Bayreuth,completed
5149,2026-06-11,1,74,22.59,0.060,event_catering,direct,Nürnberg,completed
5150,2026-06-11,1,26,22.61,0.030,restaurant,direct,Nürnberg,completed
5151,2026-06-11,11,66,23.36,0.070,supermarket,wholesale,Hof,completed
5152,2026-06-11,9,77,25.94,0.120,beverage_wholesaler,wholesale,Marktredwitz,completed
5153,2026-06-11,2,28,25.04,0.030,restaurant,wholesale,Kulmbach,completed
5154,2026-06-11,8,70,23.94,0.070,supermarket,wholesale,Hof,completed
5155,2026-06-11,9,273,25.86,0.145,beverage_wholesaler,direct,Bayreuth,completed
5156,2026-06-11,7,40,32.00,0.030,restaurant,wholesale,Bamberg,completed
5157,2026-06-11,1,70,22.98,0.070,supermarket,wholesale,Nürnberg,completed
5158,2026-06-11,6,18,24.39,0.025,restaurant,direct,Bayreuth,completed
5159,2026-06-11,6,21,24.52,0.025,restaurant,direct,Kulmbach,completed
5160,2026-06-11,9,40,25.90,0.070,supermarket,direct,Coburg,completed
5161,2026-06-11,11,103,23.36,0.135,beverage_wholesaler,wholesale,Hof,completed
5162,2026-06-11,3,22,23.68,0.040,restaurant,direct,Kulmbach,completed
5163,2026-06-11,2,57,24.67,0.040,restaurant,direct,Hof,completed
5164,2026-06-11,5,47,22.22,0.040,bar,direct,Coburg,completed
5165,2026-06-11,6,34,24.65,0.040,bar,direct,Bayreuth,completed
5166,2026-06-11,9,40,26.02,0.030,restaurant,direct,Hof,completed
5167,2026-06-11,6,102,24.45,0.145,beverage_wholesaler,wholesale,Nürnberg,completed
5168,2026-06-11,3,194,23.90,0.150,beverage_wholesaler,wholesale,Hof,completed
5169,2026-06-11,5,44,21.68,0.030,restaurant,direct,Bamberg,completed
5170,2026-06-11,2,89,25.23,0.135,beverage_wholesaler,wholesale,Bayreuth,completed
5171,2026-06-11,3,79,23.61,0.070,supermarket,wholesale,Nürnberg,completed
5172,2026-06-11,4,28,22.58,0.030,restaurant,direct,Coburg,completed
5173,2026-06-11,5,59,22.10,0.040,restaurant,direct,Coburg,completed
5174,2026-06-11,8,39,24.38,0.030,restaurant,direct,Nürnberg,completed
5175,2026-06-11,4,21,22.72,0.035,bar,wholesale,Coburg,completed
5176,2026-06-11,2,133,24.62,0.135,beverage_wholesaler,wholesale,Bayreuth,completed
5177,2026-06-11,3,125,23.89,0.135,beverage_wholesaler,wholesale,Bamberg,completed
5178,2026-06-11,2,26,24.97,0.050,bar,direct,Bayreuth,completed
5179,2026-06-12,4,121,22.40,0.135,beverage_wholesaler,wholesale,Bamberg,completed
5180,2026-06-12,2,159,24.55,0.100,supermarket,wholesale,Bayreuth,completed
5181,2026-06-12,6,49,24.70,0.050,bar,direct,Hof,completed
5182,2026-06-12,1,80,23.17,0.050,bar,direct,Bamberg,completed
5183,2026-06-12,5,101,21.98,0.075,event_catering,wholesale,Kulmbach,completed
5184,2026-06-12,1,48,22.56,0.030,restaurant,direct,Bayreuth,completed
5185,2026-06-12,4,52,22.21,0.030,restaurant,direct,Bayreuth,completed
5186,2026-06-12,7,149,32.36,0.085,supermarket,wholesale,Bayreuth,completed
5187,2026-06-12,6,105,24.26,0.080,supermarket,wholesale,Bamberg,completed
5188,2026-06-12,2,47,24.55,0.035,bar,wholesale,Bayreuth,completed
5189,2026-06-12,3,74,23.94,0.070,supermarket,direct,Kulmbach,completed
5190,2026-06-12,4,181,22.67,0.150,beverage_wholesaler,direct,Kulmbach,completed
5191,2026-06-12,1,97,23.17,0.095,supermarket,wholesale,Bamberg,completed
5192,2026-06-12,4,66,22.30,0.050,bar,direct,Nürnberg,completed
5193,2026-06-12,6,68,24.35,0.040,bar,wholesale,Bayreuth,completed
5194,2026-06-12,8,64,24.53,0.025,restaurant,direct,Bayreuth,completed
5195,2026-06-12,4,38,22.32,0.050,bar,wholesale,Bamberg,completed
5196,2026-06-12,9,37,26.24,0.040,restaurant,direct,Marktredwitz,completed
5197,2026-06-12,2,41,24.69,0.030,restaurant,direct,Nürnberg,completed
5198,2026-06-12,5,48,21.67,0.040,bar,direct,Bayreuth,completed
5199,2026-06-12,5,41,21.79,0.050,bar,direct,Marktredwitz,completed
5200,2026-06-12,3,37,23.84,0.040,bar,wholesale,Bamberg,completed
5201,2026-06-12,8,30,24.42,0.025,restaurant,wholesale,Nürnberg,completed
5202,2026-06-12,5,39,21.84,0.030,restaurant,wholesale,Marktredwitz,completed
5203,2026-06-12,11,99,23.57,0.085,supermarket,direct,Marktredwitz,completed
5204,2026-06-12,6,24,24.71,0.040,bar,direct,Nürnberg,completed
5205,2026-06-12,1,20,22.85,0.040,bar,direct,Bayreuth,completed
5206,2026-06-12,9,75,25.66,0.060,event_catering,direct,Nürnberg,completed
5207,2026-06-12,5,192,21.62,0.100,supermarket,wholesale,Coburg,completed
5208,2026-06-12,6,106,24.30,0.085,supermarket,wholesale,Bayreuth,completed
5209,2026-06-13,9,48,25.79,0.040,restaurant,direct,Bayreuth,completed
5210,2026-06-13,2,86,24.75,0.085,supermarket,wholesale,Marktredwitz,completed
5211,2026-06-13,2,139,24.69,0.145,beverage_wholesaler,wholesale,Bamberg,completed
5212,2026-06-13,9,116,25.63,0.085,supermarket,wholesale,Bayreuth,completed
5213,2026-06-13,4,91,22.47,0.075,event_catering,direct,Bayreuth,completed
5214,2026-06-13,1,135,22.64,0.135,beverage_wholesaler,wholesale,Nürnberg,completed
5215,2026-06-13,8,40,24.00,0.040,bar,direct,Kulmbach,completed
5216,2026-06-13,8,182,24.51,0.150,beverage_wholesaler,wholesale,Bayreuth,completed
5217,2026-06-13,1,87,22.66,0.085,supermarket,wholesale,Nürnberg,completed
5218,2026-06-13,2,103,24.83,0.080,supermarket,wholesale,Bayreuth,completed
5219,2026-06-13,1,36,22.64,0.040,bar,wholesale,Bayreuth,completed
5220,2026-06-13,12,90,26.81,0.080,supermarket,wholesale,Nürnberg,completed
5221,2026-06-13,5,34,22.21,0.040,bar,direct,Coburg,completed
5222,2026-06-13,8,105,24.56,0.085,supermarket,wholesale,Bamberg,completed
5223,2026-06-13,7,125,32.09,0.135,beverage_wholesaler,wholesale,Marktredwitz,completed
5224,2026-06-13,2,47,25.04,0.025,restaurant,wholesale,Coburg,completed
5225,2026-06-13,12,56,27.05,0.025,restaurant,direct,Bayreuth,completed
5226,2026-06-13,5,38,21.98,0.040,restaurant,wholesale,Bayreuth,completed
5227,2026-06-13,7,34,32.27,0.035,bar,wholesale,Kulmbach,completed
5228,2026-06-13,7,108,31.71,0.075,event_catering,direct,Marktredwitz,completed
5229,2026-06-13,5,135,22.14,0.080,supermarket,wholesale,Nürnberg,completed
5230,2026-06-14,1,65,22.92,0.070,supermarket,direct,Nürnberg,completed
5231,2026-06-14,12,24,27.14,0.050,bar,direct,Bayreuth,completed
5232,2026-06-14,1,19,23.20,0.030,restaurant,direct,Bamberg,completed
5233,2026-06-14,3,16,24.10,0.025,restaurant,wholesale,Bayreuth,completed
5234,2026-06-14,1,48,22.62,0.070,supermarket,wholesale,Kulmbach,completed
5235,2026-06-14,9,100,26.10,0.130,beverage_wholesaler,wholesale,Hof,completed
5236,2026-06-14,1,147,22.62,0.130,beverage_wholesaler,wholesale,Nürnberg,completed
5237,2026-06-14,5,199,21.99,0.145,beverage_wholesaler,wholesale,Bamberg,completed
5238,2026-06-14,3,23,23.58,0.040,bar,direct,Marktredwitz,completed
5239,2026-06-14,1,37,23.21,0.060,event_catering,wholesale,Hof,completed
5240,2026-06-15,5,180,21.59,0.150,beverage_wholesaler,wholesale,Bamberg,completed
5241,2026-06-15,2,50,24.58,0.040,bar,direct,Coburg,completed
5242,2026-06-15,1,88,23.17,0.085,supermarket,wholesale,Coburg,completed
5243,2026-06-15,1,64,22.91,0.070,supermarket,wholesale,Hof,completed
5244,2026-06-15,2,26,25.25,0.030,restaurant,direct,Bayreuth,completed
5245,2026-06-15,2,98,24.65,0.080,supermarket,wholesale,Marktredwitz,completed
5246,2026-06-15,3,38,23.83,0.040,bar,direct,Bayreuth,completed
5247,2026-06-15,2,48,24.99,0.130,beverage_wholesaler,wholesale,Coburg,completed
5248,2026-06-15,4,31,22.59,0.030,restaurant,wholesale,Coburg,completed
5249,2026-06-15,11,17,23.48,0.030,restaurant,direct,Kulmbach,completed
5250,2026-06-15,1,14,22.81,0.030,restaurant,wholesale,Bayreuth,completed
5251,2026-06-15,2,19,25.19,0.040,restaurant,direct,Bamberg,cancelled
5252,2026-06-15,2,261,25.09,0.160,beverage_wholesaler,wholesale,Hof,completed
5253,2026-06-15,5,35,22.17,0.050,bar,wholesale,Hof,completed
5254,2026-06-15,4,20,22.73,0.030,restaurant,direct,Bayreuth,completed
5255,2026-06-15,1,205,23.23,0.160,beverage_wholesaler,wholesale,Marktredwitz,completed
5256,2026-06-15,5,99,22.00,0.085,supermarket,wholesale,Coburg,completed
5257,2026-06-15,1,92,22.79,0.095,supermarket,wholesale,Nürnberg,completed
5258,2026-06-15,3,48,24.11,0.040,bar,direct,Bayreuth,completed
5259,2026-06-16,6,76,24.44,0.070,supermarket,direct,Bamberg,completed
5260,2026-06-16,1,111,23.24,0.145,beverage_wholesaler,wholesale,Coburg,completed
5261,2026-06-16,7,82,32.08,0.095,supermarket,wholesale,Bayreuth,completed
5262,2026-06-16,11,112,23.72,0.130,beverage_wholesaler,wholesale,Kulmbach,completed
5263,2026-06-16,1,224,22.57,0.160,beverage_wholesaler,wholesale,Marktredwitz,completed
5264,2026-06-16,2,127,24.59,0.050,bar,direct,Bayreuth,returned
5265,2026-06-16,3,29,23.84,0.030,restaurant,direct,Bayreuth,completed
5266,2026-06-16,8,262,24.22,0.100,supermarket,wholesale,Bayreuth,completed
5267,2026-06-16,3,70,24.13,0.070,supermarket,wholesale,Kulmbach,completed
5268,2026-06-16,3,78,24.23,0.120,beverage_wholesaler,wholesale,Coburg,completed
5269,2026-06-16,2,47,24.74,0.030,restaurant,direct,Bayreuth,completed
5270,2026-06-16,2,33,25.13,0.040,bar,direct,Bayreuth,completed
5271,2026-06-16,7,107,32.28,0.075,event_catering,direct,Bayreuth,completed
5272,2026-06-16,3,38,23.56,0.050,bar,wholesale,Nürnberg,completed
5273,2026-06-16,6,137,24.68,0.085,supermarket,wholesale,Nürnberg,completed
5274,2026-06-16,1,35,23.21,0.040,bar,direct,Nürnberg,completed
5275,2026-06-16,5,73,21.83,0.030,restaurant,wholesale,Nürnberg,completed
5276,2026-06-16,8,34,24.50,0.025,restaurant,direct,Bamberg,completed
5277,2026-06-16,2,124,24.54,0.130,beverage_wholesaler,wholesale,Bamberg,completed
5278,2026-06-16,4,59,22.54,0.030,restaurant,direct,Kulmbach,completed
5279,2026-06-17,12,79,27.04,0.070,supermarket,direct,Bamberg,completed
5280,2026-06-17,1,91,22.86,0.050,bar,direct,Nürnberg,completed
5281,2026-06-17,3,12,23.58,0.030,restaurant,direct,Bamberg,completed
5282,2026-06-17,7,121,32.02,0.095,supermarket,wholesale,Coburg,completed
5283,2026-06-17,12,315,26.67,0.150,beverage_wholesaler,wholesale,Bamberg,completed
5284,2026-06-17,2,83,24.75,0.075,event_catering,direct,Marktredwitz,completed
5285,2026-06-17,1,26,22.86,0.025,restaurant,direct,Bayreuth,completed
5286,2026-06-17,1,23,22.61,0.040,bar,wholesale,Bamberg,completed
5287,2026-06-17,5,69,21.62,0.030,restaurant,direct,Nürnberg,completed
5288,2026-06-17,3,35,23.93,0.030,restaurant,direct,Nürnberg,completed
5289,2026-06-17,6,37,24.59,0.040,bar,wholesale,Kulmbach,completed
5290,2026-06-17,1,102,23.18,0.130,beverage_wholesaler,wholesale,Marktredwitz,completed
5291,2026-06-17,5,29,21.88,0.025,restaurant,direct,Bayreuth,completed
5292,2026-06-17,6,87,24.22,0.080,supermarket,wholesale,Kulmbach,completed
5293,2026-06-17,4,26,22.82,0.030,restaurant,direct,Marktredwitz,completed
5294,2026-06-17,6,87,24.40,0.095,supermarket,wholesale,Bayreuth,completed
5295,2026-06-17,6,18,24.64,0.030,restaurant,direct,Hof,completed
5296,2026-06-17,1,32,22.97,0.030,restaurant,direct,Nürnberg,completed
5297,2026-06-17,1,231,22.74,0.150,beverage_wholesaler,wholesale,Bamberg,completed
5298,2026-06-17,8,219,24.42,0.150,beverage_wholesaler,wholesale,Nürnberg,completed
5299,2026-06-17,3,63,23.60,0.040,bar,wholesale,Bamberg,completed
5300,2026-06-17,3,37,23.89,0.065,supermarket,wholesale,Bayreuth,completed
5301,2026-06-17,3,46,24.24,0.030,restaurant,direct,Hof,completed
5302,2026-06-17,6,116,24.30,0.080,supermarket,wholesale,Bayreuth,completed
5303,2026-06-17,2,87,25.15,0.095,supermarket,wholesale,Nürnberg,completed
5304,2026-06-17,1,74,22.67,0.060,event_catering,direct,Bayreuth,completed
5305,2026-06-17,3,37,23.74,0.070,supermarket,wholesale,Coburg,completed
5306,2026-06-18,1,128,23.04,0.095,supermarket,wholesale,Nürnberg,completed
5307,2026-06-18,11,23,23.30,0.030,restaurant,wholesale,Bayreuth,completed
5308,2026-06-18,3,295,23.91,0.150,beverage_wholesaler,wholesale,Bayreuth,completed
5309,2026-06-18,11,79,23.31,0.070,supermarket,wholesale,Bayreuth,completed
5310,2026-06-18,2,178,25.08,0.150,beverage_wholesaler,wholesale,Bayreuth,completed
5311,2026-06-18,4,36,22.73,0.050,bar,direct,Bayreuth,completed
5312,2026-06-18,4,36,22.67,0.025,restaurant,direct,Bayreuth,completed
5313,2026-06-18,6,270,24.65,0.150,beverage_wholesaler,wholesale,Coburg,completed
5314,2026-06-18,4,21,22.69,0.030,restaurant,direct,Coburg,completed
5315,2026-06-18,2,33,24.59,0.065,supermarket,wholesale,Bayreuth,completed
5316,2026-06-18,7,369,32.37,0.150,beverage_wholesaler,wholesale,Bayreuth,completed
5317,2026-06-18,1,85,22.91,0.080,supermarket,wholesale,Bayreuth,completed
5318,2026-06-18,9,49,26.03,0.070,event_catering,direct,Bayreuth,completed
5319,2026-06-18,11,173,23.45,0.095,supermarket,wholesale,Bayreuth,completed
5320,2026-06-18,9,82,25.70,0.085,supermarket,wholesale,Bayreuth,cancelled
5321,2026-06-18,4,62,22.53,0.060,event_catering,wholesale,Bayreuth,completed
5322,2026-06-18,2,23,24.81,0.030,restaurant,direct,Nürnberg,completed
5323,2026-06-18,1,38,22.86,0.040,bar,wholesale,Kulmbach,returned
5324,2026-06-18,2,40,24.85,0.065,supermarket,wholesale,Bayreuth,completed
5325,2026-06-18,6,40,24.77,0.040,restaurant,direct,Hof,cancelled
5326,2026-06-18,5,196,21.72,0.085,event_catering,direct,Hof,completed
5327,2026-06-18,6,88,24.32,0.095,supermarket,wholesale,Hof,returned
5328,2026-06-18,3,280,24.03,0.150,beverage_wholesaler,wholesale,Bayreuth,completed
5329,2026-06-19,7,257,32.08,0.150,beverage_wholesaler,wholesale,Marktredwitz,completed
5330,2026-06-19,5,60,22.20,0.040,bar,direct,Kulmbach,completed
5331,2026-06-19,3,136,24.07,0.145,beverage_wholesaler,wholesale,Coburg,completed
5332,2026-06-19,3,26,23.98,0.040,restaurant,wholesale,Bayreuth,completed
5333,2026-06-19,8,91,24.06,0.085,supermarket,direct,Bamberg,completed
5334,2026-06-19,5,174,22.06,0.150,beverage_wholesaler,wholesale,Bamberg,completed
5335,2026-06-19,3,27,23.92,0.040,bar,direct,Marktredwitz,completed
5336,2026-06-19,5,47,22.18,0.040,bar,direct,Bamberg,completed
5337,2026-06-19,6,69,24.27,0.065,supermarket,wholesale,Nürnberg,completed
5338,2026-06-19,1,165,22.68,0.110,supermarket,wholesale,Nürnberg,completed
5339,2026-06-19,9,144,25.86,0.135,beverage_wholesaler,wholesale,Nürnberg,completed
5340,2026-06-19,3,48,23.59,0.080,supermarket,direct,Nürnberg,completed
5341,2026-06-19,10,73,33.09,0.060,event_catering,wholesale,Hof,completed
5342,2026-06-19,6,48,24.31,0.030,restaurant,wholesale,Marktredwitz,completed
5343,2026-06-19,2,39,24.76,0.035,bar,wholesale,Bamberg,completed
5344,2026-06-19,3,25,23.90,0.030,restaurant,direct,Marktredwitz,completed
5345,2026-06-19,5,450,21.59,0.150,beverage_wholesaler,wholesale,Bayreuth,completed
5346,2026-06-19,1,59,22.87,0.030,restaurant,direct,Bayreuth,completed
5347,2026-06-19,3,61,24.07,0.065,supermarket,wholesale,Nürnberg,completed
5348,2026-06-19,6,30,24.72,0.070,event_catering,direct,Bamberg,completed
5349,2026-06-19,3,33,23.57,0.030,restaurant,direct,Kulmbach,completed
5350,2026-06-19,7,25,31.77,0.030,restaurant,wholesale,Nürnberg,completed
5351,2026-06-19,5,112,21.64,0.075,event_catering,direct,Coburg,completed
5352,2026-06-19,4,37,22.23,0.030,restaurant,direct,Nürnberg,completed
5353,2026-06-19,1,28,23.00,0.040,bar,wholesale,Bayreuth,completed
5354,2026-06-19,2,83,24.79,0.085,supermarket,wholesale,Kulmbach,completed
5355,2026-06-19,9,20,25.81,0.040,restaurant,direct,Nürnberg,completed
5356,2026-06-19,5,407,22.00,0.150,beverage_wholesaler,wholesale,Coburg,completed
5357,2026-06-19,1,26,22.60,0.040,bar,direct,Bayreuth,completed
5358,2026-06-20,1,94,23.05,0.130,beverage_wholesaler,wholesale,Bayreuth,completed
5359,2026-06-20,1,19,22.73,0.030,restaurant,direct,Bayreuth,completed
5360,2026-06-20,12,41,26.87,0.030,restaurant,direct,Marktredwitz,completed
5361,2026-06-20,2,39,24.70,0.050,bar,direct,Nürnberg,completed
5362,2026-06-20,4,29,22.41,0.035,bar,wholesale,Bayreuth,completed
5363,2026-06-20,2,34,24.77,0.040,bar,direct,Marktredwitz,completed
5364,2026-06-20,12,24,27.21,0.030,restaurant,wholesale,Bayreuth,completed
5365,2026-06-20,3,53,24.08,0.070,supermarket,wholesale,Nürnberg,completed
5366,2026-06-20,2,212,24.96,0.160,beverage_wholesaler,wholesale,Kulmbach,completed
5367,2026-06-20,5,73,21.91,0.040,bar,direct,Bayreuth,completed
5368,2026-06-20,5,107,22.13,0.085,supermarket,wholesale,Coburg,completed
5369,2026-06-20,5,110,21.73,0.130,beverage_wholesaler,wholesale,Coburg,completed
5370,2026-06-20,2,92,24.72,0.135,beverage_wholesaler,wholesale,Bayreuth,completed
5371,2026-06-20,9,140,25.84,0.135,beverage_wholesaler,wholesale,Bayreuth,completed
5372,2026-06-20,1,25,22.91,0.035,bar,wholesale,Bayreuth,completed
5373,2026-06-20,1,60,22.70,0.115,beverage_wholesaler,wholesale,Kulmbach,completed
5374,2026-06-20,2,59,24.81,0.070,supermarket,wholesale,Marktredwitz,completed
5375,2026-06-20,1,25,22.84,0.030,restaurant,direct,Nürnberg,completed
5376,2026-06-20,12,17,27.08,0.030,restaurant,direct,Marktredwitz,completed
5377,2026-06-20,5,77,21.59,0.055,event_catering,direct,Bayreuth,completed
5378,2026-06-20,5,148,22.03,0.080,supermarket,direct,Marktredwitz,completed
5379,2026-06-20,3,141,23.76,0.130,beverage_wholesaler,wholesale,Nürnberg,completed
5380,2026-06-20,5,31,21.64,0.030,restaurant,direct,Kulmbach,completed
5381,2026-06-21,1,23,22.56,0.040,bar,direct,Coburg,completed
5382,2026-06-21,9,20,25.69,0.050,bar,direct,Nürnberg,completed
5383,2026-06-21,1,35,23.14,0.050,bar,wholesale,Bayreuth,completed
5384,2026-06-21,7,17,31.89,0.040,restaurant,direct,Bayreuth,completed
5385,2026-06-21,1,33,23.17,0.050,bar,direct,Hof,completed
5386,2026-06-21,2,56,25.23,0.040,bar,direct,Nürnberg,completed
5387,2026-06-21,1,64,22.56,0.070,supermarket,wholesale,Hof,completed
5388,2026-06-21,3,92,23.68,0.075,event_catering,direct,Bamberg,completed
5389,2026-06-21,6,34,24.71,0.040,restaurant,direct,Bayreuth,completed
5390,2026-06-21,5,291,21.77,0.160,beverage_wholesaler,wholesale,Kulmbach,completed
5391,2026-06-21,2,63,24.72,0.080,supermarket,wholesale,Bamberg,completed
5392,2026-06-21,2,60,24.94,0.040,restaurant,wholesale,Nürnberg,completed
5393,2026-06-21,1,15,23.08,0.030,restaurant,direct,Bamberg,completed
5394,2026-06-21,5,187,22.02,0.150,beverage_wholesaler,wholesale,Nürnberg,completed
5395,2026-06-21,2,188,24.97,0.150,beverage_wholesaler,wholesale,Kulmbach,completed
5396,2026-06-21,9,24,25.64,0.025,restaurant,direct,Bayreuth,completed
5397,2026-06-21,1,72,23.18,0.070,supermarket,wholesale,Kulmbach,completed
5398,2026-06-21,3,-19,23.95,0.030,restaurant,direct,Nürnberg,completed
5399,2026-06-21,1,40,23.16,0.030,restaurant,wholesale,Hof,completed
5400,2026-06-21,3,61,24.24,0.065,supermarket,wholesale,Bayreuth,completed
5401,2026-06-21,5,35,22.04,0.040,bar,wholesale,Bayreuth,completed
5402,2026-06-22,4,54,22.83,0.060,event_catering,wholesale,Bamberg,completed
5403,2026-06-22,6,18,24.18,0.030,restaurant,wholesale,Marktredwitz,completed
5404,2026-06-22,3,237,24.07,0.150,beverage_wholesaler,wholesale,Bamberg,completed
5405,2026-06-22,3,84,23.82,0.070,event_catering,direct,Coburg,completed
5406,2026-06-22,4,207,22.30,0.100,supermarket,wholesale,Coburg,completed
5407,2026-06-22,2,66,25.02,0.115,beverage_wholesaler,wholesale,Bayreuth,completed
5408,2026-06-22,6,31,24.62,0.030,restaurant,wholesale,Bamberg,completed
5409,2026-06-22,4,37,22.56,0.025,restaurant,direct,Marktredwitz,completed
5410,2026-06-22,3,132,23.61,0.085,supermarket,wholesale,Hof,completed
5411,2026-06-22,4,68,22.78,0.070,event_catering,wholesale,Nürnberg,completed
5412,2026-06-22,1,45,23.02,0.030,restaurant,direct,Coburg,completed
5413,2026-06-22,5,69,21.59,0.070,supermarket,direct,Coburg,cancelled
5414,2026-06-22,4,142,22.21,0.135,beverage_wholesaler,wholesale,Bayreuth,completed
5415,2026-06-22,5,80,21.94,0.050,bar,direct,Nürnberg,completed
5416,2026-06-22,6,112,24.49,0.080,supermarket,direct,Bayreuth,completed
5417,2026-06-22,6,90,24.47,0.095,supermarket,wholesale,Kulmbach,completed
5418,2026-06-23,9,30,25.99,0.025,restaurant,direct,Hof,completed
5419,2026-06-23,6,53,24.13,0.070,supermarket,wholesale,Coburg,completed
5420,2026-06-23,1,31,23.09,0.030,restaurant,wholesale,Coburg,completed
5421,2026-06-23,2,85,25.17,0.050,bar,wholesale,Bamberg,completed
5422,2026-06-23,7,18,32.35,0.030,restaurant,direct,Hof,completed
5423,2026-06-23,2,20,24.88,0.040,bar,wholesale,Nürnberg,completed
5424,2026-06-23,11,210,23.65,0.150,beverage_wholesaler,wholesale,Coburg,completed
5425,2026-06-23,4,52,22.63,0.035,bar,direct,Bayreuth,completed
5426,2026-06-23,7,12,31.85,0.030,restaurant,wholesale,Nürnberg,completed
5427,2026-06-23,9,22,26.24,0.025,restaurant,direct,Bayreuth,completed
5428,2026-06-23,9,40,25.54,0.040,restaurant,direct,Bamberg,completed
5429,2026-06-23,2,120,25.22,0.135,beverage_wholesaler,wholesale,Kulmbach,completed
5430,2026-06-23,9,341,25.63,0.150,beverage_wholesaler,wholesale,Bayreuth,completed
5431,2026-06-23,4,17,22.69,0.030,restaurant,wholesale,Nürnberg,completed
5432,2026-06-23,7,64,32.14,0.030,restaurant,direct,Coburg,completed
5433,2026-06-23,10,194,32.94,0.145,beverage_wholesaler,wholesale,Nürnberg,completed
5434,2026-06-23,11,49,23.44,0.060,event_catering,direct,Bayreuth,completed
5435,2026-06-23,7,21,31.81,0.030,restaurant,direct,Bayreuth,completed
5436,2026-06-23,6,78,24.73,0.070,supermarket,direct,Coburg,completed
5437,2026-06-23,12,35,26.71,0.040,bar,direct,Bayreuth,completed
5438,2026-06-23,1,107,23.13,0.085,supermarket,wholesale,Hof,completed
5439,2026-06-23,6,24,24.43,0.030,restaurant,direct,Kulmbach,completed
5440,2026-06-23,1,45,23.19,0.040,bar,direct,Bayreuth,completed
5441,2026-06-23,9,20,26.18,0.040,restaurant,direct,Kulmbach,completed
5442,2026-06-23,6,88,24.71,0.075,event_catering,wholesale,Hof,completed
5443,2026-06-24,1,61,23.09,0.065,supermarket,direct,Coburg,completed
5444,2026-06-24,5,59,22.13,0.070,supermarket,wholesale,Coburg,completed
5445,2026-06-24,2,127,25.02,0.135,beverage_wholesaler,wholesale,Bayreuth,completed
5446,2026-06-24,7,39,31.47,0.030,restaurant,wholesale,Nürnberg,completed
5447,2026-06-24,3,114,24.00,0.135,beverage_wholesaler,wholesale,Nürnberg,completed
5448,2026-06-24,2,207,24.59,0.160,beverage_wholesaler,wholesale,Kulmbach,completed
5449,2026-06-24,3,29,24.05,0.025,restaurant,direct,Marktredwitz,completed
5450,2026-06-24,3,24,23.81,0.050,bar,wholesale,Bamberg,completed
5451,2026-06-24,2,78,25.10,0.055,event_catering,wholesale,Nürnberg,completed
5452,2026-06-24,2,106,25.07,0.135,beverage_wholesaler,wholesale,Bayreuth,completed
5453,2026-06-24,1,22,23.21,0.030,restaurant,direct,Kulmbach,completed
5454,2026-06-24,5,212,22.07,0.150,beverage_wholesaler,wholesale,Bayreuth,completed
5455,2026-06-24,9,78,25.87,0.065,supermarket,wholesale,Bayreuth,completed
5456,2026-06-24,7,44,31.76,0.080,supermarket,wholesale,Nürnberg,cancelled
5457,2026-06-24,2,26,25.26,0.040,restaurant,direct,Marktredwitz,completed
5458,2026-06-24,12,101,26.76,0.080,supermarket,direct,Kulmbach,completed
5459,2026-06-24,6,20,24.39,0.025,restaurant,wholesale,Hof,completed
5460,2026-06-24,9,24,26.22,0.040,bar,wholesale,Hof,completed
5461,2026-06-25,1,43,22.81,0.030,restaurant,direct,Bayreuth,completed
5462,2026-06-25,2,94,25.06,0.075,event_catering,direct,Bayreuth,completed
5463,2026-06-25,11,23,23.16,0.030,restaurant,direct,Nürnberg,completed
5464,2026-06-25,1,47,22.75,0.055,event_catering,direct,Bamberg,completed
5465,2026-06-25,2,68,25.16,0.070,supermarket,wholesale,Bayreuth,completed
5466,2026-06-25,4,73,22.40,0.070,event_catering,direct,Bayreuth,completed
5467,2026-06-25,3,44,23.85,0.065,supermarket,direct,Kulmbach,completed
5468,2026-06-25,1,325,22.89,0.145,beverage_wholesaler,wholesale,Kulmbach,completed
5469,2026-06-25,6,90,24.55,0.085,supermarket,wholesale,Bayreuth,completed
5470,2026-06-25,2,34,25.21,0.040,bar,direct,Marktredwitz,completed
5471,2026-06-25,4,25,22.39,0.050,bar,direct,Bayreuth,completed
5472,2026-06-25,2,42,25.20,0.030,restaurant,direct,Bayreuth,completed
5473,2026-06-25,4,177,22.76,0.145,beverage_wholesaler,wholesale,Marktredwitz,completed
5474,2026-06-25,6,33,24.54,0.040,bar,direct,Hof,completed
5475,2026-06-25,2,55,24.92,0.080,supermarket,wholesale,Bayreuth,completed
5476,2026-06-25,8,67,24.40,0.070,supermarket,wholesale,Bayreuth,completed
5477,2026-06-25,5,53,21.72,0.030,restaurant,direct,Nürnberg,completed
5478,2026-06-25,6,46,24.71,0.040,bar,direct,Marktredwitz,completed
5479,2026-06-25,8,107,24.14,0.080,supermarket,wholesale,Hof,completed
5480,2026-06-25,8,40,24.30,0.065,supermarket,direct,Bamberg,completed
5481,2026-06-25,9,36,25.98,0.040,bar,direct,Coburg,completed
5482,2026-06-25,8,114,24.18,0.145,beverage_wholesaler,wholesale,Bayreuth,completed
5483,2026-06-25,2,94,24.86,0.085,supermarket,wholesale,Kulmbach,completed
5484,2026-06-25,5,78,21.80,0.060,event_catering,direct,Bayreuth,completed
5485,2026-06-25,2,80,24.77,0.085,supermarket,direct,Bayreuth,completed
5486,2026-06-25,5,82,22.16,0.085,event_catering,direct,Coburg,completed
5487,2026-06-25,3,31,23.82,0.040,bar,direct,Bamberg,completed
5488,2026-06-25,2,165,24.81,0.150,beverage_wholesaler,wholesale,Bamberg,completed
5489,2026-06-25,10,70,33.03,0.055,event_catering,wholesale,Bayreuth,completed
5490,2026-06-25,7,75,31.78,0.070,supermarket,wholesale,Bayreuth,completed
5491,2026-06-25,2,122,25.26,0.080,supermarket,wholesale,Bamberg,completed
5492,2026-06-26,1,54,23.10,0.040,restaurant,direct,Bayreuth,completed
5493,2026-06-26,3,40,24.04,0.040,bar,wholesale,Coburg,completed
5494,2026-06-26,3,42,23.71,0.040,bar,direct,Nürnberg,completed
5495,2026-06-26,3,40,23.87,0.025,restaurant,direct,Coburg,completed
5496,2026-06-26,11,68,23.28,0.060,event_catering,direct,Bayreuth,completed
5497,2026-06-26,4,134,22.68,0.135,,wholesale,Bamberg,completed
5498,2026-06-26,4,131,22.22,0.095,supermarket,wholesale,Hof,completed
5499,2026-06-26,3,99,24.22,0.085,supermarket,wholesale,Bamberg,returned
5500,2026-06-26,12,104,27.14,0.075,event_catering,direct,Bamberg,cancelled
5501,2026-06-26,5,86,21.94,0.065,bar,direct,Coburg,completed
5502,2026-06-26,1,37,23.08,0.030,restaurant,direct,Nürnberg,completed
5503,2026-06-26,3,56,23.95,0.065,supermarket,wholesale,Hof,completed
5504,2026-06-26,6,122,24.14,0.095,supermarket,direct,Bayreuth,completed
5505,2026-06-26,1,19,22.76,0.050,bar,direct,Bayreuth,completed
5506,2026-06-26,2,79,25.07,0.030,restaurant,direct,Nürnberg,completed
5507,2026-06-26,12,37,27.09,0.040,bar,direct,Coburg,completed
5508,2026-06-26,1,27,22.73,0.040,bar,direct,Nürnberg,completed
5509,2026-06-26,1,130,22.81,0.095,supermarket,wholesale,Marktredwitz,completed
5510,2026-06-26,5,285,21.84,0.095,supermarket,wholesale,Bamberg,completed
5511,2026-06-26,12,48,26.85,0.030,restaurant,wholesale,Marktredwitz,completed
5512,2026-06-26,4,205,22.23,0.145,beverage_wholesaler,wholesale,Nürnberg,cancelled
5513,2026-06-26,8,204,24.17,0.150,beverage_wholesaler,wholesale,Coburg,completed
5514,2026-06-26,2,115,25.13,0.085,supermarket,wholesale,Coburg,completed
5515,2026-06-26,12,139,27.24,0.135,beverage_wholesaler,direct,Bayreuth,completed
5516,2026-06-26,1,59,23.24,0.055,event_catering,direct,Nürnberg,completed
5517,2026-06-26,5,109,21.88,0.135,beverage_wholesaler,wholesale,Nürnberg,completed
5518,2026-06-26,5,35,21.74,0.040,bar,direct,Bayreuth,completed
5519,2026-06-26,3,76,23.95,0.060,event_catering,direct,Nürnberg,completed
5520,2026-06-26,2,269,24.83,0.150,beverage_wholesaler,wholesale,Bayreuth,completed
5521,2026-06-26,3,81,24.01,0.070,event_catering,direct,Bayreuth,completed
5522,2026-06-26,2,40,24.66,0.040,bar,wholesale,Hof,completed
5523,2026-06-26,6,35,24.53,0.040,bar,direct,Nürnberg,completed
5524,2026-06-26,4,136,22.65,0.070,event_catering,wholesale,Bayreuth,completed
5525,2026-06-26,1,107,23.23,0.095,supermarket,direct,Bayreuth,completed
5526,2026-06-26,5,61,21.75,0.025,restaurant,direct,Kulmbach,completed
5527,2026-06-26,8,44,24.43,0.055,event_catering,direct,Bamberg,completed
5528,2026-06-26,12,55,26.76,0.060,event_catering,direct,Bayreuth,cancelled
5529,2026-06-26,5,72,21.74,0.040,bar,direct,Kulmbach,completed
5530,2026-06-27,1,62,22.92,0.080,supermarket,wholesale,Marktredwitz,completed
5531,2026-06-27,5,27,21.76,0.030,restaurant,direct,Bayreuth,completed
5532,2026-06-27,3,88,24.24,0.080,supermarket,direct,Marktredwitz,completed
5533,2026-06-27,1,168,23.06,0.090,event_catering,direct,Bayreuth,completed
5534,2026-06-27,12,21,26.83,0.030,restaurant,direct,Nürnberg,completed
5535,2026-06-27,2,56,25.27,0.040,bar,wholesale,Bamberg,completed
5536,2026-06-27,6,65,24.75,0.030,restaurant,direct,Nürnberg,completed
5537,2026-06-27,1,27,23.07,0.030,restaurant,wholesale,Bamberg,completed
5538,2026-06-27,8,43,24.36,0.070,supermarket,wholesale,Bayreuth,completed
5539,2026-06-27,4,86,22.80,0.080,supermarket,wholesale,Bamberg,completed
5540,2026-06-27,3,55,23.70,0.040,restaurant,wholesale,Coburg,completed
5541,2026-06-27,4,101,22.69,0.085,supermarket,wholesale,Marktredwitz,completed
5542,2026-06-27,3,51,23.64,0.030,restaurant,direct,Kulmbach,completed
5543,2026-06-27,1,105,23.01,0.135,beverage_wholesaler,wholesale,Bayreuth,completed
5544,2026-06-27,4,111,22.80,0.085,supermarket,wholesale,Hof,completed
5545,2026-06-27,1,35,22.94,0.030,restaurant,direct,Kulmbach,completed
5546,2026-06-27,11,30,23.32,0.030,restaurant,direct,Nürnberg,completed
5547,2026-06-27,3,198,23.90,0.145,beverage_wholesaler,wholesale,Bayreuth,completed
5548,2026-06-27,3,28,23.95,0.030,restaurant,wholesale,Marktredwitz,completed
5549,2026-06-28,2,27,24.81,0.040,bar,direct,Bayreuth,completed
5550,2026-06-28,5,52,21.62,0.040,bar,direct,Hof,completed
5551,2026-06-28,5,23,22.11,0.030,restaurant,direct,Hof,completed
5552,2026-06-28,3,62,23.80,0.080,supermarket,wholesale,Marktredwitz,completed
5553,2026-06-28,5,64,21.65,0.070,event_catering,direct,Coburg,completed
5554,2026-06-28,4,24,22.29,0.040,bar,direct,Bayreuth,completed
5555,2026-06-28,12,82,27.16,0.085,supermarket,direct,Coburg,completed
5556,2026-06-28,1,94,23.07,0.085,supermarket,wholesale,Bayreuth,completed
5557,2026-06-28,4,87,22.79,0.135,beverage_wholesaler,wholesale,Bamberg,completed
5558,2026-06-28,9,27,26.24,0.030,restaurant,wholesale,Coburg,completed
5559,2026-06-28,5,42,22.19,0.040,bar,direct,Nürnberg,completed
5560,2026-06-28,1,66,22.93,0.065,supermarket,wholesale,Hof,completed
5561,2026-06-28,9,40,25.66,0.070,supermarket,wholesale,Nürnberg,completed
5562,2026-06-28,11,39,23.60,0.065,supermarket,wholesale,Nürnberg,completed
5563,2026-06-29,2,42,24.67,0.055,event_catering,direct,Nürnberg,completed
5564,2026-06-29,4,32,22.37,0.030,restaurant,direct,Bayreuth,completed
5565,2026-06-29,8,79,24.08,0.120,beverage_wholesaler,wholesale,Hof,completed
5566,2026-06-29,4,118,22.73,0.085,supermarket,wholesale,Bamberg,completed
5567,2026-06-29,2,31,25.01,0.040,bar,direct,Bayreuth,completed
5568,2026-06-29,4,29,22.41,0.040,restaurant,direct,Kulmbach,completed
5569,2026-06-29,6,29,24.51,0.040,bar,direct,Bayreuth,completed
5570,2026-06-29,10,71,32.45,0.080,supermarket,wholesale,Nürnberg,completed
5571,2026-06-29,5,55,21.85,0.025,restaurant,direct,Bayreuth,completed
5572,2026-06-29,2,80,24.54,0.055,bar,direct,Kulmbach,completed
5573,2026-06-29,2,142,25.02,0.080,supermarket,wholesale,Hof,completed
5574,2026-06-29,4,93,22.43,0.145,beverage_wholesaler,wholesale,Nürnberg,completed
5575,2026-06-29,6,30,24.61,0.030,restaurant,direct,Bamberg,completed
5576,2026-06-29,6,65,24.73,0.070,event_catering,direct,Nürnberg,completed
5577,2026-06-29,6,43,24.21,0.060,event_catering,wholesale,Nürnberg,cancelled
5578,2026-06-29,11,24,23.66,0.040,restaurant,direct,Hof,cancelled
5579,2026-06-29,6,25,24.69,0.040,bar,direct,Marktredwitz,completed
5580,2026-06-29,6,60,24.29,0.070,supermarket,wholesale,Bayreuth,completed
5581,2026-06-29,6,112,24.64,0.070,event_catering,direct,Bamberg,completed
5582,2026-06-29,1,35,22.84,0.025,restaurant,direct,Coburg,completed
5583,2026-06-29,2,17,24.74,0.030,restaurant,direct,Bayreuth,completed
5584,2026-06-29,9,287,25.87,0.150,beverage_wholesaler,direct,Bayreuth,completed
5585,2026-06-29,7,218,31.58,0.145,beverage_wholesaler,wholesale,Coburg,completed
5586,2026-06-29,2,103,24.80,0.085,supermarket,wholesale,Nürnberg,completed
5587,2026-06-29,5,137,21.88,0.085,supermarket,wholesale,Bamberg,completed
5588,2026-06-29,8,64,24.03,0.050,bar,direct,Bayreuth,completed
5589,2026-06-29,6,105,24.19,0.085,event_catering,direct,Bayreuth,completed
5590,2026-06-29,6,68,24.74,0.070,supermarket,wholesale,Nürnberg,completed
5591,2026-06-30,7,33,31.92,0.025,restaurant,direct,Bayreuth,completed
5592,2026-06-30,6,39,24.55,0.025,restaurant,wholesale,Nürnberg,completed
5593,2026-06-30,5,168,21.96,0.095,supermarket,wholesale,Bayreuth,completed
5594,2026-06-30,11,230,23.61,0.160,beverage_wholesaler,wholesale,Marktredwitz,completed
5595,2026-06-30,2,41,24.74,0.030,restaurant,direct,Marktredwitz,completed
5596,2026-06-30,1,129,22.89,0.095,supermarket,direct,Hof,completed
5597,2026-06-30,6,47,24.15,0.040,bar,direct,Coburg,completed
5598,2026-06-30,8,49,24.38,0.120,beverage_wholesaler,wholesale,Coburg,completed
5599,2026-06-30,1,45,23.01,0.040,bar,direct,Kulmbach,completed
5600,2026-06-30,6,24,24.18,0.035,bar,wholesale,Bayreuth,completed
5601,2026-06-30,5,124,22.11,0.085,supermarket,wholesale,Coburg,completed
5602,2026-06-30,2,21,24.70,0.040,bar,wholesale,Hof,completed
5603,2026-06-30,1,22,22.99,0.025,restaurant,direct,Marktredwitz,completed
5604,2026-06-30,2,33,24.70,0.030,restaurant,wholesale,Bayreuth,completed
5605,2026-06-30,1,71,23.03,0.065,supermarket,direct,Coburg,completed
5606,2026-06-30,11,69,23.59,0.080,supermarket,wholesale,Bayreuth,completed
5607,2026-06-30,6,174,24.72,0.150,beverage_wholesaler,wholesale,Bayreuth,completed
5608,2026-06-30,1,135,22.81,0.130,beverage_wholesaler,wholesale,Bayreuth,completed
5609,2026-06-30,3,33,23.91,0.040,bar,direct,Nürnberg,completed
5610,2026-06-30,2,37,24.55,0.030,restaurant,direct,Nürnberg,completed
5611,2026-06-30,6,83,24.81,0.135,beverage_wholesaler,wholesale,Nürnberg,completed
5612,2026-06-30,2,112,24.66,0.135,beverage_wholesaler,wholesale,Coburg,completed
5613,2026-06-30,3,72,24.23,0.060,event_catering,direct,Nürnberg,completed
5614,2026-06-30,5,196,22.18,0.100,supermarket,wholesale,Kulmbach,completed
5615,2026-06-30,5,128,22.14,0.130,beverage_wholesaler,wholesale,Nürnberg,completed
5616,2026-07-01,11,53,23.72,0.030,restaurant,direct,Marktredwitz,completed
5617,2026-07-01,5,62,21.99,0.040,bar,direct,Bayreuth,completed
5618,2026-07-01,6,154,24.23,0.160,beverage_wholesaler,wholesale,Bayreuth,returned
5619,2026-07-01,5,35,21.98,0.040,restaurant,wholesale,Hof,completed
5620,2026-07-01,9,155,25.69,0.100,supermarket,wholesale,Coburg,completed
5621,2026-07-01,2,37,24.87,0.025,restaurant,direct,Hof,completed
5622,2026-07-01,8,35,24.44,0.040,restaurant,wholesale,Nürnberg,completed
5623,2026-07-01,11,67,23.64,0.115,beverage_wholesaler,wholesale,Nürnberg,completed
5624,2026-07-01,4,34,22.23,0.030,restaurant,direct,Hof,completed
5625,2026-07-01,5,41,21.84,0.030,restaurant,wholesale,Kulmbach,completed
5626,2026-07-01,6,153,24.85,0.160,beverage_wholesaler,wholesale,Nürnberg,completed
5627,2026-07-01,6,48,24.26,0.040,bar,direct,Hof,completed
5628,2026-07-01,11,131,23.72,0.135,beverage_wholesaler,wholesale,Bayreuth,completed
5629,2026-07-01,4,29,22.78,0.040,bar,direct,Bamberg,completed
5630,2026-07-01,3,53,24.25,0.070,supermarket,wholesale,Bayreuth,completed
5631,2026-07-01,3,89,24.13,0.080,supermarket,wholesale,Kulmbach,completed
5632,2026-07-02,1,53,22.57,0.120,beverage_wholesaler,wholesale,Hof,cancelled
5633,2026-07-02,6,78,24.28,0.070,event_catering,direct,Nürnberg,completed
5634,2026-07-02,12,83,26.63,0.085,supermarket,direct,Bayreuth,completed
5635,2026-07-02,3,66,23.85,0.070,supermarket,wholesale,Coburg,completed
5636,2026-07-02,2,276,24.56,0.150,beverage_wholesaler,wholesale,Kulmbach,completed
5637,2026-07-02,5,180,22.01,0.160,beverage_wholesaler,wholesale,Bayreuth,completed
5638,2026-07-02,5,269,22.21,0.160,beverage_wholesaler,direct,Nürnberg,completed
5639,2026-07-02,1,37,22.82,0.035,bar,wholesale,Marktredwitz,completed
5640,2026-07-02,1,102,23.19,0.145,beverage_wholesaler,wholesale,Bayreuth,completed
5641,2026-07-02,3,130,23.62,0.145,beverage_wholesaler,wholesale,Coburg,completed
5642,2026-07-02,5,127,21.76,0.085,supermarket,wholesale,Bamberg,completed
5643,2026-07-02,2,32,24.59,0.030,restaurant,direct,Kulmbach,completed
5644,2026-07-02,7,27,31.90,0.030,restaurant,direct,Bamberg,completed
5645,2026-07-02,1,64,22.81,0.040,bar,wholesale,Marktredwitz,completed
5646,2026-07-02,5,33,22.18,0.030,restaurant,wholesale,Kulmbach,completed
5647,2026-07-02,5,93,21.82,0.085,supermarket,direct,Nürnberg,completed
5648,2026-07-02,5,42,21.77,0.050,bar,direct,Marktredwitz,completed
5649,2026-07-02,2,108,25.11,0.130,beverage_wholesaler,wholesale,Coburg,completed
5650,2026-07-02,5,28,22.06,0.040,restaurant,direct,Nürnberg,completed
5651,2026-07-02,1,44,22.90,0.070,supermarket,wholesale,Marktredwitz,completed
5652,2026-07-02,3,141,23.87,0.135,beverage_wholesaler,wholesale,Bayreuth,completed
5653,2026-07-02,4,105,22.27,0.135,beverage_wholesaler,wholesale,Marktredwitz,completed
5654,2026-07-02,2,257,25.13,0.150,beverage_wholesaler,wholesale,Bayreuth,completed
5655,2026-07-02,12,35,26.84,0.040,bar,direct,Bayreuth,completed
5656,2026-07-02,9,22,26.14,0.025,restaurant,direct,Nürnberg,completed
5657,2026-07-02,4,102,22.82,0.095,supermarket,wholesale,Hof,completed
5658,2026-07-02,5,41,21.92,0.025,restaurant,direct,Marktredwitz,completed
5659,2026-07-02,2,41,24.59,0.035,bar,direct,Bamberg,completed
5660,2026-07-02,5,152,21.94,0.090,event_catering,direct,Coburg,completed
5661,2026-07-02,7,24,31.81,0.050,bar,direct,Hof,completed
5662,2026-07-02,2,24,25.23,0.025,restaurant,wholesale,Bayreuth,completed
5663,2026-07-02,2,148,25.21,0.130,beverage_wholesaler,wholesale,Marktredwitz,completed
5664,2026-07-02,6,154,24.52,0.150,beverage_wholesaler,wholesale,Marktredwitz,returned
5665,2026-07-02,6,107,24.53,0.135,beverage_wholesaler,wholesale,Bayreuth,completed
5666,2026-07-02,5,284,21.79,0.100,supermarket,direct,Bayreuth,completed
5667,2026-07-02,3,121,24.04,0.135,beverage_wholesaler,wholesale,Nürnberg,completed
5668,2026-07-02,3,93,23.70,0.095,supermarket,wholesale,Coburg,completed
5669,2026-07-02,8,168,24.54,0.150,beverage_wholesaler,wholesale,Bamberg,completed
5670,2026-07-02,8,24,24.25,0.040,restaurant,direct,Coburg,completed
5671,2026-07-02,1,67,22.74,0.120,beverage_wholesaler,wholesale,Nürnberg,completed
5672,2026-07-02,6,27,24.32,0.030,restaurant,direct,Bayreuth,completed
5673,2026-07-02,2,115,24.99,0.085,supermarket,wholesale,Hof,completed
5674,2026-07-03,1,85,22.71,0.075,event_catering,wholesale,Nürnberg,completed
5675,2026-07-03,3,112,23.83,0.085,supermarket,direct,Bayreuth,completed
5676,2026-07-03,8,31,24.33,0.050,bar,wholesale,Nürnberg,completed
5677,2026-07-03,6,73,24.30,0.070,supermarket,wholesale,Coburg,completed
5678,2026-07-03,12,98,26.52,0.085,supermarket,wholesale,Bamberg,completed
5679,2026-07-03,4,44,22.35,0.030,restaurant,wholesale,Bamberg,completed
5680,2026-07-03,1,26,23.06,0.035,bar,direct,Marktredwitz,completed
5681,2026-07-03,2,28,24.86,0.025,restaurant,wholesale,Kulmbach,completed
5682,2026-07-03,3,157,23.92,0.110,supermarket,wholesale,Bayreuth,completed
5683,2026-07-03,4,24,22.70,0.040,restaurant,direct,Bamberg,completed
5684,2026-07-03,5,54,21.76,0.060,event_catering,direct,Bayreuth,completed
5685,2026-07-03,5,192,21.98,0.160,beverage_wholesaler,wholesale,Bayreuth,completed
5686,2026-07-03,1,75,23.13,0.050,bar,wholesale,Coburg,completed
5687,2026-07-03,2,284,25.14,0.160,beverage_wholesaler,wholesale,Nürnberg,completed
5688,2026-07-03,6,111,24.54,0.130,beverage_wholesaler,wholesale,Kulmbach,completed
5689,2026-07-03,7,200,31.99,0.150,beverage_wholesaler,direct,Marktredwitz,completed
5690,2026-07-03,6,358,24.63,0.150,beverage_wholesaler,wholesale,Kulmbach,completed
5691,2026-07-03,6,67,24.82,0.070,supermarket,wholesale,Bayreuth,completed
5692,2026-07-03,7,53,32.02,0.030,restaurant,direct,Hof,completed
5693,2026-07-03,2,50,24.61,0.035,bar,direct,Bayreuth,completed
5694,2026-07-03,1,43,22.79,0.040,bar,direct,Nürnberg,completed
5695,2026-07-04,7,88,31.74,0.085,event_catering,direct,Bayreuth,completed
5696,2026-07-04,9,32,26.23,0.040,bar,direct,Kulmbach,completed
5697,2026-07-04,2,81,24.89,0.085,supermarket,wholesale,Bayreuth,completed
5698,2026-07-04,6,72,24.57,0.120,beverage_wholesaler,wholesale,Coburg,completed
5699,2026-07-04,11,54,23.51,0.030,restaurant,direct,Hof,completed
5700,2026-07-04,1,24,22.91,0.025,restaurant,direct,Nürnberg,completed
5701,2026-07-04,7,24,32.30,0.040,restaurant,direct,Marktredwitz,completed
5702,2026-07-04,1,291,23.13,0.145,beverage_wholesaler,wholesale,Bayreuth,completed
5703,2026-07-04,1,26,22.70,0.040,restaurant,direct,Kulmbach,completed
5704,2026-07-04,7,29,31.51,0.030,restaurant,direct,Bayreuth,completed
5705,2026-07-04,6,36,24.45,0.030,restaurant,direct,Bayreuth,completed
5706,2026-07-04,2,100,24.87,0.080,supermarket,wholesale,Coburg,completed
5707,2026-07-04,10,207,32.69,0.095,supermarket,wholesale,Bayreuth,completed
5708,2026-07-04,9,106,26.03,0.145,beverage_wholesaler,wholesale,Nürnberg,completed
5709,2026-07-04,5,233,22.11,0.150,beverage_wholesaler,direct,Bamberg,returned
5710,2026-07-04,4,25,22.61,0.040,restaurant,direct,Coburg,completed
5711,2026-07-04,2,92,24.54,0.085,supermarket,wholesale,Kulmbach,completed
5712,2026-07-04,1,31,23.12,0.040,restaurant,direct,Nürnberg,completed
5713,2026-07-04,5,94,22.09,0.085,supermarket,wholesale,Hof,completed
5714,2026-07-04,1,37,22.99,0.070,supermarket,direct,Bayreuth,completed
5715,2026-07-04,2,35,25.24,0.035,bar,wholesale,Bayreuth,completed
5716,2026-07-04,2,65,24.57,0.050,bar,wholesale,Marktredwitz,completed
5717,2026-07-04,1,141,22.72,0.085,supermarket,wholesale,Bayreuth,completed
5718,2026-07-04,7,155,31.86,0.150,beverage_wholesaler,wholesale,Marktredwitz,cancelled
5719,2026-07-05,5,86,22.22,0.095,supermarket,wholesale,Bamberg,completed
5720,2026-07-05,1,12,22.59,0.030,restaurant,wholesale,Bayreuth,completed
5721,2026-07-05,1,28,22.61,0.065,supermarket,direct,Hof,completed
5722,2026-07-05,4,113,22.24,0.085,supermarket,wholesale,Bayreuth,completed
5723,2026-07-05,1,39,23.18,0.040,restaurant,wholesale,Bayreuth,completed
5724,2026-07-05,3,41,23.58,0.060,event_catering,wholesale,Bayreuth,completed
5725,2026-07-05,2,30,24.55,0.040,bar,direct,Coburg,completed
5726,2026-07-05,1,57,22.82,0.055,event_catering,direct,Marktredwitz,completed
5727,2026-07-05,6,42,24.32,0.050,bar,wholesale,Bayreuth,completed
5728,2026-07-05,8,66,24.33,0.070,supermarket,wholesale,Coburg,completed
5729,2026-07-05,2,80,24.67,0.085,supermarket,wholesale,Bayreuth,completed
5730,2026-07-05,2,83,24.60,0.085,supermarket,wholesale,Bayreuth,completed
5731,2026-07-05,2,12,25.04,0.030,restaurant,direct,Marktredwitz,completed
5732,2026-07-05,9,18,26.14,0.030,restaurant,wholesale,Marktredwitz,completed
5733,2026-07-05,5,75,22.02,0.120,beverage_wholesaler,wholesale,Kulmbach,completed
5734,2026-07-05,3,122,24.20,0.095,supermarket,wholesale,Bamberg,completed
5735,2026-07-05,2,55,25.17,0.070,event_catering,direct,Hof,completed
5736,2026-07-05,8,64,24.16,0.030,restaurant,direct,Coburg,completed
5737,2026-07-05,1,85,22.77,0.070,event_catering,direct,Nürnberg,completed
5738,2026-07-05,5,111,22.04,0.085,supermarket,wholesale,Bayreuth,completed
5739,2026-07-05,1,30,22.80,0.035,bar,wholesale,Marktredwitz,completed
5740,2026-07-05,4,55,22.34,0.080,supermarket,wholesale,Bayreuth,completed
5741,2026-07-05,8,100,24.03,0.085,supermarket,wholesale,Bayreuth,completed
5742,2026-07-05,5,134,21.97,0.145,beverage_wholesaler,wholesale,Nürnberg,returned
5743,2026-07-05,2,64,24.54,0.115,beverage_wholesaler,wholesale,Marktredwitz,completed
5744,2026-07-06,1,93,22.95,0.095,supermarket,wholesale,Hof,completed
5745,2026-07-06,3,207,23.84,0.150,beverage_wholesaler,wholesale,Nürnberg,completed
5746,2026-07-06,4,46,22.74,0.070,supermarket,wholesale,Bamberg,completed
5747,2026-07-06,6,196,24.56,0.150,beverage_wholesaler,wholesale,Hof,returned
5748,2026-07-06,6,87,24.74,0.135,beverage_wholesaler,wholesale,Nürnberg,completed
5749,2026-07-06,8,42,24.44,0.070,supermarket,wholesale,Kulmbach,completed
5750,2026-07-06,1,25,23.00,0.040,restaurant,direct,Bayreuth,completed
5751,2026-07-06,1,106,22.68,0.085,supermarket,wholesale,Bamberg,completed
5752,2026-07-06,2,113,24.85,0.075,event_catering,wholesale,Nürnberg,completed
5753,2026-07-06,7,100,31.50,0.130,beverage_wholesaler,wholesale,Coburg,completed
5754,2026-07-06,2,77,25.26,0.070,supermarket,wholesale,Nürnberg,completed
5755,2026-07-06,1,24,22.60,0.030,restaurant,direct,Nürnberg,completed
5756,2026-07-06,2,161,25.02,0.145,beverage_wholesaler,wholesale,Coburg,completed
5757,2026-07-06,2,12,24.79,0.040,restaurant,wholesale,Bayreuth,completed
5758,2026-07-06,7,24,32.12,0.030,restaurant,direct,Bayreuth,completed
5759,2026-07-06,5,233,21.59,0.145,beverage_wholesaler,wholesale,Bayreuth,completed
5760,2026-07-06,8,37,23.92,0.030,restaurant,direct,Nürnberg,completed
5761,2026-07-07,7,22,31.48,0.050,bar,direct,Nürnberg,completed
5762,2026-07-07,6,113,24.48,0.135,beverage_wholesaler,direct,Kulmbach,completed
5763,2026-07-07,8,178,24.09,0.150,beverage_wholesaler,wholesale,Kulmbach,completed
5764,2026-07-07,2,39,25.16,0.055,event_catering,direct,Nürnberg,completed
5765,2026-07-07,9,22,26.28,0.040,bar,direct,Bamberg,completed
5766,2026-07-07,5,71,21.88,0.080,supermarket,wholesale,Kulmbach,completed
5767,2026-07-07,3,264,24.15,0.150,beverage_wholesaler,wholesale,Kulmbach,completed
5768,2026-07-07,6,21,24.30,0.030,restaurant,direct,Bayreuth,completed
5769,2026-07-07,8,78,24.51,0.080,supermarket,wholesale,Kulmbach,completed
5770,2026-07-07,4,125,22.38,0.145,beverage_wholesaler,wholesale,Coburg,completed
5771,2026-07-07,2,39,24.74,0.060,event_catering,direct,Bayreuth,completed
5772,2026-07-07,2,69,24.93,0.040,bar,direct,Bamberg,completed
5773,2026-07-07,5,304,22.16,0.150,beverage_wholesaler,wholesale,Coburg,completed
5774,2026-07-07,4,90,22.52,0.085,supermarket,wholesale,Bamberg,completed
5775,2026-07-07,3,25,23.72,0.040,bar,wholesale,Coburg,cancelled
5776,2026-07-07,4,122,22.69,0.080,supermarket,wholesale,Bamberg,completed
5777,2026-07-07,8,104,23.87,0.135,beverage_wholesaler,wholesale,Bayreuth,completed
5778,2026-07-07,2,22,24.83,0.030,restaurant,direct,Bamberg,completed
5779,2026-07-07,1,37,23.12,0.040,bar,wholesale,Coburg,completed
5780,2026-07-07,6,139,24.33,0.130,beverage_wholesaler,wholesale,Bamberg,completed
5781,2026-07-08,1,85,22.59,0.085,supermarket,wholesale,Bayreuth,completed
5782,2026-07-08,7,66,31.54,0.080,supermarket,wholesale,Coburg,completed
5783,2026-07-08,1,16,22.91,0.025,restaurant,direct,Coburg,completed
5784,2026-07-08,1,98,23.11,0.085,supermarket,direct,Coburg,completed
5785,2026-07-08,6,27,24.66,0.030,restaurant,direct,Nürnberg,completed
5786,2026-07-08,4,28,22.47,0.025,restaurant,direct,Hof,completed
5787,2026-07-08,8,41,23.92,0.040,bar,wholesale,Nürnberg,completed
5788,2026-07-08,4,65,22.20,0.065,supermarket,wholesale,Bayreuth,completed
5789,2026-07-08,4,32,22.22,0.035,bar,wholesale,Nürnberg,completed
5790,2026-07-08,8,251,23.89,0.160,beverage_wholesaler,wholesale,Hof,completed
5791,2026-07-08,5,45,22.20,0.040,restaurant,wholesale,Bamberg,completed
5792,2026-07-08,7,55,31.72,0.040,bar,direct,Marktredwitz,completed
5793,2026-07-08,12,59,26.54,0.070,supermarket,wholesale,Kulmbach,completed
5794,2026-07-08,6,26,24.75,0.040,bar,direct,Bamberg,completed
5795,2026-07-08,2,46,24.94,0.070,supermarket,wholesale,Hof,completed
5796,2026-07-08,1,25,22.96,0.035,bar,direct,Bamberg,completed
5797,2026-07-08,9,8,25.75,0.030,restaurant,direct,Bayreuth,completed
5798,2026-07-08,2,72,25.21,0.070,supermarket,wholesale,Bayreuth,completed
5799,2026-07-08,2,46,24.83,0.060,event_catering,direct,Hof,completed
5800,2026-07-09,2,82,24.65,0.075,event_catering,direct,Bamberg,completed
5801,2026-07-09,2,113,25.10,0.085,supermarket,wholesale,Bamberg,completed
5802,2026-07-09,6,26,24.34,0.035,bar,direct,Hof,completed
5803,2026-07-09,4,60,22.81,0.070,supermarket,wholesale,Bayreuth,completed
5804,2026-07-09,11,55,23.53,0.070,event_catering,wholesale,Coburg,completed
5805,2026-07-09,1,47,22.62,0.080,supermarket,wholesale,Bayreuth,cancelled
5806,2026-07-09,2,182,24.81,0.145,beverage_wholesaler,wholesale,Kulmbach,completed
5807,2026-07-09,2,93,25.25,0.085,supermarket,wholesale,Coburg,completed
5808,2026-07-09,11,34,23.42,0.040,bar,direct,Marktredwitz,completed
5809,2026-07-09,4,26,22.30,0.030,restaurant,direct,Nürnberg,completed
5810,2026-07-09,5,131,21.61,0.080,supermarket,wholesale,Nürnberg,completed
5811,2026-07-09,6,25,24.74,0.040,restaurant,wholesale,Hof,completed
5812,2026-07-09,4,66,22.47,0.040,restaurant,direct,Coburg,completed
5813,2026-07-09,5,162,21.59,0.150,beverage_wholesaler,wholesale,Nürnberg,completed
5814,2026-07-09,4,94,22.25,0.130,beverage_wholesaler,wholesale,Marktredwitz,completed
5815,2026-07-09,3,50,24.13,0.040,bar,wholesale,Kulmbach,completed
5816,2026-07-09,1,32,22.93,0.040,restaurant,direct,Kulmbach,completed
5817,2026-07-09,1,107,23.22,0.085,supermarket,wholesale,Bamberg,completed
5818,2026-07-09,8,23,24.43,0.030,restaurant,direct,Nürnberg,completed
5819,2026-07-09,11,97,23.19,0.135,beverage_wholesaler,wholesale,Nürnberg,completed
5820,2026-07-09,9,33,26.02,0.030,restaurant,wholesale,Bayreuth,completed
5821,2026-07-09,3,67,23.66,0.080,supermarket,direct,Bayreuth,completed
5822,2026-07-09,4,29,22.67,0.040,bar,direct,Bamberg,completed
5823,2026-07-09,6,115,24.38,0.145,beverage_wholesaler,wholesale,Marktredwitz,completed
5824,2026-07-09,4,56,22.72,0.060,event_catering,direct,Marktredwitz,completed
5825,2026-07-09,6,200,24.66,0.150,beverage_wholesaler,direct,Hof,completed
5826,2026-07-09,8,52,24.10,0.030,restaurant,direct,Hof,completed
5827,2026-07-09,2,38,24.94,0.025,restaurant,wholesale,Nürnberg,completed
5828,2026-07-09,3,74,23.74,0.070,supermarket,wholesale,Nürnberg,completed
5829,2026-07-09,2,81,25.20,0.130,beverage_wholesaler,wholesale,Kulmbach,completed
5830,2026-07-09,2,24,25.03,0.040,restaurant,direct,Nürnberg,completed
5831,2026-07-09,8,79,24.54,0.070,supermarket,direct,Coburg,completed
5832,2026-07-09,3,24,23.72,0.040,restaurant,direct,Coburg,completed
5833,2026-07-09,3,75,24.13,0.070,supermarket,wholesale,Bamberg,completed
5834,2026-07-09,2,59,24.78,0.070,supermarket,wholesale,Nürnberg,completed
5835,2026-07-09,7,95,31.50,0.085,supermarket,wholesale,Bayreuth,completed
5836,2026-07-10,9,128,25.75,0.095,supermarket,direct,Hof,completed
5837,2026-07-10,6,324,24.85,0.100,supermarket,direct,Nürnberg,completed
5838,2026-07-10,4,45,22.41,0.050,bar,wholesale,Nürnberg,completed
5839,2026-07-10,6,48,24.17,0.070,supermarket,wholesale,Coburg,completed
5840,2026-07-10,8,132,24.50,0.145,beverage_wholesaler,wholesale,Hof,cancelled
5841,2026-07-10,3,55,23.75,0.040,restaurant,direct,Nürnberg,completed
5842,2026-07-10,2,57,25.11,0.050,bar,direct,Bamberg,completed
5843,2026-07-10,1,94,22.56,0.095,supermarket,wholesale,Bamberg,completed
5844,2026-07-10,4,238,22.78,0.150,beverage_wholesaler,wholesale,Coburg,completed
5845,2026-07-10,1,35,23.00,0.035,bar,direct,Bamberg,completed
5846,2026-07-10,2,48,25.18,0.025,restaurant,direct,Nürnberg,completed
5847,2026-07-10,7,47,31.59,0.035,bar,wholesale,Bamberg,completed
5848,2026-07-10,12,87,26.89,0.080,supermarket,wholesale,Bayreuth,completed
5849,2026-07-10,6,69,24.75,0.080,supermarket,direct,Kulmbach,completed
5850,2026-07-10,12,82,26.61,0.085,supermarket,wholesale,Bayreuth,completed
5851,2026-07-10,4,211,22.17,0.150,beverage_wholesaler,wholesale,Bayreuth,completed
5852,2026-07-10,12,15,26.97,0.030,restaurant,direct,Hof,completed
5853,2026-07-10,2,164,25.08,0.150,beverage_wholesaler,wholesale,Bayreuth,completed
5854,2026-07-10,1,40,22.71,0.050,bar,direct,Hof,completed
5855,2026-07-10,9,76,25.92,0.070,supermarket,wholesale,Bayreuth,completed
5856,2026-07-10,8,150,23.91,0.095,supermarket,wholesale,Bayreuth,completed
5857,2026-07-10,2,76,24.73,0.070,supermarket,wholesale,Bamberg,completed
5858,2026-07-10,6,24,24.22,0.030,restaurant,wholesale,Kulmbach,completed
5859,2026-07-10,3,46,24.06,0.030,restaurant,direct,Coburg,completed
5860,2026-07-10,4,28,22.53,0.030,restaurant,direct,Marktredwitz,completed
5861,2026-07-10,9,229,26.06,0.150,beverage_wholesaler,wholesale,Marktredwitz,completed
5862,2026-07-10,1,25,22.88,0.035,bar,direct,Marktredwitz,completed
5863,2026-07-11,2,36,25.03,0.050,bar,direct,Kulmbach,returned
5864,2026-07-11,3,45,23.89,0.030,restaurant,direct,Bamberg,completed
5865,2026-07-11,3,141,24.00,0.145,beverage_wholesaler,wholesale,Marktredwitz,cancelled
5866,2026-07-11,7,151,32.19,0.150,beverage_wholesaler,wholesale,Bayreuth,completed
5867,2026-07-11,2,28,25.00,0.030,restaurant,direct,Bayreuth,completed
5868,2026-07-11,2,41,24.98,0.035,bar,direct,Bayreuth,completed
5869,2026-07-11,4,167,22.21,0.150,beverage_wholesaler,wholesale,Coburg,completed
5870,2026-07-11,3,244,23.64,0.160,beverage_wholesaler,wholesale,Bayreuth,completed
5871,2026-07-11,7,31,31.50,0.030,restaurant,direct,Coburg,returned
5872,2026-07-11,8,159,24.41,0.150,beverage_wholesaler,wholesale,Coburg,completed
5873,2026-07-11,7,96,31.43,0.085,supermarket,wholesale,Bamberg,completed
5874,2026-07-11,5,93,21.73,0.065,bar,wholesale,Bamberg,completed
5875,2026-07-11,2,22,25.25,0.030,restaurant,direct,Bayreuth,completed
5876,2026-07-11,2,81,24.55,0.085,event_catering,direct,Bayreuth,completed
5877,2026-07-11,1,47,23.05,0.050,bar,wholesale,Coburg,completed
5878,2026-07-11,2,94,24.96,0.085,supermarket,direct,Bayreuth,completed
5879,2026-07-11,6,36,24.71,0.060,event_catering,direct,Bayreuth,completed
5880,2026-07-11,2,249,24.86,0.150,beverage_wholesaler,wholesale,Bamberg,completed
5881,2026-07-11,3,155,24.00,0.095,supermarket,wholesale,Bayreuth,completed
5882,2026-07-11,2,34,25.18,0.040,restaurant,direct,Bamberg,completed
5883,2026-07-11,9,23,25.76,0.030,restaurant,direct,Bayreuth,completed
5884,2026-07-11,2,51,25.13,0.040,bar,direct,Bayreuth,completed
5885,2026-07-11,3,27,24.00,0.040,bar,direct,Marktredwitz,completed
5886,2026-07-11,3,69,23.99,0.060,event_catering,direct,Nürnberg,completed
5887,2026-07-11,6,110,24.14,0.095,supermarket,wholesale,Bamberg,completed
5888,2026-07-11,4,97,22.80,0.075,event_catering,direct,Bayreuth,completed
5889,2026-07-11,2,98,24.98,0.135,beverage_wholesaler,wholesale,Bamberg,completed
5890,2026-07-11,6,255,24.46,0.145,beverage_wholesaler,wholesale,Bayreuth,completed
5891,2026-07-11,1,30,22.61,0.040,bar,direct,Nürnberg,completed
5892,2026-07-11,2,28,25.12,0.050,bar,direct,Bamberg,completed
5893,2026-07-11,9,108,25.97,0.095,supermarket,direct,Bayreuth,completed
5894,2026-07-11,1,17,23.00,0.030,restaurant,direct,Marktredwitz,completed
5895,2026-07-12,5,88,21.63,0.075,event_catering,direct,Marktredwitz,completed
5896,2026-07-12,4,37,22.39,0.065,supermarket,wholesale,Bamberg,completed
5897,2026-07-12,5,66,21.71,0.055,event_catering,direct,Nürnberg,completed
5898,2026-07-12,1,34,23.03,0.025,restaurant,wholesale,Bayreuth,completed
5899,2026-07-12,6,41,24.82,0.025,restaurant,direct,Coburg,returned
5900,2026-07-12,1,140,22.96,0.135,beverage_wholesaler,wholesale,Marktredwitz,completed
5901,2026-07-12,4,91,22.73,0.135,beverage_wholesaler,wholesale,Bayreuth,completed
5902,2026-07-12,9,55,25.74,0.080,supermarket,wholesale,Nürnberg,completed
5903,2026-07-12,999,42,24.26,0.060,event_catering,direct,Bamberg,completed
5904,2026-07-12,1,107,23.07,0.080,supermarket,wholesale,Coburg,completed
5905,2026-07-12,1,48,23.20,0.065,supermarket,wholesale,Hof,completed
5906,2026-07-12,4,66,22.58,0.120,beverage_wholesaler,wholesale,Marktredwitz,completed
5907,2026-07-12,11,40,23.60,0.070,supermarket,wholesale,Bayreuth,completed
5908,2026-07-12,12,58,26.56,0.130,beverage_wholesaler,wholesale,Bayreuth,completed
5909,2026-07-12,6,53,24.65,0.070,supermarket,wholesale,Kulmbach,completed
5910,2026-07-12,5,114,22.00,0.135,beverage_wholesaler,wholesale,Nürnberg,completed
5911,2026-07-12,1,15,22.97,0.030,restaurant,direct,Marktredwitz,completed
5912,2026-07-12,5,38,22.08,0.050,bar,direct,Coburg,completed
5913,2026-07-12,8,31,24.00,0.040,restaurant,direct,Bayreuth,completed
5914,2026-07-12,9,29,26.28,0.040,bar,direct,Kulmbach,completed
5915,2026-07-13,10,86,32.93,0.080,supermarket,wholesale,Bayreuth,cancelled
5916,2026-07-13,1,91,23.16,0.085,supermarket,wholesale,Marktredwitz,completed
5917,2026-07-13,1,85,23.05,0.085,supermarket,wholesale,Nürnberg,completed
5918,2026-07-13,5,152,21.78,0.100,supermarket,wholesale,Nürnberg,completed
5919,2026-07-13,5,32,21.58,0.040,bar,direct,Marktredwitz,completed
5920,2026-07-13,6,45,24.51,0.030,restaurant,direct,Hof,completed
5921,2026-07-13,11,213,23.31,0.145,beverage_wholesaler,wholesale,Nürnberg,completed
5922,2026-07-13,8,31,24.54,0.040,bar,wholesale,Kulmbach,completed
5923,2026-07-13,11,23,23.48,0.030,restaurant,direct,Coburg,completed
5924,2026-07-13,2,72,25.03,0.070,supermarket,wholesale,Marktredwitz,completed
5925,2026-07-13,2,123,24.94,0.135,beverage_wholesaler,wholesale,Nürnberg,completed
5926,2026-07-13,10,115,32.76,0.085,supermarket,wholesale,Coburg,completed
5927,2026-07-13,7,193,32.20,0.150,beverage_wholesaler,wholesale,Bayreuth,completed
5928,2026-07-13,11,56,23.84,0.070,supermarket,wholesale,Nürnberg,completed
5929,2026-07-13,2,127,24.57,0.130,beverage_wholesaler,wholesale,Bayreuth,completed
5930,2026-07-13,8,19,24.25,0.030,restaurant,direct,Coburg,completed
5931,2026-07-13,1,33,23.17,0.040,bar,direct,Kulmbach,completed
5932,2026-07-13,2,29,25.10,0.035,bar,direct,Coburg,completed
5933,2026-07-13,9,64,26.05,0.060,event_catering,direct,Bayreuth,completed
5934,2026-07-13,8,80,24.19,0.135,beverage_wholesaler,wholesale,Coburg,completed
5935,2026-07-13,5,64,21.92,0.030,restaurant,direct,Hof,completed
5936,2026-07-13,2,151,24.67,0.110,supermarket,direct,Marktredwitz,completed
5937,2026-07-13,2,39,24.83,0.040,bar,direct,Nürnberg,completed
5938,2026-07-13,2,81,25.22,0.075,event_catering,direct,Bayreuth,completed
5939,2026-07-14,2,171,25.05,0.160,beverage_wholesaler,wholesale,Nürnberg,completed
5940,2026-07-14,1,50,22.69,0.030,restaurant,wholesale,Kulmbach,completed
5941,2026-07-14,7,193,32.04,0.150,beverage_wholesaler,wholesale,Coburg,cancelled
5942,2026-07-14,7,136,32.19,0.135,beverage_wholesaler,wholesale,Marktredwitz,completed
5943,2026-07-14,3,188,23.87,0.110,supermarket,wholesale,Marktredwitz,completed
5944,2026-07-14,12,64,26.82,0.060,event_catering,direct,Bamberg,completed
5945,2026-07-14,2,35,24.56,0.040,restaurant,wholesale,Hof,completed
5946,2026-07-14,12,80,26.60,0.075,event_catering,direct,Coburg,completed
5947,2026-07-14,8,108,24.41,0.085,supermarket,wholesale,Bayreuth,completed
5948,2026-07-14,5,69,21.84,0.055,event_catering,direct,Nürnberg,completed
5949,2026-07-14,2,149,24.88,0.135,beverage_wholesaler,wholesale,Bayreuth,completed
5950,2026-07-14,4,71,22.52,0.070,supermarket,wholesale,Marktredwitz,completed
5951,2026-07-14,9,285,26.27,0.150,beverage_wholesaler,wholesale,Hof,completed
5952,2026-07-14,12,90,27.21,0.095,supermarket,wholesale,Bayreuth,completed
5953,2026-07-14,2,108,24.88,0.085,supermarket,wholesale,Coburg,completed
5954,2026-07-14,7,32,31.64,0.050,bar,direct,Nürnberg,completed
5955,2026-07-14,12,136,26.85,0.145,beverage_wholesaler,wholesale,Kulmbach,completed
5956,2026-07-14,5,39,21.73,0.030,restaurant,wholesale,Bayreuth,completed
5957,2026-07-14,6,12,24.45,0.040,restaurant,direct,Hof,completed
5958,2026-07-14,1,68,22.71,0.070,supermarket,wholesale,Bamberg,completed
5959,2026-07-14,6,62,24.58,0.040,bar,direct,Hof,completed
5960,2026-07-14,1,156,23.10,0.150,beverage_wholesaler,wholesale,Coburg,completed
5961,2026-07-14,3,37,24.23,0.030,restaurant,wholesale,Bamberg,completed
5962,2026-07-14,2,61,25.27,0.070,supermarket,wholesale,Bayreuth,completed
5963,2026-07-14,3,53,24.19,0.030,restaurant,wholesale,Bayreuth,completed
5964,2026-07-14,9,46,25.97,0.040,bar,wholesale,Bayreuth,cancelled
5965,2026-07-14,1,72,23.07,0.070,supermarket,wholesale,Coburg,completed
5966,2026-07-15,8,84,24.42,0.080,supermarket,wholesale,Nürnberg,completed
5967,2026-07-15,1,123,22.76,0.135,beverage_wholesaler,wholesale,Nürnberg,completed
5968,2026-07-15,3,19,24.19,0.030,restaurant,wholesale,Marktredwitz,completed
5969,2026-07-15,1,62,23.17,0.070,supermarket,direct,Bamberg,completed
5970,2026-07-15,6,46,24.41,0.025,restaurant,direct,Kulmbach,completed
5971,2026-07-15,9,180,26.15,0.100,supermarket,wholesale,Marktredwitz,completed
5972,2026-07-15,1,35,22.74,0.040,bar,wholesale,Bayreuth,completed
5973,2026-07-15,5,68,21.60,0.070,supermarket,direct,Nürnberg,completed
5974,2026-07-15,6,36,24.60,0.030,restaurant,direct,Hof,completed
5975,2026-07-15,1,21,22.66,0.030,restaurant,direct,Bayreuth,completed
5976,2026-07-15,2,30,24.84,0.040,bar,direct,Marktredwitz,completed
5977,2026-07-15,1,272,22.91,0.150,beverage_wholesaler,wholesale,Coburg,completed
5978,2026-07-15,1,13,23.05,0.030,restaurant,wholesale,Bayreuth,completed
5979,2026-07-15,5,110,22.05,0.085,supermarket,wholesale,Coburg,completed
5980,2026-07-15,1,170,22.79,0.150,beverage_wholesaler,direct,Coburg,completed
5981,2026-07-15,8,188,24.47,0.150,beverage_wholesaler,wholesale,Marktredwitz,completed
5982,2026-07-15,2,55,24.83,0.065,supermarket,wholesale,Bayreuth,completed
5983,2026-07-15,3,44,24.05,0.025,restaurant,wholesale,Nürnberg,completed
5984,2026-07-15,8,40,23.86,0.070,event_catering,direct,Bamberg,completed
5985,2026-07-15,8,32,24.29,0.070,supermarket,direct,Kulmbach,completed
5986,2026-07-16,4,34,22.48,0.050,bar,direct,Nürnberg,completed
5987,2026-07-16,9,15,25.83,0.040,restaurant,wholesale,Kulmbach,completed
5988,2026-07-16,2,118,24.99,0.135,beverage_wholesaler,direct,Bayreuth,completed
5989,2026-07-16,1,94,23.09,0.130,beverage_wholesaler,wholesale,Nürnberg,completed
5990,2026-07-16,3,219,24.06,0.150,beverage_wholesaler,wholesale,Coburg,completed
5991,2026-07-16,2,30,24.70,0.030,restaurant,direct,Kulmbach,completed
5992,2026-07-16,3,42,24.20,0.035,bar,direct,Marktredwitz,completed
5993,2026-07-16,4,180,22.66,0.085,event_catering,direct,Bayreuth,completed
5994,2026-07-16,3,111,24.21,0.135,beverage_wholesaler,direct,Bamberg,completed
5995,2026-07-16,7,92,32.20,0.135,beverage_wholesaler,wholesale,Bayreuth,completed
5996,2026-07-16,2,106,24.81,0.145,beverage_wholesaler,wholesale,Bayreuth,completed
5997,2026-07-16,5,227,21.90,0.100,supermarket,wholesale,Kulmbach,completed
5998,2026-07-16,10,48,33.20,0.070,supermarket,wholesale,Nürnberg,completed
5999,2026-07-16,3,93,23.79,0.135,beverage_wholesaler,wholesale,Nürnberg,completed
6000,2026-07-16,2,85,24.83,0.085,supermarket,wholesale,Kulmbach,cancelled
6001,2026-07-16,1,185,22.75,0.150,beverage_wholesaler,wholesale,Bayreuth,completed
6002,2026-07-16,6,72,24.65,0.070,supermarket,direct,Kulmbach,completed
6003,2026-07-16,1,338,23.19,0.145,beverage_wholesaler,wholesale,Bayreuth,completed
6004,2026-07-16,1,84,23.15,0.085,supermarket,wholesale,Bayreuth,completed
6005,2026-07-16,2,48,24.92,0.025,restaurant,direct,Bayreuth,completed
6006,2026-07-16,2,98,24.81,0.085,supermarket,wholesale,Bayreuth,completed
6007,2026-07-16,1,53,23.09,0.065,supermarket,wholesale,Nürnberg,completed
6008,2026-07-16,7,22,31.72,0.030,restaurant,direct,Bayreuth,completed
6009,2026-07-16,1,24,22.81,0.030,restaurant,wholesale,Nürnberg,completed
6010,2026-07-17,6,85,24.54,0.050,bar,wholesale,Bayreuth,completed
6011,2026-07-17,1,121,23.00,0.085,supermarket,direct,Bamberg,completed
6012,2026-07-17,7,51,32.04,0.060,event_catering,direct,Kulmbach,cancelled
6013,2026-07-17,3,36,23.86,0.030,restaurant,direct,Nürnberg,completed
6014,2026-07-17,8,126,24.49,0.080,supermarket,wholesale,Nürnberg,completed
6015,2026-07-17,2,50,24.68,0.040,bar,direct,Nürnberg,completed
6016,2026-07-17,3,160,23.72,0.145,beverage_wholesaler,wholesale,Bayreuth,completed
6017,2026-07-17,6,35,24.79,0.040,bar,direct,Kulmbach,completed
6018,2026-07-17,6,126,24.29,0.075,event_catering,direct,Nürnberg,completed
6019,2026-07-17,5,51,21.79,0.055,event_catering,direct,Bayreuth,completed
6020,2026-07-17,8,225,24.42,0.150,beverage_wholesaler,wholesale,Bayreuth,completed
6021,2026-07-17,2,264,25.23,0.150,beverage_wholesaler,wholesale,Bayreuth,completed
6022,2026-07-17,5,24,21.91,0.025,restaurant,direct,Nürnberg,completed
6023,2026-07-17,11,21,23.85,0.030,restaurant,direct,Bamberg,completed
6024,2026-07-17,5,288,22.16,0.150,beverage_wholesaler,wholesale,Coburg,completed
6025,2026-07-17,8,31,24.07,0.030,restaurant,direct,Hof,completed
6026,2026-07-17,8,62,24.55,0.055,event_catering,direct,Bayreuth,completed
6027,2026-07-17,6,86,24.80,0.080,supermarket,wholesale,Bayreuth,completed
6028,2026-07-17,1,90,23.01,0.085,supermarket,wholesale,Bamberg,completed
6029,2026-07-17,3,68,23.57,0.070,supermarket,wholesale,Bamberg,completed
6030,2026-07-17,9,30,25.57,0.030,restaurant,direct,Marktredwitz,completed
6031,2026-07-17,3,159,23.65,0.100,supermarket,wholesale,Bayreuth,completed
6032,2026-07-17,9,41,25.88,0.035,bar,wholesale,Nürnberg,completed
6033,2026-07-17,3,45,23.86,0.040,restaurant,direct,Bayreuth,completed
6034,2026-07-18,1,57,23.02,0.060,event_catering,direct,Bayreuth,completed
6035,2026-07-18,7,36,31.97,0.040,bar,direct,Coburg,completed
6036,2026-07-18,6,195,24.56,0.100,supermarket,wholesale,Kulmbach,completed
6037,2026-07-18,6,105,24.83,0.085,supermarket,wholesale,Kulmbach,completed
6038,2026-07-18,,87,22.17,0.055,bar,direct,Nürnberg,completed
6039,2026-07-18,5,389,21.60,0.160,beverage_wholesaler,direct,Bayreuth,completed
6040,2026-07-18,11,43,23.69,0.065,supermarket,wholesale,Marktredwitz,completed
6041,2026-07-18,1,50,22.88,0.040,restaurant,wholesale,Coburg,completed
6042,2026-07-18,6,41,24.23,0.050,bar,direct,Kulmbach,completed
6043,2026-07-18,9,96,25.93,0.075,event_catering,direct,Bamberg,completed
6044,2026-07-18,5,61,21.63,0.070,supermarket,wholesale,Nürnberg,completed
6045,2026-07-18,12,45,27.14,0.040,restaurant,direct,Bamberg,completed
6046,2026-07-18,2,57,24.65,0.030,restaurant,direct,Marktredwitz,completed
6047,2026-07-18,2,154,24.69,0.100,supermarket,wholesale,Bamberg,completed
6048,2026-07-18,5,29,22.19,0.025,restaurant,direct,Bayreuth,completed
6049,2026-07-18,2,64,24.83,0.030,restaurant,direct,Bayreuth,completed
6050,2026-07-18,8,25,24.37,0.030,restaurant,direct,Bayreuth,completed
6051,2026-07-18,12,109,26.79,0.135,beverage_wholesaler,wholesale,Marktredwitz,completed
6052,2026-07-18,8,68,24.46,0.030,restaurant,direct,Kulmbach,completed
6053,2026-07-18,2,110,24.99,0.135,beverage_wholesaler,wholesale,Bayreuth,completed
6054,2026-07-18,5,295,21.99,0.150,beverage_wholesaler,wholesale,Bayreuth,completed
6055,2026-07-18,5,154,22.09,0.100,supermarket,wholesale,Nürnberg,completed
6056,2026-07-18,5,48,21.84,0.030,restaurant,direct,Bayreuth,completed
6057,2026-07-18,8,40,24.56,0.030,restaurant,wholesale,Coburg,completed
6058,2026-07-18,3,31,23.66,0.030,restaurant,direct,Bamberg,completed
6059,2026-07-18,2,29,25.09,0.030,restaurant,direct,Bayreuth,completed
6060,2026-07-18,4,114,22.48,0.135,beverage_wholesaler,wholesale,Nürnberg,completed
6061,2026-07-19,3,31,23.77,0.030,restaurant,direct,Coburg,completed
6062,2026-07-19,6,43,24.40,0.030,restaurant,wholesale,Nürnberg,completed
6063,2026-07-19,2,28,25.08,0.040,bar,direct,Bamberg,completed
6064,2026-07-19,11,72,23.65,0.070,supermarket,wholesale,Bayreuth,cancelled
6065,2026-07-19,8,18,24.09,0.030,restaurant,direct,Nürnberg,completed
6066,2026-07-19,2,25,24.62,0.030,restaurant,wholesale,Hof,completed
6067,2026-07-19,5,71,21.88,0.035,bar,wholesale,Bayreuth,completed
6068,2026-07-19,4,36,22.76,0.040,bar,direct,Coburg,completed
6069,2026-07-19,6,46,24.48,0.040,restaurant,wholesale,Nürnberg,completed
6070,2026-07-20,4,43,22.26,0.040,bar,direct,Bamberg,completed
6071,2026-07-20,4,42,22.56,0.035,bar,direct,Bayreuth,completed
6072,2026-07-20,5,36,21.97,0.030,restaurant,direct,Marktredwitz,completed
6073,2026-07-20,1,50,22.87,0.040,bar,direct,Bayreuth,completed
6074,2026-07-20,5,34,21.76,0.030,restaurant,direct,Bamberg,completed
6075,2026-07-20,11,54,23.64,0.025,restaurant,direct,Nürnberg,completed
6076,2026-07-20,2,215,25.15,0.150,beverage_wholesaler,wholesale,Nürnberg,completed
6077,2026-07-20,8,108,24.00,0.135,beverage_wholesaler,wholesale,Kulmbach,completed
6078,2026-07-20,5,237,22.21,0.145,beverage_wholesaler,wholesale,Nürnberg,completed
6079,2026-07-20,4,282,22.20,0.160,beverage_wholesaler,wholesale,Bamberg,cancelled
6080,2026-07-20,9,72,25.54,0.130,beverage_wholesaler,wholesale,Marktredwitz,completed
6081,2026-07-20,8,46,24.36,0.040,bar,direct,Bamberg,completed
6082,2026-07-20,7,40,31.63,0.070,supermarket,wholesale,Bamberg,completed
6083,2026-07-20,1,31,23.03,0.040,restaurant,wholesale,Nürnberg,completed
6084,2026-07-20,2,40,25.07,0.050,bar,direct,Nürnberg,completed
6085,2026-07-20,12,27,26.90,0.040,bar,wholesale,Bayreuth,completed
6086,2026-07-20,5,104,21.61,0.095,supermarket,wholesale,Bayreuth,completed
6087,2026-07-20,4,87,22.63,0.135,beverage_wholesaler,wholesale,Kulmbach,completed
6088,2026-07-20,4,44,22.40,0.070,supermarket,wholesale,Coburg,completed
6089,2026-07-21,4,81,22.53,0.085,supermarket,wholesale,Bayreuth,completed
6090,2026-07-21,6,67,24.27,0.030,restaurant,wholesale,Bayreuth,completed
6091,2026-07-21,1,83,23.08,0.085,supermarket,wholesale,Nürnberg,completed
6092,2026-07-21,4,46,22.60,0.035,bar,direct,Coburg,completed
6093,2026-07-21,9,18,25.66,0.030,restaurant,direct,Bayreuth,completed
6094,2026-07-21,6,94,24.83,0.085,supermarket,wholesale,Marktredwitz,completed
6095,2026-07-21,2,37,24.77,0.030,restaurant,direct,Marktredwitz,completed
6096,2026-07-21,5,219,21.62,0.145,beverage_wholesaler,wholesale,Bayreuth,completed
6097,2026-07-21,1,30,22.76,0.050,bar,wholesale,Nürnberg,completed
6098,2026-07-21,3,70,24.12,0.070,supermarket,wholesale,Bayreuth,completed
6099,2026-07-21,1,19,22.63,0.025,restaurant,direct,Coburg,completed
6100,2026-07-21,2,93,24.95,0.080,supermarket,wholesale,Bamberg,completed
6101,2026-07-21,1,64,23.19,0.040,bar,direct,Bamberg,completed
6102,2026-07-21,5,25,22.16,0.025,restaurant,direct,Bamberg,completed
6103,2026-07-21,2,24,25.27,0.030,restaurant,direct,Bayreuth,completed
6104,2026-07-21,8,30,24.24,0.030,restaurant,direct,Bayreuth,completed
6105,2026-07-21,2,107,24.65,0.095,supermarket,direct,Nürnberg,completed
6106,2026-07-21,11,91,23.66,0.085,supermarket,wholesale,Hof,completed
6107,2026-07-21,12,55,26.50,0.070,supermarket,wholesale,Nürnberg,completed
6108,2026-07-21,8,19,24.18,0.040,bar,wholesale,Bayreuth,completed
6109,2026-07-21,3,102,24.14,0.135,beverage_wholesaler,wholesale,Bayreuth,completed
6110,2026-07-21,5,92,21.98,0.085,supermarket,wholesale,Kulmbach,completed
6111,2026-07-22,1,34,22.77,0.030,restaurant,direct,Hof,completed
6112,2026-07-22,6,75,24.48,0.040,bar,direct,Bayreuth,completed
6113,2026-07-22,1,63,22.93,0.055,event_catering,wholesale,Kulmbach,completed
6114,2026-07-22,11,28,23.81,0.030,restaurant,wholesale,Bamberg,completed
6115,2026-07-22,11,17,23.70,0.040,restaurant,direct,Bayreuth,completed
6116,2026-07-22,1,25,22.88,0.030,restaurant,direct,Bayreuth,completed
6117,2026-07-22,2,50,24.75,0.070,supermarket,wholesale,Marktredwitz,completed
6118,2026-07-22,1,18,23.02,0.025,restaurant,direct,Bayreuth,completed
6119,2026-07-22,1,32,22.77,0.040,restaurant,direct,Nürnberg,completed
6120,2026-07-22,1,32,23.19,0.030,restaurant,direct,Coburg,completed
6121,2026-07-22,12,28,26.61,0.040,restaurant,direct,Nürnberg,completed
6122,2026-07-22,5,87,21.74,0.080,supermarket,wholesale,Nürnberg,completed
6123,2026-07-22,1,33,22.80,0.050,bar,direct,Nürnberg,completed
6124,2026-07-22,3,39,23.63,0.025,restaurant,direct,Bayreuth,completed
6125,2026-07-22,12,52,26.64,0.040,bar,direct,Bayreuth,completed
6126,2026-07-22,11,86,23.62,0.075,event_catering,direct,Nürnberg,completed
6127,2026-07-22,11,142,23.50,0.080,supermarket,wholesale,Kulmbach,completed
6128,2026-07-22,7,60,31.95,0.070,supermarket,wholesale,Bayreuth,completed
6129,2026-07-22,3,96,23.58,0.085,supermarket,wholesale,Nürnberg,completed
6130,2026-07-22,1,237,22.65,0.145,beverage_wholesaler,wholesale,Kulmbach,completed
6131,2026-07-22,2,68,25.12,0.070,supermarket,wholesale,Kulmbach,completed
6132,2026-07-22,2,55,24.55,0.040,bar,direct,Bamberg,completed
6133,2026-07-22,5,56,21.73,0.040,bar,direct,Bayreuth,completed
6134,2026-07-22,9,60,26.21,0.080,supermarket,wholesale,Bayreuth,completed
6135,2026-07-22,1,79,23.10,0.080,supermarket,direct,Nürnberg,completed
6136,2026-07-22,5,131,21.59,0.135,beverage_wholesaler,wholesale,Bayreuth,completed
6137,2026-07-22,3,172,23.88,0.160,beverage_wholesaler,wholesale,Hof,completed
6138,2026-07-23,5,120,21.78,0.075,event_catering,direct,Bamberg,completed
6139,2026-07-23,4,112,22.68,0.145,beverage_wholesaler,wholesale,Nürnberg,completed
6140,2026-07-23,5,39,22.19,0.030,restaurant,direct,Kulmbach,completed
6141,2026-07-23,6,47,24.56,0.030,restaurant,direct,Bayreuth,completed
6142,2026-07-23,4,39,22.21,0.040,bar,direct,Bayreuth,completed
6143,2026-07-23,3,37,24.17,0.040,restaurant,wholesale,Kulmbach,completed
6144,2026-07-23,1,44,23.16,0.025,restaurant,wholesale,Coburg,completed
6145,2026-07-23,1,71,22.73,0.080,supermarket,wholesale,Bayreuth,completed
6146,2026-07-23,1,47,23.19,0.050,bar,direct,Bamberg,completed
6147,2026-07-23,3,29,24.22,0.030,restaurant,direct,Nürnberg,completed
6148,2026-07-23,2,49,24.74,0.080,supermarket,wholesale,Marktredwitz,completed
6149,2026-07-23,8,39,24.47,0.040,bar,direct,Bayreuth,completed
6150,2026-07-23,9,13,25.99,0.025,restaurant,direct,Bayreuth,completed
6151,2026-07-23,8,49,24.37,0.080,supermarket,wholesale,Bamberg,returned
6152,2026-07-23,6,30,24.37,0.030,restaurant,direct,Kulmbach,completed
6153,2026-07-23,1,175,22.59,0.100,supermarket,wholesale,Bayreuth,completed
6154,2026-07-23,4,32,22.22,0.035,bar,direct,Bamberg,completed
6155,2026-07-23,11,32,23.31,0.040,bar,direct,Bayreuth,completed
6156,2026-07-23,5,39,21.90,0.035,bar,direct,Bayreuth,completed
6157,2026-07-23,2,114,24.82,0.135,beverage_wholesaler,wholesale,Marktredwitz,completed
6158,2026-07-23,6,36,24.20,0.030,restaurant,direct,Coburg,completed
6159,2026-07-23,2,103,24.62,0.070,event_catering,direct,Hof,completed
6160,2026-07-23,6,73,24.29,0.065,supermarket,wholesale,Bayreuth,completed
6161,2026-07-23,1,71,23.02,0.040,bar,wholesale,Hof,completed
6162,2026-07-23,1,44,22.61,0.120,beverage_wholesaler,wholesale,Bayreuth,completed
6163,2026-07-23,7,79,31.64,0.130,beverage_wholesaler,wholesale,Bayreuth,completed
6164,2026-07-23,7,77,31.75,0.070,supermarket,wholesale,Bamberg,completed
6165,2026-07-23,2,80,24.79,0.085,supermarket,wholesale,Bamberg,completed
6166,2026-07-23,3,26,23.98,0.030,restaurant,wholesale,Coburg,completed
6167,2026-07-23,4,35,22.71,0.040,bar,wholesale,Bayreuth,completed
6168,2026-07-23,2,46,25.01,0.070,supermarket,wholesale,Bayreuth,completed
6169,2026-07-24,8,52,24.33,0.060,event_catering,wholesale,Bamberg,completed
6170,2026-07-24,6,22,24.42,0.030,restaurant,direct,Bayreuth,completed
6171,2026-07-24,1,30,23.15,0.030,restaurant,direct,Bamberg,completed
6172,2026-07-24,3,18,24.11,0.030,restaurant,wholesale,Nürnberg,completed
6173,2026-07-24,1,40,22.74,0.025,restaurant,direct,Marktredwitz,completed
6174,2026-07-24,5,28,22.08,0.030,restaurant,direct,Kulmbach,completed
6175,2026-07-24,9,26,25.77,0.040,bar,direct,Nürnberg,completed
6176,2026-07-24,9,96,26.02,0.080,supermarket,wholesale,Bayreuth,completed
6177,2026-07-24,5,51,21.82,0.035,bar,wholesale,Hof,completed
6178,2026-07-24,8,76,24.37,0.070,supermarket,wholesale,Nürnberg,completed
6179,2026-07-24,4,124,22.52,0.085,supermarket,wholesale,Marktredwitz,completed
6180,2026-07-24,9,173,26.23,0.150,beverage_wholesaler,wholesale,Marktredwitz,completed
6181,2026-07-24,6,151,24.25,0.150,beverage_wholesaler,wholesale,Bayreuth,completed
6182,2026-07-24,8,74,24.22,0.065,supermarket,wholesale,Kulmbach,completed
6183,2026-07-24,6,16,24.26,0.025,restaurant,wholesale,Coburg,completed
6184,2026-07-24,1,139,22.67,0.080,supermarket,wholesale,Nürnberg,completed
6185,2026-07-24,6,157,24.31,0.095,supermarket,wholesale,Nürnberg,completed
6186,2026-07-24,9,31,26.07,0.030,restaurant,direct,Bamberg,completed
6187,2026-07-24,2,123,24.82,0.085,supermarket,wholesale,Hof,completed
6188,2026-07-24,5,142,21.72,0.085,supermarket,wholesale,Nürnberg,completed
6189,2026-07-24,3,75,23.72,0.070,supermarket,wholesale,Kulmbach,completed
6190,2026-07-25,8,208,24.29,0.100,supermarket,direct,Nürnberg,cancelled
6191,2026-07-25,1,125,22.82,0.085,supermarket,wholesale,Bayreuth,completed
6192,2026-07-25,5,33,22.18,0.025,restaurant,direct,Bayreuth,completed
6193,2026-07-25,1,281,22.95,0.145,beverage_wholesaler,wholesale,Coburg,completed
6194,2026-07-25,4,104,22.55,0.135,beverage_wholesaler,wholesale,Coburg,completed
6195,2026-07-25,2,26,24.95,0.040,bar,wholesale,Kulmbach,completed
6196,2026-07-25,3,58,23.98,0.065,supermarket,wholesale,Hof,completed
6197,2026-07-25,2,51,24.97,0.065,supermarket,direct,Hof,completed
6198,2026-07-25,1,44,22.83,0.040,bar,direct,Nürnberg,completed
6199,2026-07-25,1,81,23.14,0.085,supermarket,wholesale,Kulmbach,cancelled
6200,2026-07-25,1,211,22.93,0.150,beverage_wholesaler,wholesale,Bamberg,completed
6201,2026-07-25,4,118,22.23,0.085,supermarket,wholesale,Bayreuth,completed
6202,2026-07-25,9,174,26.07,0.150,beverage_wholesaler,wholesale,Nürnberg,completed
6203,2026-07-25,6,84,24.37,0.135,beverage_wholesaler,wholesale,Bayreuth,completed
6204,2026-07-25,7,59,31.76,0.080,supermarket,direct,Coburg,completed
6205,2026-07-25,5,173,22.16,0.150,beverage_wholesaler,wholesale,Nürnberg,completed
6206,2026-07-25,2,66,25.08,0.055,event_catering,direct,Coburg,completed
6207,2026-07-25,3,35,23.80,0.040,bar,wholesale,Bamberg,completed
6208,2026-07-25,8,196,24.03,0.160,beverage_wholesaler,wholesale,Coburg,completed
6209,2026-07-25,5,77,22.07,0.050,bar,direct,Nürnberg,completed
6210,2026-07-25,6,79,24.71,0.070,supermarket,wholesale,Kulmbach,completed
6211,2026-07-25,4,193,22.49,0.095,supermarket,wholesale,Nürnberg,completed
6212,2026-07-26,1,44,22.67,0.030,restaurant,direct,Bayreuth,completed
6213,2026-07-26,2,20,25.02,0.040,restaurant,wholesale,Bamberg,completed
6214,2026-07-26,2,70,24.58,0.130,beverage_wholesaler,wholesale,Bamberg,completed
6215,2026-07-26,4,33,22.62,0.025,restaurant,direct,Marktredwitz,completed
6216,2026-07-26,3,24,23.66,0.030,restaurant,wholesale,Bamberg,completed
6217,2026-07-26,10,37,32.80,0.030,restaurant,direct,Marktredwitz,completed
6218,2026-07-26,5,116,22.02,0.135,beverage_wholesaler,wholesale,Kulmbach,completed
6219,2026-07-26,2,35,24.80,0.030,restaurant,wholesale,Nürnberg,completed
6220,2026-07-26,6,87,24.78,0.050,bar,wholesale,Coburg,completed
6221,2026-07-26,6,16,24.73,0.040,restaurant,direct,Bayreuth,completed
6222,2026-07-26,1,216,22.61,0.150,beverage_wholesaler,wholesale,Kulmbach,completed
6223,2026-07-26,5,154,21.79,0.150,beverage_wholesaler,wholesale,Marktredwitz,completed
6224,2026-07-26,3,142,24.25,0.135,beverage_wholesaler,wholesale,Marktredwitz,completed
6225,2026-07-26,5,42,22.19,0.050,bar,wholesale,Bayreuth,completed
6226,2026-07-26,2,66,24.76,0.120,beverage_wholesaler,wholesale,Nürnberg,completed
6227,2026-07-26,1,99,23.09,0.080,supermarket,wholesale,Kulmbach,completed
6228,2026-07-26,2,68,24.82,0.070,supermarket,wholesale,Hof,completed
6229,2026-07-26,9,162,26.00,0.145,beverage_wholesaler,wholesale,Bamberg,completed
6230,2026-07-27,2,55,25.17,0.065,supermarket,wholesale,Coburg,completed
6231,2026-07-27,2,50,25.26,0.040,bar,direct,Coburg,completed
6232,2026-07-27,6,32,24.56,0.030,restaurant,direct,Marktredwitz,completed
6233,2026-07-27,5,180,22.11,0.110,supermarket,wholesale,Marktredwitz,completed
6234,2026-07-27,9,40,25.62,0.030,restaurant,wholesale,Coburg,completed
6235,2026-07-27,5,38,21.79,0.030,restaurant,direct,Bamberg,completed
6236,2026-07-27,11,91,23.21,0.095,supermarket,wholesale,Kulmbach,completed
6237,2026-07-27,5,114,21.99,0.075,event_catering,direct,Bayreuth,completed
6238,2026-07-27,7,51,31.47,0.080,supermarket,wholesale,Bayreuth,completed
6239,2026-07-27,4,75,22.71,0.060,event_catering,direct,Hof,completed
6240,2026-07-27,2,40,25.09,0.030,restaurant,direct,Kulmbach,completed
6241,2026-07-27,7,104,31.66,0.085,event_catering,direct,Bayreuth,completed
6242,2026-07-27,2,224,24.89,0.160,beverage_wholesaler,wholesale,Bamberg,completed
6243,2026-07-27,6,145,24.69,0.145,beverage_wholesaler,wholesale,Bamberg,completed
6244,2026-07-27,4,177,22.29,0.150,beverage_wholesaler,wholesale,Bayreuth,completed
6245,2026-07-27,3,38,23.78,0.040,restaurant,direct,Bayreuth,completed
6246,2026-07-27,5,36,21.86,0.030,restaurant,wholesale,Nürnberg,completed
6247,2026-07-27,8,36,23.86,0.040,bar,direct,Hof,completed
6248,2026-07-27,2,25,24.70,0.025,restaurant,wholesale,Nürnberg,completed
6249,2026-07-27,1,37,22.60,0.030,restaurant,direct,Coburg,completed
6250,2026-07-27,5,201,21.82,0.100,supermarket,wholesale,Kulmbach,completed
6251,2026-07-27,3,93,23.89,0.095,supermarket,wholesale,Coburg,completed
6252,2026-07-27,1,45,22.98,0.070,supermarket,wholesale,Hof,completed
6253,2026-07-27,4,222,22.76,0.150,beverage_wholesaler,wholesale,Nürnberg,completed
6254,2026-07-27,8,51,24.16,0.070,supermarket,direct,Nürnberg,returned
6255,2026-07-27,4,141,22.71,0.130,beverage_wholesaler,wholesale,Nürnberg,cancelled
6256,2026-07-27,4,71,22.45,0.070,supermarket,wholesale,Coburg,completed
6257,2026-07-27,7,72,31.51,0.070,supermarket,wholesale,Coburg,completed
6258,2026-07-27,2,54,25.07,0.040,bar,direct,Bayreuth,completed
6259,2026-07-28,11,53,23.26,0.065,supermarket,wholesale,Bayreuth,completed
6260,2026-07-28,2,213,24.54,0.150,beverage_wholesaler,wholesale,Kulmbach,completed
6261,2026-07-28,9,37,25.94,0.040,bar,direct,Bayreuth,completed
6262,2026-07-28,3,54,23.85,0.030,restaurant,direct,Bayreuth,completed
6263,2026-07-28,5,62,22.02,0.030,restaurant,direct,Kulmbach,completed
6264,2026-07-28,4,57,22.65,0.030,restaurant,wholesale,Coburg,completed
6265,2026-07-28,2,48,24.86,0.070,supermarket,wholesale,Nürnberg,completed
6266,2026-07-28,5,30,21.99,0.040,bar,direct,Nürnberg,completed
6267,2026-07-28,2,73,25.14,0.065,supermarket,wholesale,Marktredwitz,completed
6268,2026-07-28,1,60,23.02,0.040,bar,wholesale,Bamberg,completed
6269,2026-07-28,3,74,23.63,0.130,beverage_wholesaler,direct,Hof,completed
6270,2026-07-28,8,75,23.88,0.060,event_catering,wholesale,Bamberg,completed
6271,2026-07-28,1,74,23.06,0.070,supermarket,wholesale,Bayreuth,completed
6272,2026-07-28,7,83,31.81,0.145,beverage_wholesaler,wholesale,Bamberg,completed
6273,2026-07-28,12,64,26.90,0.080,supermarket,wholesale,Bamberg,completed
6274,2026-07-28,9,118,25.94,0.135,beverage_wholesaler,direct,Bamberg,completed
6275,2026-07-28,9,46,25.87,0.040,bar,wholesale,Coburg,completed
6276,2026-07-28,7,24,32.24,0.030,restaurant,wholesale,Nürnberg,completed
6277,2026-07-28,1,118,22.76,0.080,supermarket,wholesale,Bamberg,completed
6278,2026-07-28,6,112,24.22,0.080,supermarket,wholesale,Bayreuth,completed
6279,2026-07-28,5,101,21.85,0.135,beverage_wholesaler,wholesale,Nürnberg,completed
6280,2026-07-28,5,127,21.57,0.080,supermarket,wholesale,Coburg,completed
6281,2026-07-28,6,74,24.80,0.130,beverage_wholesaler,wholesale,Bamberg,completed
6282,2026-07-28,5,43,22.22,0.050,bar,direct,Kulmbach,returned
6283,2026-07-28,2,56,24.70,0.065,supermarket,wholesale,Nürnberg,completed
6284,2026-07-28,2,160,25.14,0.150,beverage_wholesaler,wholesale,Kulmbach,completed
6285,2026-07-29,2,29,24.85,0.050,bar,wholesale,Kulmbach,returned
6286,2026-07-29,5,113,22.22,0.085,supermarket,wholesale,Kulmbach,completed
6287,2026-07-29,4,149,22.57,0.095,supermarket,wholesale,Bayreuth,completed
6288,2026-07-29,12,76,26.78,0.130,beverage_wholesaler,wholesale,Bayreuth,completed
6289,2026-07-29,4,56,22.75,0.070,supermarket,wholesale,Bayreuth,completed
6290,2026-07-29,1,183,22.70,0.150,beverage_wholesaler,wholesale,Bamberg,completed
6291,2026-07-29,2,30,25.19,0.025,restaurant,wholesale,Kulmbach,completed
6292,2026-07-29,3,80,23.64,0.145,,wholesale,Bayreuth,completed
6293,2026-07-29,5,57,22.02,0.035,bar,direct,Bayreuth,completed
6294,2026-07-29,1,50,22.98,0.050,bar,direct,Marktredwitz,completed
6295,2026-07-29,6,70,24.14,0.070,supermarket,wholesale,Hof,completed
6296,2026-07-29,2,108,24.59,0.075,event_catering,direct,Bamberg,cancelled
6297,2026-07-29,1,74,22.84,0.040,bar,direct,Kulmbach,completed
6298,2026-07-29,4,166,22.29,0.150,beverage_wholesaler,wholesale,Marktredwitz,completed
6299,2026-07-29,8,200,24.55,0.160,beverage_wholesaler,wholesale,Hof,completed
6300,2026-07-29,7,44,31.43,0.030,restaurant,direct,Bamberg,completed
6301,2026-07-29,2,141,24.67,0.095,supermarket,wholesale,Bamberg,completed
6302,2026-07-29,2,75,25.14,0.070,supermarket,wholesale,Bayreuth,completed
6303,2026-07-30,10,86,32.63,0.075,event_catering,direct,Nürnberg,completed
6304,2026-07-30,2,184,24.66,0.150,beverage_wholesaler,wholesale,Bayreuth,completed
6305,2026-07-30,1,57,22.73,0.070,supermarket,wholesale,Bayreuth,completed
6306,2026-07-30,12,40,26.74,0.030,restaurant,wholesale,Bayreuth,completed
6307,2026-07-30,4,41,22.72,0.040,restaurant,direct,Nürnberg,completed
6308,2026-07-30,2,42,25.03,0.030,restaurant,direct,Marktredwitz,completed
6309,2026-07-30,6,87,24.28,0.085,supermarket,wholesale,Hof,completed
6310,2026-07-30,4,16,22.23,0.030,restaurant,wholesale,Kulmbach,completed
6311,2026-07-30,6,55,24.85,0.040,bar,wholesale,Hof,completed
6312,2026-07-30,7,63,32.19,0.070,supermarket,wholesale,Bayreuth,completed
6313,2026-07-30,10,67,33.34,0.070,supermarket,wholesale,Bayreuth,completed
6314,2026-07-30,5,132,21.57,0.085,supermarket,wholesale,Bayreuth,completed
6315,2026-07-30,12,100,26.78,0.095,supermarket,wholesale,Nürnberg,completed
6316,2026-07-30,3,119,24.01,0.080,supermarket,wholesale,Kulmbach,completed
6317,2026-07-30,2,40,24.74,0.025,restaurant,direct,Coburg,completed
6318,2026-07-30,2,40,25.19,0.030,restaurant,direct,Kulmbach,completed
6319,2026-07-30,3,65,23.68,0.115,beverage_wholesaler,wholesale,Nürnberg,completed
6320,2026-07-30,1,45,22.59,0.070,supermarket,wholesale,Nürnberg,completed
6321,2026-07-30,1,44,22.74,0.040,bar,direct,Nürnberg,completed
6322,2026-07-31,4,271,22.20,0.150,beverage_wholesaler,wholesale,Bayreuth,completed
6323,2026-07-31,5,65,21.68,0.040,bar,direct,Bayreuth,completed
6324,2026-07-31,4,174,22.52,0.150,beverage_wholesaler,wholesale,Nürnberg,completed
6325,2026-07-31,7,136,31.90,0.085,supermarket,wholesale,Nürnberg,completed
6326,2026-07-31,6,28,24.43,0.040,bar,wholesale,Bayreuth,completed
6327,2026-07-31,8,75,24.03,0.080,supermarket,wholesale,Nürnberg,completed
6328,2026-07-31,11,34,23.41,0.025,restaurant,direct,Coburg,completed
6329,2026-07-31,4,128,22.58,0.135,beverage_wholesaler,wholesale,Nürnberg,completed
6330,2026-07-31,6,61,24.38,0.030,restaurant,direct,Nürnberg,completed
6331,2026-07-31,1,96,23.21,0.075,event_catering,direct,Coburg,completed
6332,2026-07-31,4,36,22.82,0.040,bar,direct,Bamberg,completed
6333,2026-07-31,10,115,32.98,0.085,supermarket,direct,Kulmbach,completed
6334,2026-07-31,2,51,24.90,0.040,bar,direct,Bayreuth,completed
6335,2026-07-31,5,115,22.05,0.085,supermarket,wholesale,Kulmbach,completed
6336,2026-07-31,2,42,25.03,0.030,restaurant,direct,Bamberg,completed
6337,2026-07-31,11,91,23.35,0.135,beverage_wholesaler,wholesale,Coburg,completed
6338,2026-07-31,8,25,24.04,0.040,bar,wholesale,Nürnberg,completed
6339,2026-07-31,1,111,22.68,0.080,supermarket,wholesale,Marktredwitz,completed
6340,2026-07-31,2,31,24.68,0.030,restaurant,direct,Hof,completed
6341,2026-07-31,4,128,22.43,0.080,supermarket,wholesale,Bamberg,completed
6342,2026-07-31,2,146,25.05,0.095,supermarket,wholesale,Bamberg,completed
6343,2026-07-31,1,32,23.13,0.025,restaurant,direct,Hof,completed
6344,2026-07-31,4,203,22.21,0.160,beverage_wholesaler,wholesale,Hof,completed
6345,2026-07-31,4,32,22.80,0.030,restaurant,wholesale,Kulmbach,completed
6346,2026-07-31,5,381,21.84,0.145,beverage_wholesaler,wholesale,Bamberg,completed
6347,2026-08-01,6,39,24.39,0.030,restaurant,direct,Bamberg,completed
6348,2026-08-01,2,181,24.67,0.145,beverage_wholesaler,wholesale,Kulmbach,completed
6349,2026-08-01,12,56,26.51,0.040,restaurant,direct,Coburg,completed
6350,2026-08-01,4,27,22.23,0.025,restaurant,direct,Nürnberg,completed
6351,2026-08-01,2,24,25.24,0.040,restaurant,wholesale,Coburg,completed
6352,2026-08-01,6,72,24.34,0.060,event_catering,direct,Bayreuth,completed
6353,2026-08-01,6,135,24.55,0.085,supermarket,direct,Bayreuth,completed
6354,2026-08-01,5,46,21.80,0.030,restaurant,wholesale,Hof,completed
6355,2026-08-01,8,182,24.49,0.100,supermarket,wholesale,Hof,cancelled
6356,2026-08-01,3,34,24.00,0.040,restaurant,direct,Bamberg,completed
6357,2026-08-01,3,216,23.91,0.150,beverage_wholesaler,direct,Kulmbach,completed
6358,2026-08-01,4,139,22.52,0.135,beverage_wholesaler,wholesale,Nürnberg,completed
6359,2026-08-01,7,17,31.76,0.030,restaurant,wholesale,Hof,completed
6360,2026-08-01,1,43,22.78,0.030,restaurant,wholesale,Marktredwitz,completed
6361,2026-08-01,7,233,31.69,0.150,beverage_wholesaler,wholesale,Bayreuth,completed
6362,2026-08-01,6,23,24.22,0.025,restaurant,direct,Bayreuth,completed
6363,2026-08-01,4,134,22.35,0.135,beverage_wholesaler,wholesale,Bayreuth,completed
6364,2026-08-01,4,27,22.36,0.030,restaurant,direct,Hof,completed
6365,2026-08-01,3,22,24.25,0.030,restaurant,wholesale,Bayreuth,completed
6366,2026-08-01,1,73,22.72,0.070,supermarket,direct,Nürnberg,completed
6367,2026-08-01,5,411,21.80,0.150,beverage_wholesaler,wholesale,Kulmbach,completed
6368,2026-08-01,12,30,26.99,0.040,restaurant,direct,Hof,completed
6369,2026-08-01,6,221,24.71,0.160,beverage_wholesaler,wholesale,Bayreuth,completed
6370,2026-08-02,5,27,22.15,0.040,bar,wholesale,Nürnberg,completed
6371,2026-08-02,2,68,25.03,0.060,event_catering,direct,Coburg,completed
6372,2026-08-02,12,33,26.53,0.050,bar,direct,Bayreuth,completed
6373,2026-08-02,1,40,22.68,0.030,restaurant,direct,Hof,completed
6374,2026-08-02,1,36,23.07,0.040,bar,direct,Bamberg,completed
6375,2026-08-02,5,76,21.98,0.070,event_catering,direct,Coburg,completed
6376,2026-08-02,4,138,22.25,0.145,beverage_wholesaler,wholesale,Bamberg,completed
6377,2026-08-02,2,30,24.82,0.040,bar,direct,Marktredwitz,completed
6378,2026-08-02,5,35,22.19,0.035,bar,wholesale,Bamberg,completed
6379,2026-08-02,7,32,32.30,0.040,restaurant,direct,Bamberg,completed
6380,2026-08-02,2,21,25.25,0.030,restaurant,wholesale,Nürnberg,completed
6381,2026-08-02,5,66,21.76,0.065,supermarket,wholesale,Bayreuth,completed
6382,2026-08-02,9,24,25.81,0.040,restaurant,direct,Coburg,completed
6383,2026-08-02,3,70,24.23,0.060,event_catering,direct,Bayreuth,completed
6384,2026-08-03,1,264,23.05,0.150,beverage_wholesaler,direct,Nürnberg,completed
6385,2026-08-03,6,200,24.36,0.150,beverage_wholesaler,wholesale,Kulmbach,completed
6386,2026-08-03,6,52,24.78,0.060,event_catering,wholesale,Nürnberg,completed
6387,2026-08-03,1,55,22.65,0.070,supermarket,wholesale,Bayreuth,completed
6388,2026-08-03,1,38,23.14,0.070,supermarket,wholesale,Kulmbach,completed
6389,2026-08-03,1,30,23.08,0.040,bar,direct,Hof,completed
6390,2026-08-03,4,201,22.77,0.150,beverage_wholesaler,wholesale,Nürnberg,completed
6391,2026-08-03,5,93,21.60,0.085,supermarket,wholesale,Bayreuth,cancelled
6392,2026-08-03,8,162,24.45,0.150,beverage_wholesaler,wholesale,Kulmbach,completed
6393,2026-08-03,7,100,32.36,0.145,beverage_wholesaler,wholesale,Marktredwitz,completed
6394,2026-08-03,5,60,21.88,0.030,restaurant,wholesale,Nürnberg,completed
6395,2026-08-03,5,38,21.88,0.030,restaurant,wholesale,Kulmbach,completed
6396,2026-08-03,2,29,24.79,0.030,restaurant,direct,Nürnberg,completed
6397,2026-08-03,1,48,23.19,0.040,bar,direct,Bayreuth,completed
6398,2026-08-03,1,116,23.21,0.135,beverage_wholesaler,wholesale,Bayreuth,completed
6399,2026-08-03,1,112,23.03,0.075,event_catering,direct,Kulmbach,completed
6400,2026-08-03,2,133,25.14,0.135,beverage_wholesaler,wholesale,Bayreuth,completed
6401,2026-08-03,4,166,22.78,0.145,beverage_wholesaler,wholesale,Bayreuth,completed
6402,2026-08-03,6,195,24.32,0.150,beverage_wholesaler,wholesale,Marktredwitz,completed
6403,2026-08-03,12,200,26.78,0.150,beverage_wholesaler,wholesale,Bayreuth,completed
6404,2026-08-03,4,34,22.54,0.040,restaurant,wholesale,Hof,completed
6405,2026-08-04,5,194,21.85,0.150,beverage_wholesaler,wholesale,Nürnberg,completed
6406,2026-08-04,1,66,22.67,0.070,supermarket,wholesale,Coburg,completed
6407,2026-08-04,7,150,32.18,0.160,beverage_wholesaler,direct,Bayreuth,completed
6408,2026-08-04,2,39,24.59,0.080,supermarket,wholesale,Nürnberg,completed
6409,2026-08-04,2,29,24.76,0.030,restaurant,wholesale,Nürnberg,completed
6410,2026-08-04,5,73,22.04,0.055,event_catering,direct,Nürnberg,completed
6411,2026-08-04,2,164,24.83,0.100,supermarket,wholesale,Kulmbach,completed
6412,2026-08-04,4,262,22.59,0.150,beverage_wholesaler,wholesale,Hof,completed
6413,2026-08-04,7,83,31.43,0.075,event_catering,wholesale,Bayreuth,completed
6414,2026-08-04,2,57,24.91,0.080,supermarket,wholesale,Kulmbach,completed
6415,2026-08-04,8,27,24.55,0.040,bar,direct,Bayreuth,completed
6416,2026-08-04,1,18,22.81,0.030,restaurant,direct,Bamberg,completed
6417,2026-08-04,5,61,21.77,0.025,restaurant,direct,Nürnberg,completed
6418,2026-08-04,4,36,22.36,0.040,bar,direct,Nürnberg,completed
6419,2026-08-04,9,16,26.20,0.035,bar,direct,Bayreuth,completed
6420,2026-08-04,1,83,22.74,0.085,supermarket,wholesale,Coburg,completed
6421,2026-08-04,4,64,22.20,0.040,bar,direct,Coburg,completed
6422,2026-08-04,10,319,33.27,0.160,beverage_wholesaler,wholesale,Bamberg,completed
6423,2026-08-04,5,62,21.60,0.065,supermarket,direct,Hof,completed
6424,2026-08-04,9,26,25.60,0.030,restaurant,direct,Kulmbach,completed
6425,2026-08-05,12,60,26.51,0.040,restaurant,direct,Hof,completed
6426,2026-08-05,1,94,22.99,0.075,event_catering,direct,Bayreuth,completed
6427,2026-08-05,5,83,22.15,0.085,supermarket,wholesale,Bayreuth,completed
6428,2026-08-05,1,43,22.97,0.040,bar,direct,Bayreuth,completed
6429,2026-08-05,5,60,21.67,0.040,restaurant,direct,Bayreuth,completed
6430,2026-08-05,8,39,24.33,0.040,restaurant,direct,Bayreuth,completed
6431,2026-08-05,3,98,23.58,0.050,bar,wholesale,Nürnberg,completed
6432,2026-08-05,5,48,22.01,0.030,restaurant,direct,Bamberg,completed
6433,2026-08-05,3,23,23.99,0.050,bar,wholesale,Bamberg,completed
6434,2026-08-05,1,46,22.88,0.030,restaurant,direct,Coburg,completed
6435,2026-08-05,8,78,24.17,0.120,beverage_wholesaler,wholesale,Bamberg,completed
6436,2026-08-05,4,34,22.64,0.040,bar,wholesale,Nürnberg,completed
6437,2026-08-05,2,31,24.74,0.050,bar,wholesale,Nürnberg,completed
6438,2026-08-05,2,238,25.25,0.145,beverage_wholesaler,direct,Coburg,completed
6439,2026-08-05,4,93,22.38,0.085,supermarket,wholesale,Kulmbach,completed
6440,2026-08-05,11,67,23.83,0.070,supermarket,wholesale,Nürnberg,completed
6441,2026-08-05,1,37,22.62,0.040,bar,direct,Hof,completed
6442,2026-08-05,3,21,23.97,0.030,restaurant,direct,Nürnberg,completed
6443,2026-08-05,9,103,25.59,0.095,supermarket,wholesale,Coburg,completed
6444,2026-08-05,9,45,26.23,0.040,bar,direct,Bayreuth,completed
6445,2026-08-05,1,43,22.89,0.035,bar,direct,Bayreuth,completed
6446,2026-08-05,4,69,22.41,0.055,event_catering,direct,Bayreuth,completed
6447,2026-08-05,5,145,21.94,0.085,supermarket,wholesale,Bamberg,completed
6448,2026-08-05,1,78,22.73,0.065,supermarket,wholesale,Hof,completed
6449,2026-08-05,3,33,24.03,0.040,bar,direct,Nürnberg,completed
6450,2026-08-05,6,45,24.30,0.070,supermarket,wholesale,Bamberg,completed
6451,2026-08-05,1,38,22.71,0.040,restaurant,direct,Bamberg,completed
6452,2026-08-05,4,55,22.68,0.040,restaurant,direct,Nürnberg,completed
6453,2026-08-05,3,88,24.20,0.085,supermarket,wholesale,Marktredwitz,completed
6454,2026-08-06,4,13,22.80,0.050,bar,direct,Coburg,completed
6455,2026-08-06,2,77,25.21,0.040,bar,direct,Kulmbach,completed
6456,2026-08-06,5,92,21.71,0.085,event_catering,wholesale,Marktredwitz,completed
6457,2026-08-06,6,78,24.34,0.070,supermarket,wholesale,Bamberg,completed
6458,2026-08-06,5,79,21.69,0.060,event_catering,direct,Hof,completed
6459,2026-08-06,4,66,22.25,0.070,supermarket,wholesale,Nürnberg,completed
6460,2026-08-06,8,26,23.88,0.030,restaurant,direct,Marktredwitz,completed
6461,2026-08-06,4,28,22.59,0.040,bar,direct,Marktredwitz,completed
6462,2026-08-06,3,20,23.71,0.030,restaurant,wholesale,Hof,completed
6463,2026-08-06,8,50,24.24,0.040,restaurant,direct,Bayreuth,completed
6464,2026-08-06,7,46,31.57,0.070,supermarket,wholesale,Hof,completed
6465,2026-08-06,4,47,22.37,0.035,bar,direct,Kulmbach,completed
6466,2026-08-06,12,68,26.76,0.060,event_catering,direct,Kulmbach,completed
6467,2026-08-06,7,26,32.24,0.040,bar,direct,Nürnberg,completed
6468,2026-08-06,5,171,21.95,0.145,beverage_wholesaler,wholesale,Kulmbach,completed
6469,2026-08-06,10,41,32.91,0.040,bar,direct,Bayreuth,completed
6470,2026-08-06,4,77,22.80,0.065,supermarket,wholesale,Bayreuth,completed
6471,2026-08-06,4,226,22.80,0.150,beverage_wholesaler,wholesale,Bamberg,completed
6472,2026-08-06,4,122,22.45,0.075,event_catering,wholesale,Bayreuth,completed
6473,2026-08-06,1,49,22.82,0.040,bar,direct,Hof,completed
6474,2026-08-06,1,81,22.78,0.080,supermarket,direct,Marktredwitz,completed
6475,2026-08-06,11,39,23.32,0.050,bar,direct,Bayreuth,completed
6476,2026-08-06,5,203,22.17,0.160,beverage_wholesaler,wholesale,Bamberg,completed
6477,2026-08-06,5,100,21.99,0.080,supermarket,wholesale,Coburg,completed
6478,2026-08-06,7,134,32.28,0.135,beverage_wholesaler,wholesale,Bamberg,completed
6479,2026-08-06,2,23,24.78,0.030,restaurant,direct,Bayreuth,completed
6480,2026-08-06,2,78,24.93,0.070,supermarket,wholesale,Hof,completed
6481,2026-08-06,7,37,31.84,0.040,bar,direct,Bamberg,completed
6482,2026-08-06,5,46,22.09,0.040,restaurant,direct,Hof,completed
6483,2026-08-06,6,44,24.84,0.040,bar,direct,Bayreuth,completed
6484,2026-08-06,2,137,24.66,0.135,beverage_wholesaler,wholesale,Kulmbach,completed
6485,2026-08-06,2,48,25.04,0.040,bar,direct,Kulmbach,completed
6486,2026-08-07,1,57,22.82,0.120,beverage_wholesaler,wholesale,Bayreuth,completed
6487,2026-08-07,4,113,22.28,0.085,supermarket,wholesale,Hof,completed
6488,2026-08-07,2,24,25.17,0.040,restaurant,direct,Kulmbach,completed
6489,2026-08-07,3,132,23.58,0.095,supermarket,wholesale,Bamberg,completed
6490,2026-08-07,6,97,24.27,0.145,beverage_wholesaler,wholesale,Nürnberg,completed
6491,2026-08-07,1,19,23.23,0.030,restaurant,direct,Kulmbach,completed
6492,2026-08-07,2,67,24.89,0.070,supermarket,wholesale,Bayreuth,completed
6493,2026-08-07,5,39,22.19,0.040,bar,direct,Nürnberg,completed
6494,2026-08-07,1,73,23.15,0.070,supermarket,wholesale,Bayreuth,completed
6495,2026-08-07,8,87,24.34,0.095,supermarket,wholesale,Nürnberg,cancelled
6496,2026-08-07,11,38,23.41,0.035,bar,wholesale,Hof,completed
6497,2026-08-07,2,21,25.26,0.040,restaurant,direct,Bayreuth,completed
6498,2026-08-07,6,46,24.36,0.060,event_catering,direct,Hof,cancelled
6499,2026-08-07,2,62,25.02,0.120,beverage_wholesaler,wholesale,Nürnberg,completed
6500,2026-08-07,2,28,25.23,0.025,restaurant,direct,Nürnberg,completed
6501,2026-08-07,3,95,23.69,0.075,event_catering,wholesale,Bayreuth,completed
6502,2026-08-07,5,209,21.94,0.100,supermarket,direct,Coburg,completed
6503,2026-08-07,3,66,23.98,0.030,restaurant,direct,Bamberg,completed
6504,2026-08-07,6,41,24.27,0.040,restaurant,direct,Kulmbach,completed
6505,2026-08-07,2,57,24.92,0.050,bar,wholesale,Bayreuth,completed
6506,2026-08-07,5,165,21.95,0.150,beverage_wholesaler,wholesale,Hof,completed
6507,2026-08-07,6,105,24.17,0.085,supermarket,wholesale,Hof,completed
6508,2026-08-07,9,24,25.53,0.030,restaurant,direct,Coburg,returned
6509,2026-08-07,1,67,22.96,0.115,beverage_wholesaler,wholesale,Nürnberg,completed
6510,2026-08-07,5,55,22.05,0.040,restaurant,direct,Nürnberg,cancelled
6511,2026-08-07,5,354,21.62,0.150,beverage_wholesaler,wholesale,Bayreuth,completed
6512,2026-08-08,6,120,24.52,0.085,supermarket,wholesale,Nürnberg,completed
6513,2026-08-08,3,136,24.05,0.095,supermarket,wholesale,Nürnberg,completed
6514,2026-08-08,5,112,21.89,0.085,supermarket,wholesale,Nürnberg,completed
6515,2026-08-08,1,184,22.86,0.150,beverage_wholesaler,wholesale,Hof,completed
6516,2026-08-08,6,47,24.25,0.025,restaurant,direct,Bayreuth,completed
6517,2026-08-08,2,130,24.54,0.135,beverage_wholesaler,wholesale,Bayreuth,completed
6518,2026-08-08,2,41,25.25,0.040,restaurant,direct,Bamberg,completed
6519,2026-08-08,2,18,25.05,0.040,bar,direct,Kulmbach,cancelled
6520,2026-08-08,11,19,23.38,0.030,restaurant,wholesale,Bamberg,completed
6521,2026-08-08,7,166,32.26,0.100,supermarket,wholesale,Coburg,completed
6522,2026-08-08,2,81,24.56,0.070,event_catering,direct,Nürnberg,completed
6523,2026-08-08,5,188,22.12,0.150,beverage_wholesaler,wholesale,Coburg,completed
6524,2026-08-08,5,35,21.89,0.035,bar,wholesale,Nürnberg,completed
6525,2026-08-08,4,79,22.65,0.070,supermarket,wholesale,Coburg,completed
6526,2026-08-08,6,84,24.36,0.085,supermarket,wholesale,Bayreuth,completed
6527,2026-08-08,3,26,23.73,0.030,restaurant,direct,Bayreuth,completed
6528,2026-08-08,2,176,25.13,0.100,supermarket,wholesale,Nürnberg,completed
6529,2026-08-08,8,218,24.40,0.145,beverage_wholesaler,wholesale,Bamberg,completed
6530,2026-08-08,6,155,24.41,0.100,supermarket,wholesale,Nürnberg,completed
6531,2026-08-08,3,130,23.67,0.135,beverage_wholesaler,wholesale,Nürnberg,completed
6532,2026-08-08,3,17,23.91,0.025,restaurant,direct,Bamberg,completed
6533,2026-08-08,8,111,24.06,0.135,beverage_wholesaler,wholesale,Nürnberg,completed
6534,2026-08-08,3,193,23.83,0.150,beverage_wholesaler,wholesale,Bayreuth,completed
6535,2026-08-08,1,140,23.12,0.080,supermarket,wholesale,Bamberg,completed
6536,2026-08-08,4,55,22.58,0.070,supermarket,wholesale,Bayreuth,completed
6537,2026-08-08,8,32,24.54,0.030,restaurant,direct,Bamberg,completed
6538,2026-08-08,2,115,25.24,0.135,beverage_wholesaler,wholesale,Bamberg,completed
6539,2026-08-08,6,143,24.24,0.085,supermarket,direct,Bamberg,completed
6540,2026-08-08,1,78,22.88,0.060,event_catering,direct,Nürnberg,completed
6541,2026-08-08,5,57,21.99,0.040,bar,direct,Nürnberg,completed
6542,2026-08-08,3,24,23.68,0.030,restaurant,direct,Kulmbach,completed
6543,2026-08-08,6,218,24.76,0.150,beverage_wholesaler,wholesale,Nürnberg,completed
6544,2026-08-09,2,105,25.04,0.135,beverage_wholesaler,wholesale,Bayreuth,completed
6545,2026-08-09,8,18,24.18,0.040,restaurant,direct,Bamberg,completed
6546,2026-08-09,2,24,25.20,0.025,restaurant,direct,Coburg,completed
6547,2026-08-09,5,35,22.11,0.055,event_catering,direct,Coburg,completed
6548,2026-08-09,5,196,21.95,0.160,beverage_wholesaler,wholesale,Nürnberg,completed
6549,2026-08-09,5,48,22.19,0.040,bar,direct,Bayreuth,completed
6550,2026-08-09,2,208,24.80,0.145,beverage_wholesaler,wholesale,Coburg,completed
6551,2026-08-09,8,73,24.03,0.070,supermarket,wholesale,Bayreuth,completed
6552,2026-08-09,2,22,24.62,0.050,bar,direct,Nürnberg,completed
6553,2026-08-09,2,86,25.06,0.095,supermarket,wholesale,Nürnberg,completed
6554,2026-08-09,4,70,22.58,0.065,supermarket,wholesale,Bayreuth,completed
6555,2026-08-09,3,27,23.57,0.030,restaurant,direct,Bayreuth,completed
6556,2026-08-09,6,61,24.26,0.055,event_catering,wholesale,Hof,completed
6557,2026-08-09,3,168,23.59,0.145,beverage_wholesaler,wholesale,Bayreuth,completed
6558,2026-08-09,8,42,24.24,0.070,supermarket,wholesale,Nürnberg,completed
6559,2026-08-10,8,109,24.03,0.135,beverage_wholesaler,wholesale,Bamberg,completed
6560,2026-08-10,5,120,21.85,0.070,event_catering,direct,Bayreuth,completed
6561,2026-08-10,6,46,24.35,0.035,bar,direct,Bayreuth,completed
6562,2026-08-10,4,58,22.58,0.040,bar,wholesale,Bayreuth,completed
6563,2026-08-10,1,24,22.68,0.030,restaurant,direct,Bamberg,completed
6564,2026-08-10,4,243,22.30,0.145,beverage_wholesaler,wholesale,Hof,completed
6565,2026-08-10,8,19,24.21,0.040,bar,wholesale,Coburg,completed
6566,2026-08-10,11,23,23.75,0.040,restaurant,direct,Nürnberg,completed
6567,2026-08-10,1,51,22.90,0.030,restaurant,direct,Bayreuth,completed
6568,2026-08-10,3,26,23.96,0.025,restaurant,direct,Nürnberg,completed
6569,2026-08-10,1,147,22.98,0.135,beverage_wholesaler,wholesale,Bamberg,completed
6570,2026-08-10,2,62,25.24,0.070,supermarket,wholesale,Marktredwitz,completed
6571,2026-08-10,8,35,24.27,0.040,bar,direct,Nürnberg,completed
6572,2026-08-10,2,62,25.03,0.070,supermarket,direct,Marktredwitz,completed
6573,2026-08-10,8,22,24.46,0.030,restaurant,direct,Nürnberg,completed
6574,2026-08-10,9,79,25.88,0.070,supermarket,wholesale,Bayreuth,completed
6575,2026-08-10,2,29,25.13,0.050,bar,direct,Bayreuth,completed
6576,2026-08-11,2,27,24.66,0.040,bar,wholesale,Bamberg,completed
6577,2026-08-11,2,40,24.65,0.035,bar,wholesale,Marktredwitz,completed
6578,2026-08-11,1,19,23.06,0.030,restaurant,direct,Nürnberg,completed
6579,2026-08-11,6,37,24.65,0.050,bar,direct,Kulmbach,completed
6580,2026-08-11,3,66,23.84,0.070,supermarket,wholesale,Hof,completed
6581,2026-08-11,6,114,24.23,0.095,supermarket,wholesale,Nürnberg,completed
6582,2026-08-11,1,49,22.86,0.065,supermarket,wholesale,Kulmbach,completed
6583,2026-08-11,1,161,22.86,0.150,beverage_wholesaler,wholesale,Nürnberg,completed
6584,2026-08-11,8,93,23.97,0.080,supermarket,wholesale,Bamberg,completed
6585,2026-08-11,2,127,25.26,0.135,beverage_wholesaler,direct,Bayreuth,completed
6586,2026-08-11,9,98,25.67,0.080,supermarket,wholesale,Bayreuth,completed
6587,2026-08-11,7,262,31.88,0.150,beverage_wholesaler,wholesale,Kulmbach,completed
6588,2026-08-11,4,82,22.21,0.145,beverage_wholesaler,wholesale,Hof,completed
6589,2026-08-11,4,173,22.46,0.150,beverage_wholesaler,wholesale,Bamberg,completed
6590,2026-08-11,1,64,23.00,0.070,supermarket,wholesale,Bayreuth,completed
6591,2026-08-11,1,118,22.87,0.085,supermarket,wholesale,Bamberg,completed
6592,2026-08-11,2,134,25.08,0.145,beverage_wholesaler,wholesale,Bayreuth,completed
6593,2026-08-11,9,92,25.94,0.135,beverage_wholesaler,wholesale,Nürnberg,completed
6594,2026-08-11,3,24,23.69,0.040,bar,wholesale,Coburg,completed
6595,2026-08-11,2,76,25.13,0.080,supermarket,wholesale,Bayreuth,completed
6596,2026-08-11,6,83,24.64,0.085,supermarket,wholesale,Bamberg,completed
6597,2026-08-12,6,134,24.60,0.145,beverage_wholesaler,wholesale,Nürnberg,completed
6598,2026-08-12,1,58,22.97,0.070,supermarket,wholesale,Hof,completed
6599,2026-08-12,5,156,21.87,0.100,supermarket,direct,Bayreuth,completed
6600,2026-08-12,1,40,22.79,0.030,restaurant,direct,Bamberg,completed
6601,2026-08-12,5,103,21.67,0.145,beverage_wholesaler,wholesale,Nürnberg,completed
6602,2026-08-12,5,114,22.08,0.085,supermarket,wholesale,Bayreuth,completed
6603,2026-08-12,2,34,24.70,0.030,restaurant,direct,Bayreuth,completed
6604,2026-08-12,3,32,23.65,0.050,bar,wholesale,Hof,completed
6605,2026-08-12,1,134,23.13,0.135,beverage_wholesaler,wholesale,Marktredwitz,completed
6606,2026-08-12,3,24,24.26,0.030,restaurant,direct,Nürnberg,completed
6607,2026-08-12,5,204,21.69,0.110,supermarket,wholesale,Nürnberg,completed
6608,2026-08-12,2,30,24.68,0.040,restaurant,direct,Nürnberg,completed
6609,2026-08-12,3,11,24.06,0.030,restaurant,direct,Nürnberg,completed
6610,2026-08-12,1,47,22.78,0.065,supermarket,wholesale,Kulmbach,completed
6611,2026-08-12,5,81,22.02,0.080,supermarket,direct,Marktredwitz,completed
6612,2026-08-12,4,32,22.16,0.030,restaurant,direct,Nürnberg,completed
6613,2026-08-12,4,89,22.71,0.085,supermarket,wholesale,Bamberg,completed
6614,2026-08-13,2,34,25.11,0.055,event_catering,direct,Bayreuth,completed
6615,2026-08-13,4,106,22.21,0.135,beverage_wholesaler,wholesale,Bayreuth,completed
6616,2026-08-13,2,19,24.64,0.025,restaurant,wholesale,Bamberg,completed
6617,2026-08-13,4,65,22.36,0.030,restaurant,wholesale,Bayreuth,completed
6618,2026-08-13,4,69,22.49,0.070,supermarket,wholesale,Kulmbach,completed
6619,2026-08-13,8,78,24.37,0.065,supermarket,wholesale,Bayreuth,returned
6620,2026-08-13,10,33,32.70,0.040,bar,direct,Kulmbach,completed
6621,2026-08-13,1,234,22.78,0.150,beverage_wholesaler,wholesale,Coburg,completed
6622,2026-08-13,6,105,24.24,0.080,supermarket,wholesale,Bamberg,completed
6623,2026-08-13,1,112,23.21,0.130,beverage_wholesaler,wholesale,Nürnberg,returned
6624,2026-08-13,6,40,24.22,0.060,event_catering,direct,Nürnberg,completed
6625,2026-08-13,4,149,22.45,0.135,beverage_wholesaler,wholesale,Nürnberg,completed
6626,2026-08-13,1,34,22.78,0.040,bar,wholesale,Nürnberg,completed
6627,2026-08-13,11,146,23.82,0.135,beverage_wholesaler,direct,Nürnberg,completed
6628,2026-08-13,4,23,22.18,0.050,bar,direct,Nürnberg,completed
6629,2026-08-13,6,40,24.62,0.030,restaurant,direct,Marktredwitz,completed
6630,2026-08-13,1,39,23.20,0.040,bar,direct,Bamberg,completed
6631,2026-08-13,1,57,22.86,0.065,supermarket,wholesale,Nürnberg,completed
6632,2026-08-13,1,28,23.16,0.030,restaurant,direct,Bamberg,completed
6633,2026-08-13,3,42,24.09,0.070,supermarket,wholesale,Coburg,completed
6634,2026-08-13,4,27,22.80,0.030,restaurant,wholesale,Coburg,completed
6635,2026-08-13,1,32,22.72,0.040,bar,direct,Nürnberg,completed
6636,2026-08-13,5,171,21.86,0.150,beverage_wholesaler,wholesale,Bayreuth,cancelled
6637,2026-08-13,7,61,32.32,0.030,restaurant,direct,Hof,completed
6638,2026-08-13,5,102,21.61,0.080,supermarket,wholesale,Bamberg,completed
6639,2026-08-13,2,40,24.60,0.040,bar,direct,Nürnberg,completed
6640,2026-08-13,2,17,25.17,0.030,restaurant,direct,Bayreuth,completed
6641,2026-08-14,2,168,24.83,0.100,supermarket,wholesale,Nürnberg,returned
6642,2026-08-14,3,65,23.87,0.060,event_catering,direct,Marktredwitz,completed
6643,2026-08-14,5,193,21.76,0.145,beverage_wholesaler,wholesale,Bayreuth,completed
6644,2026-08-14,3,32,23.68,0.040,restaurant,wholesale,Nürnberg,completed
6645,2026-08-14,1,29,22.56,0.030,restaurant,direct,Bamberg,completed
6646,2026-08-14,2,53,24.65,0.035,bar,direct,Marktredwitz,completed
6647,2026-08-14,3,175,23.97,0.160,beverage_wholesaler,wholesale,Hof,completed
6648,2026-08-14,4,78,22.64,0.055,event_catering,wholesale,Bayreuth,completed
6649,2026-08-14,2,213,25.04,0.100,supermarket,direct,Kulmbach,completed
6650,2026-08-14,5,80,21.98,0.045,restaurant,direct,Bayreuth,completed
6651,2026-08-14,9,22,26.06,0.040,bar,direct,Bamberg,completed
6652,2026-08-14,3,18,24.16,0.030,restaurant,direct,Bamberg,completed
6653,2026-08-14,9,38,25.63,0.035,bar,wholesale,Kulmbach,completed
6654,2026-08-14,10,26,32.58,0.040,bar,wholesale,Nürnberg,completed
6655,2026-08-14,5,41,21.65,0.035,bar,direct,Nürnberg,completed
6656,2026-08-14,3,114,23.79,0.085,supermarket,wholesale,Bayreuth,completed
6657,2026-08-14,6,151,24.46,0.160,beverage_wholesaler,wholesale,Bamberg,returned
6658,2026-08-14,3,27,23.94,0.030,restaurant,direct,Kulmbach,completed
6659,2026-08-14,6,134,24.84,0.135,beverage_wholesaler,direct,Nürnberg,completed
6660,2026-08-14,9,25,25.81,0.030,restaurant,wholesale,Bayreuth,completed
6661,2026-08-14,11,67,23.38,0.070,supermarket,wholesale,Bayreuth,completed
6662,2026-08-14,12,100,26.82,0.135,beverage_wholesaler,wholesale,Bayreuth,cancelled
6663,2026-08-14,3,87,23.86,0.080,supermarket,wholesale,Bayreuth,completed
6664,2026-08-14,12,34,27.26,0.030,restaurant,direct,Bamberg,completed
6665,2026-08-14,1,27,23.18,0.035,bar,direct,Nürnberg,completed
6666,2026-08-14,1,66,23.11,0.040,bar,direct,Bayreuth,completed
6667,2026-08-14,2,89,24.59,0.085,supermarket,wholesale,Kulmbach,completed
6668,2026-08-14,5,70,22.00,0.060,event_catering,wholesale,Bayreuth,completed
6669,2026-08-14,8,64,24.22,0.070,supermarket,wholesale,Bamberg,completed
6670,2026-08-14,7,48,31.84,0.040,restaurant,direct,Bayreuth,completed
6671,2026-08-14,4,185,22.23,0.150,beverage_wholesaler,wholesale,Hof,returned
6672,2026-08-14,4,119,22.34,0.075,event_catering,direct,Nürnberg,completed
6673,2026-08-14,7,106,32.09,0.085,supermarket,wholesale,Bayreuth,completed
6674,2026-08-14,3,26,23.95,0.050,bar,direct,Bayreuth,completed
6675,2026-08-15,7,52,31.90,0.050,bar,direct,Nürnberg,completed
6676,2026-08-15,4,42,22.61,0.030,restaurant,wholesale,Marktredwitz,completed
6677,2026-08-15,7,187,31.71,0.100,supermarket,wholesale,Coburg,completed
6678,2026-08-15,3,130,23.71,0.080,supermarket,wholesale,Kulmbach,completed
6679,2026-08-15,9,146,26.00,0.085,supermarket,wholesale,Kulmbach,completed
6680,2026-08-15,4,60,22.37,0.025,restaurant,direct,Bayreuth,completed
6681,2026-08-15,2,36,24.98,0.050,bar,direct,Kulmbach,completed
6682,2026-08-15,5,56,22.04,0.025,restaurant,wholesale,Nürnberg,completed
6683,2026-08-15,4,52,22.68,0.070,supermarket,wholesale,Bamberg,completed
6684,2026-08-15,5,112,21.92,0.095,supermarket,wholesale,Coburg,completed
6685,2026-08-15,3,161,23.56,0.110,supermarket,direct,Bamberg,completed
6686,2026-08-15,1,85,22.84,0.135,beverage_wholesaler,wholesale,Coburg,completed
6687,2026-08-15,5,26,21.94,0.025,restaurant,direct,Bayreuth,completed
6688,2026-08-15,7,67,32.13,0.080,supermarket,wholesale,Nürnberg,completed
6689,2026-08-15,3,45,24.05,0.040,bar,direct,Bamberg,completed
6690,2026-08-15,5,32,21.98,0.030,restaurant,wholesale,Kulmbach,completed
6691,2026-08-15,9,28,25.84,0.030,restaurant,direct,Coburg,completed
6692,2026-08-15,6,157,24.47,0.150,beverage_wholesaler,wholesale,Hof,completed
6693,2026-08-15,9,23,26.08,0.030,restaurant,direct,Bamberg,completed
6694,2026-08-15,12,57,27.01,0.080,supermarket,wholesale,Nürnberg,completed
6695,2026-08-15,4,31,22.62,0.040,bar,direct,Nürnberg,completed
6696,2026-08-15,2,109,25.21,0.135,beverage_wholesaler,wholesale,Coburg,completed
6697,2026-08-15,6,138,24.60,0.085,supermarket,wholesale,Bayreuth,completed
6698,2026-08-15,4,30,22.68,0.030,restaurant,direct,Nürnberg,completed
6699,2026-08-15,1,24,22.98,0.035,bar,direct,Bamberg,completed
6700,2026-08-15,3,45,23.71,0.070,supermarket,wholesale,Marktredwitz,completed
6701,2026-08-15,3,54,24.01,0.030,restaurant,direct,Nürnberg,completed
6702,2026-08-15,5,87,21.66,0.080,supermarket,wholesale,Bayreuth,completed
6703,2026-08-16,1,20,22.75,0.050,bar,direct,Nürnberg,completed
6704,2026-08-16,1,56,22.69,0.070,supermarket,wholesale,Nürnberg,completed
6705,2026-08-16,1,24,23.18,0.030,restaurant,wholesale,Nürnberg,completed
6706,2026-08-16,1,120,22.86,0.135,beverage_wholesaler,wholesale,Marktredwitz,completed
6707,2026-08-16,1,80,23.13,0.085,supermarket,wholesale,Bamberg,completed
6708,2026-08-16,1,40,22.82,0.035,bar,direct,Nürnberg,completed
6709,2026-08-16,3,50,23.78,0.065,supermarket,wholesale,Bayreuth,completed
6710,2026-08-16,1,86,22.89,0.085,supermarket,wholesale,Nürnberg,completed
6711,2026-08-16,11,123,23.36,0.145,beverage_wholesaler,wholesale,Coburg,completed
6712,2026-08-16,12,56,27.02,0.040,bar,direct,Hof,completed
6713,2026-08-16,5,253,21.88,0.150,beverage_wholesaler,wholesale,Bayreuth,completed
6714,2026-08-16,7,31,32.37,0.025,restaurant,direct,Nürnberg,completed
6715,2026-08-16,6,232,24.66,0.150,beverage_wholesaler,wholesale,Bayreuth,completed
6716,2026-08-16,4,96,22.48,0.135,beverage_wholesaler,wholesale,Bayreuth,completed
6717,2026-08-16,5,97,22.08,0.145,beverage_wholesaler,wholesale,Bayreuth,completed
6718,2026-08-16,3,22,24.25,0.025,restaurant,direct,Nürnberg,completed
6719,2026-08-16,2,22,25.22,0.040,bar,direct,Bamberg,completed
6720,2026-08-16,5,32,21.76,0.040,restaurant,direct,Marktredwitz,completed
6721,2026-08-17,1,102,22.81,0.075,event_catering,wholesale,Kulmbach,completed
6722,2026-08-17,5,161,21.62,0.110,supermarket,wholesale,Coburg,completed
6723,2026-08-17,5,22,21.87,0.035,bar,direct,Bamberg,completed
6724,2026-08-17,1,34,22.70,0.030,restaurant,direct,Hof,completed
6725,2026-08-17,6,68,24.24,0.070,supermarket,wholesale,Bamberg,completed
6726,2026-08-17,4,30,22.79,0.040,restaurant,direct,Coburg,completed
6727,2026-08-17,9,44,26.24,0.070,supermarket,wholesale,Hof,completed
6728,2026-08-17,2,17,24.76,0.025,restaurant,direct,Bayreuth,completed
6729,2026-08-17,1,121,23.16,0.135,beverage_wholesaler,wholesale,Marktredwitz,completed
6730,2026-08-17,2,30,24.82,0.030,restaurant,direct,Hof,completed
6731,2026-08-17,3,129,23.71,0.135,beverage_wholesaler,wholesale,Kulmbach,completed
6732,2026-08-17,1,32,22.61,0.030,restaurant,direct,Kulmbach,completed
6733,2026-08-17,8,45,23.99,0.040,bar,direct,Nürnberg,completed
6734,2026-08-17,6,89,24.44,0.085,supermarket,wholesale,Marktredwitz,completed
6735,2026-08-17,9,110,25.86,0.130,beverage_wholesaler,wholesale,Hof,completed
6736,2026-08-17,1,156,22.61,0.150,beverage_wholesaler,wholesale,Bayreuth,completed
6737,2026-08-17,12,93,26.84,0.145,beverage_wholesaler,wholesale,Marktredwitz,cancelled
6738,2026-08-17,2,164,24.99,0.160,beverage_wholesaler,wholesale,Nürnberg,completed
6739,2026-08-17,5,30,21.80,0.030,restaurant,direct,Bamberg,completed
6740,2026-08-17,2,111,24.56,0.135,beverage_wholesaler,wholesale,Coburg,completed
6741,2026-08-17,4,24,22.74,0.040,bar,direct,Nürnberg,completed
6742,2026-08-18,4,24,22.72,0.030,restaurant,direct,Hof,completed
6743,2026-08-18,5,41,22.01,0.050,bar,direct,Bayreuth,completed
6744,2026-08-18,7,45,32.26,0.080,supermarket,wholesale,Bayreuth,completed
6745,2026-08-18,3,29,24.02,0.030,restaurant,direct,Bayreuth,completed
6746,2026-08-18,1,-20,22.60,0.135,beverage_wholesaler,wholesale,Bamberg,completed
6747,2026-08-18,3,107,23.98,0.085,event_catering,direct,Kulmbach,completed
6748,2026-08-18,8,180,24.07,0.150,beverage_wholesaler,wholesale,Bayreuth,completed
6749,2026-08-18,5,52,22.01,0.040,restaurant,direct,Nürnberg,completed
6750,2026-08-18,1,83,23.05,0.075,event_catering,direct,Hof,completed
6751,2026-08-18,7,33,31.59,0.050,bar,direct,Hof,completed
6752,2026-08-18,9,29,25.60,0.040,bar,wholesale,Coburg,completed
6753,2026-08-18,3,35,24.19,0.025,restaurant,direct,Kulmbach,completed
6754,2026-08-18,5,96,21.95,0.085,supermarket,wholesale,Bayreuth,completed
6755,2026-08-18,2,43,25.00,0.040,bar,wholesale,Coburg,returned
6756,2026-08-18,2,59,24.90,0.070,supermarket,wholesale,Bayreuth,completed
6757,2026-08-18,9,42,25.87,0.040,bar,direct,Kulmbach,completed
6758,2026-08-18,2,92,24.92,0.085,supermarket,wholesale,Hof,completed
6759,2026-08-18,1,43,23.04,0.065,supermarket,direct,Coburg,returned
6760,2026-08-18,1,40,22.68,0.035,bar,direct,Bamberg,completed
6761,2026-08-18,8,46,24.35,0.030,restaurant,direct,Coburg,completed
6762,2026-08-18,4,28,22.81,0.030,restaurant,wholesale,Bayreuth,completed
6763,2026-08-18,7,33,31.53,0.040,restaurant,wholesale,Bamberg,completed
6764,2026-08-18,5,23,22.21,0.030,restaurant,direct,Nürnberg,completed
6765,2026-08-19,12,82,27.04,0.135,beverage_wholesaler,wholesale,Nürnberg,completed
6766,2026-08-19,6,92,24.82,0.135,beverage_wholesaler,direct,Bayreuth,completed
6767,2026-08-19,8,133,24.18,0.130,beverage_wholesaler,wholesale,Coburg,completed
6768,2026-08-19,1,29,22.91,0.030,restaurant,direct,Bayreuth,completed
6769,2026-08-19,2,35,24.88,0.030,restaurant,direct,Bamberg,completed
6770,2026-08-19,12,74,26.78,0.080,supermarket,wholesale,Coburg,completed
6771,2026-08-19,5,214,21.66,0.150,beverage_wholesaler,wholesale,Bayreuth,completed
6772,2026-08-19,6,157,24.26,0.160,beverage_wholesaler,wholesale,Nürnberg,completed
6773,2026-08-19,8,82,24.51,0.080,supermarket,wholesale,Kulmbach,completed
6774,2026-08-19,2,81,25.16,0.085,supermarket,wholesale,Kulmbach,completed
6775,2026-08-19,1,45,23.14,0.070,supermarket,wholesale,Bayreuth,completed
6776,2026-08-19,8,58,23.86,0.070,supermarket,wholesale,Bayreuth,completed
6777,2026-08-19,1,174,23.07,0.150,beverage_wholesaler,wholesale,Nürnberg,completed
6778,2026-08-19,5,150,21.59,0.145,beverage_wholesaler,wholesale,Bayreuth,completed
6779,2026-08-19,5,37,21.92,0.040,restaurant,direct,Coburg,completed
6780,2026-08-19,4,35,22.33,0.060,event_catering,direct,Bayreuth,completed
6781,2026-08-19,10,31,33.11,0.040,restaurant,wholesale,Nürnberg,completed
6782,2026-08-19,4,19,22.83,0.040,bar,direct,Bamberg,completed
6783,2026-08-19,5,65,22.10,0.040,bar,direct,Nürnberg,completed
6784,2026-08-19,7,12,31.46,0.030,restaurant,direct,Kulmbach,completed
6785,2026-08-20,4,30,22.53,0.030,restaurant,direct,Bamberg,completed
6786,2026-08-20,12,221,26.54,0.150,beverage_wholesaler,wholesale,Nürnberg,completed
6787,2026-08-20,2,177,25.20,0.095,supermarket,wholesale,Nürnberg,completed
6788,2026-08-20,1,138,23.11,0.145,beverage_wholesaler,wholesale,Marktredwitz,completed
6789,2026-08-20,2,62,24.96,0.065,supermarket,wholesale,Hof,completed
6790,2026-08-20,9,93,25.56,0.075,event_catering,direct,Kulmbach,completed
6791,2026-08-20,5,159,22.07,0.100,supermarket,wholesale,Marktredwitz,completed
6792,2026-08-20,12,38,27.01,0.040,bar,direct,Coburg,completed
6793,2026-08-20,5,287,21.94,0.150,beverage_wholesaler,wholesale,Coburg,completed
6794,2026-08-20,1,187,22.67,0.150,beverage_wholesaler,wholesale,Coburg,completed
6795,2026-08-20,2,36,24.83,0.035,bar,direct,Bayreuth,completed
6796,2026-08-20,4,97,22.57,0.145,beverage_wholesaler,direct,Nürnberg,completed
6797,2026-08-20,2,64,24.54,0.065,supermarket,wholesale,Coburg,completed
6798,2026-08-20,5,35,21.66,0.035,bar,wholesale,Nürnberg,completed
6799,2026-08-20,6,61,24.65,0.070,supermarket,wholesale,Bayreuth,completed
6800,2026-08-20,6,72,24.16,0.065,supermarket,direct,Bayreuth,completed
6801,2026-08-20,1,27,22.64,0.040,bar,direct,Kulmbach,returned
6802,2026-08-20,11,45,23.39,0.120,beverage_wholesaler,wholesale,Nürnberg,completed
6803,2026-08-20,2,203,25.23,0.160,beverage_wholesaler,wholesale,Bayreuth,completed
6804,2026-08-20,11,62,23.57,0.040,bar,direct,Bayreuth,completed
6805,2026-08-20,2,25,24.71,0.030,restaurant,direct,Nürnberg,completed
6806,2026-08-20,2,92,24.98,0.080,supermarket,wholesale,Bayreuth,completed
6807,2026-08-20,1,63,22.71,0.050,bar,wholesale,Bayreuth,completed
6808,2026-08-20,1,16,23.09,0.050,bar,direct,Nürnberg,completed
6809,2026-08-20,1,57,22.89,0.040,bar,wholesale,Kulmbach,completed
6810,2026-08-20,2,77,25.16,0.060,event_catering,direct,Bamberg,completed
6811,2026-08-20,8,48,24.19,0.025,restaurant,direct,Marktredwitz,completed
6812,2026-08-20,5,35,22.10,0.040,bar,wholesale,Bamberg,completed
6813,2026-08-20,1,22,22.81,0.030,restaurant,direct,Kulmbach,completed
6814,2026-08-20,1,90,23.19,0.085,supermarket,wholesale,Marktredwitz,completed
6815,2026-08-20,1,81,23.20,0.085,supermarket,wholesale,Bayreuth,completed
6816,2026-08-20,2,31,25.22,0.040,bar,direct,Nürnberg,completed
6817,2026-08-20,4,55,22.81,0.070,supermarket,wholesale,Nürnberg,completed
6818,2026-08-20,1,26,23.05,0.030,restaurant,direct,Bamberg,completed
6819,2026-08-20,5,75,22.08,0.060,event_catering,direct,Coburg,completed
6820,2026-08-20,7,43,32.08,0.030,restaurant,direct,Nürnberg,completed
6821,2026-08-20,6,15,24.14,0.025,restaurant,direct,Bayreuth,completed
6822,2026-08-20,5,162,22.11,0.100,supermarket,wholesale,Nürnberg,completed
6823,2026-08-21,8,50,24.15,0.030,restaurant,direct,Bayreuth,completed
6824,2026-08-21,7,26,32.03,0.030,restaurant,direct,Marktredwitz,cancelled
6825,2026-08-21,5,264,21.90,0.160,beverage_wholesaler,wholesale,Marktredwitz,completed
6826,2026-08-21,11,173,23.37,0.150,beverage_wholesaler,wholesale,Nürnberg,completed
6827,2026-08-21,6,37,24.78,0.040,bar,direct,Nürnberg,completed
6828,2026-08-21,5,40,21.62,0.030,restaurant,direct,Kulmbach,completed
6829,2026-08-21,5,30,21.97,0.040,bar,wholesale,Bamberg,completed
6830,2026-08-21,5,51,21.64,0.040,bar,direct,Bayreuth,completed
6831,2026-08-21,2,93,24.53,0.095,supermarket,wholesale,Kulmbach,completed
6832,2026-08-21,12,70,26.89,0.060,event_catering,wholesale,Hof,completed
6833,2026-08-21,5,30,21.64,0.040,bar,direct,Nürnberg,completed
6834,2026-08-21,8,122,24.09,0.135,beverage_wholesaler,wholesale,Coburg,completed
6835,2026-08-21,11,37,23.20,0.050,bar,direct,Nürnberg,completed
6836,2026-08-21,11,40,23.58,0.050,bar,wholesale,Bamberg,completed
6837,2026-08-21,6,24,24.42,0.070,supermarket,wholesale,Nürnberg,completed
6838,2026-08-21,5,78,21.69,0.040,bar,direct,Marktredwitz,completed
6839,2026-08-21,7,67,31.67,0.080,supermarket,wholesale,Bayreuth,completed
6840,2026-08-21,12,35,27.20,0.040,bar,wholesale,Bayreuth,completed
6841,2026-08-21,8,29,24.33,0.025,restaurant,wholesale,Bayreuth,completed
6842,2026-08-21,5,31,21.84,0.040,restaurant,wholesale,Bayreuth,completed
6843,2026-08-21,10,23,32.88,0.040,bar,direct,Nürnberg,completed
6844,2026-08-21,5,49,22.05,0.040,restaurant,direct,Bayreuth,completed
6845,2026-08-21,5,159,21.97,0.150,beverage_wholesaler,wholesale,Coburg,completed
6846,2026-08-21,1,271,22.68,0.150,beverage_wholesaler,wholesale,Nürnberg,completed
6847,2026-08-21,3,41,23.71,0.040,restaurant,direct,Coburg,completed
6848,2026-08-21,2,108,25.27,0.080,supermarket,wholesale,Bamberg,completed
6849,2026-08-21,2,128,25.00,0.130,beverage_wholesaler,wholesale,Bayreuth,completed
6850,2026-08-21,2,30,25.04,0.040,restaurant,direct,Nürnberg,completed
6851,2026-08-21,2,201,24.84,0.150,beverage_wholesaler,wholesale,Nürnberg,completed
6852,2026-08-21,2,126,25.16,0.135,beverage_wholesaler,wholesale,Bayreuth,completed
6853,2026-08-21,2,89,24.79,0.085,supermarket,wholesale,Bamberg,completed
6854,2026-08-22,2,31,24.53,0.025,restaurant,direct,Bayreuth,completed
6855,2026-08-22,4,116,22.37,0.135,beverage_wholesaler,wholesale,Kulmbach,completed
6856,2026-08-22,5,247,22.08,0.160,beverage_wholesaler,wholesale,Kulmbach,completed
6857,2026-08-22,4,170,22.77,0.090,event_catering,direct,Bamberg,completed
6858,2026-08-22,3,59,24.08,0.035,bar,direct,Nürnberg,completed
6859,2026-08-22,2,30,25.19,0.040,restaurant,direct,Bayreuth,completed
6860,2026-08-22,2,101,25.01,0.085,supermarket,wholesale,Nürnberg,completed
6861,2026-08-22,7,44,31.70,0.025,restaurant,wholesale,Marktredwitz,completed
6862,2026-08-22,2,107,24.66,0.130,beverage_wholesaler,wholesale,Bayreuth,completed
6863,2026-08-22,4,80,22.45,0.080,supermarket,wholesale,Kulmbach,completed
6864,2026-08-22,11,294,23.23,0.150,beverage_wholesaler,wholesale,Hof,completed
6865,2026-08-22,5,117,21.72,0.075,event_catering,direct,Nürnberg,completed
6866,2026-08-22,9,141,25.70,0.145,beverage_wholesaler,wholesale,Bayreuth,completed
6867,2026-08-22,1,290,22.88,0.100,supermarket,wholesale,Nürnberg,completed
6868,2026-08-22,1,163,23.24,0.100,supermarket,wholesale,Kulmbach,completed
6869,2026-08-22,4,142,22.63,0.135,beverage_wholesaler,wholesale,Nürnberg,completed
6870,2026-08-22,3,48,23.58,0.035,bar,direct,Nürnberg,completed
6871,2026-08-22,5,63,21.65,0.030,restaurant,direct,Bamberg,completed
6872,2026-08-22,9,89,25.86,0.085,supermarket,wholesale,Bayreuth,completed
6873,2026-08-22,4,51,22.50,0.050,bar,direct,Hof,completed
6874,2026-08-23,6,26,24.57,0.040,restaurant,wholesale,Bamberg,completed
6875,2026-08-23,8,63,24.26,0.055,event_catering,direct,Bamberg,completed
6876,2026-08-23,6,12,24.60,0.030,restaurant,direct,Nürnberg,completed
6877,2026-08-23,1,202,23.03,0.150,beverage_wholesaler,wholesale,Kulmbach,completed
6878,2026-08-23,9,20,25.55,0.030,restaurant,wholesale,Coburg,completed
6879,2026-08-23,8,68,24.11,0.070,supermarket,wholesale,Bamberg,completed
6880,2026-08-23,4,55,22.73,0.070,supermarket,wholesale,Nürnberg,completed
6881,2026-08-23,6,22,24.53,0.030,restaurant,direct,Nürnberg,completed
6882,2026-08-23,11,114,23.84,0.135,beverage_wholesaler,wholesale,Bayreuth,completed
6883,2026-08-23,8,33,23.95,0.050,bar,direct,Nürnberg,completed
6884,2026-08-23,5,148,22.09,0.085,supermarket,wholesale,Nürnberg,completed
6885,2026-08-23,8,59,24.00,0.065,supermarket,direct,Bamberg,completed
6886,2026-08-23,4,27,22.18,0.040,bar,wholesale,Bayreuth,completed
6887,2026-08-23,9,65,26.21,0.065,supermarket,wholesale,Hof,completed
6888,2026-08-23,3,21,23.89,0.025,restaurant,direct,Bayreuth,completed
6889,2026-08-23,7,65,31.46,0.120,beverage_wholesaler,wholesale,Nürnberg,completed
6890,2026-08-23,2,62,25.16,0.070,supermarket,wholesale,Bayreuth,completed
6891,2026-08-23,2,15,24.55,0.025,restaurant,direct,Hof,completed
6892,2026-08-24,1,71,22.81,0.080,supermarket,wholesale,Bayreuth,completed
6893,2026-08-24,4,71,22.17,0.055,event_catering,direct,Bamberg,completed
6894,2026-08-24,4,41,22.62,0.025,restaurant,wholesale,Coburg,completed
6895,2026-08-24,12,30,26.65,0.030,restaurant,direct,Marktredwitz,completed
6896,2026-08-24,6,187,24.75,0.110,supermarket,wholesale,Bayreuth,completed
6897,2026-08-24,6,26,24.84,0.035,bar,direct,Hof,completed
6898,2026-08-24,4,98,22.48,0.085,supermarket,wholesale,Marktredwitz,completed
6899,2026-08-24,6,106,24.66,0.135,beverage_wholesaler,wholesale,Bayreuth,completed
6900,2026-08-24,5,199,21.64,0.160,beverage_wholesaler,wholesale,Marktredwitz,completed
6901,2026-08-24,12,50,27.23,0.060,event_catering,direct,Bayreuth,completed
6902,2026-08-24,5,35,22.15,0.030,restaurant,direct,Marktredwitz,completed
6903,2026-08-24,8,38,24.24,0.030,restaurant,direct,Nürnberg,completed
6904,2026-08-24,4,134,22.62,0.130,beverage_wholesaler,wholesale,Bayreuth,completed
6905,2026-08-24,2,97,24.99,0.145,beverage_wholesaler,wholesale,Bamberg,completed
6906,2026-08-25,1,68,23.21,0.065,supermarket,wholesale,Hof,completed
6907,2026-08-25,,104,23.88,0.085,supermarket,wholesale,Bamberg,completed
6908,2026-08-25,8,86,24.02,0.085,supermarket,wholesale,Marktredwitz,completed
6909,2026-08-25,5,107,21.58,0.085,supermarket,wholesale,Bayreuth,completed
6910,2026-08-25,2,48,24.85,0.060,event_catering,direct,Hof,completed
6911,2026-08-25,9,108,25.66,0.145,beverage_wholesaler,wholesale,Hof,completed
6912,2026-08-25,2,81,25.21,0.080,supermarket,wholesale,Bayreuth,completed
6913,2026-08-25,11,42,23.31,0.040,bar,wholesale,Kulmbach,completed
6914,2026-08-25,3,348,24.22,0.150,beverage_wholesaler,wholesale,Marktredwitz,completed
6915,2026-08-25,4,26,22.52,0.030,restaurant,direct,Marktredwitz,completed
6916,2026-08-25,11,73,23.73,0.025,restaurant,direct,Coburg,completed
6917,2026-08-25,2,91,24.60,0.130,beverage_wholesaler,wholesale,Kulmbach,completed
6918,2026-08-25,3,21,24.21,0.035,bar,direct,Bayreuth,completed
6919,2026-08-25,1,47,23.10,0.040,bar,direct,Hof,completed
6920,2026-08-25,4,132,22.68,0.085,supermarket,direct,Hof,completed
6921,2026-08-25,2,10,25.05,0.040,restaurant,direct,Bayreuth,completed
6922,2026-08-25,7,63,32.00,0.065,supermarket,wholesale,Bayreuth,completed
6923,2026-08-25,1,178,22.83,0.150,beverage_wholesaler,wholesale,Bamberg,completed
6924,2026-08-25,4,205,22.64,0.150,beverage_wholesaler,wholesale,Nürnberg,completed
6925,2026-08-25,1,14,23.20,0.040,restaurant,direct,Bayreuth,completed
6926,2026-08-25,5,189,22.03,0.150,beverage_wholesaler,wholesale,Hof,completed
6927,2026-08-25,4,40,22.40,0.040,bar,direct,Bamberg,completed
6928,2026-08-25,4,42,22.69,0.030,restaurant,direct,Bayreuth,completed
6929,2026-08-25,2,74,24.65,0.080,supermarket,wholesale,Nürnberg,completed
6930,2026-08-26,6,31,24.51,0.025,restaurant,direct,Coburg,completed
6931,2026-08-26,1,31,23.10,0.030,restaurant,wholesale,Bayreuth,completed
6932,2026-08-26,7,68,31.66,0.120,beverage_wholesaler,wholesale,Nürnberg,completed
6933,2026-08-26,4,88,22.44,0.080,supermarket,direct,Nürnberg,completed
6934,2026-08-26,3,98,23.67,0.135,beverage_wholesaler,wholesale,Bayreuth,completed
6935,2026-08-26,9,35,25.84,0.030,restaurant,wholesale,Bayreuth,completed
6936,2026-08-26,2,45,25.09,0.050,bar,direct,Coburg,completed
6937,2026-08-26,3,18,23.71,0.030,restaurant,wholesale,Bayreuth,completed
6938,2026-08-26,1,138,22.73,0.085,supermarket,wholesale,Coburg,completed
6939,2026-08-26,6,104,24.56,0.070,event_catering,direct,Bayreuth,completed
6940,2026-08-26,11,65,23.75,0.035,bar,direct,Marktredwitz,completed
6941,2026-08-26,5,108,21.64,0.085,supermarket,wholesale,Nürnberg,completed
6942,2026-08-26,4,99,22.61,0.145,beverage_wholesaler,direct,Coburg,completed
6943,2026-08-26,2,92,25.24,0.075,event_catering,direct,Bayreuth,completed
6944,2026-08-26,6,51,24.70,0.060,event_catering,direct,Bamberg,completed
6945,2026-08-26,1,170,23.16,0.150,beverage_wholesaler,wholesale,Nürnberg,completed
6946,2026-08-27,6,30,24.17,0.040,bar,direct,Bayreuth,completed
6947,2026-08-27,4,37,22.48,0.040,bar,direct,Nürnberg,completed
6948,2026-08-27,5,111,21.61,0.075,event_catering,direct,Bayreuth,completed
6949,2026-08-27,7,148,31.49,0.085,supermarket,direct,Bayreuth,completed
6950,2026-08-27,3,31,23.98,0.050,bar,direct,Nürnberg,completed
6951,2026-08-27,1,404,23.08,0.150,beverage_wholesaler,direct,Marktredwitz,completed
6952,2026-08-27,3,105,23.91,0.085,event_catering,direct,Hof,completed
6953,2026-08-27,5,41,22.11,0.040,restaurant,direct,Marktredwitz,completed
6954,2026-08-27,6,25,24.80,0.030,restaurant,wholesale,Nürnberg,completed
6955,2026-08-27,2,19,25.09,0.040,restaurant,direct,Nürnberg,completed
6956,2026-08-27,6,77,24.50,0.070,supermarket,direct,Bayreuth,completed
6957,2026-08-27,6,31,24.15,0.040,bar,wholesale,Nürnberg,completed
6958,2026-08-27,12,12,27.02,0.030,restaurant,direct,Coburg,completed
6959,2026-08-27,2,240,24.89,0.100,supermarket,wholesale,Bayreuth,completed
6960,2026-08-27,3,51,23.71,0.040,restaurant,direct,Bayreuth,completed
6961,2026-08-27,5,66,21.87,0.070,supermarket,wholesale,Kulmbach,returned
6962,2026-08-27,2,102,24.69,0.080,supermarket,wholesale,Bayreuth,completed
6963,2026-08-27,2,78,24.55,0.070,supermarket,wholesale,Bayreuth,completed
6964,2026-08-27,5,44,22.21,0.040,bar,direct,Nürnberg,completed
6965,2026-08-27,5,248,21.98,0.150,beverage_wholesaler,wholesale,Nürnberg,completed
6966,2026-08-28,9,40,26.13,0.040,bar,direct,Nürnberg,completed
6967,2026-08-28,8,143,24.48,0.095,supermarket,wholesale,Nürnberg,completed
6968,2026-08-28,4,142,22.33,0.085,supermarket,wholesale,Bayreuth,completed
6969,2026-08-28,3,127,24.25,0.075,event_catering,direct,Marktredwitz,cancelled
6970,2026-08-28,1,24,22.63,0.025,restaurant,direct,Bayreuth,completed
6971,2026-08-28,2,36,24.73,0.025,restaurant,direct,Nürnberg,completed
6972,2026-08-28,5,28,22.11,0.030,restaurant,direct,Coburg,completed
6973,2026-08-28,2,54,24.82,0.070,supermarket,wholesale,Hof,completed
6974,2026-08-28,2,187,24.74,0.150,beverage_wholesaler,wholesale,Bayreuth,completed
6975,2026-08-28,1,32,22.86,0.040,restaurant,direct,Kulmbach,completed
6976,2026-08-28,1,43,22.76,0.025,restaurant,direct,Nürnberg,completed
6977,2026-08-28,1,25,23.12,0.025,restaurant,direct,Marktredwitz,completed
6978,2026-08-28,2,31,25.22,0.025,restaurant,wholesale,Bayreuth,completed
6979,2026-08-28,1,16,23.18,0.030,restaurant,direct,Kulmbach,completed
6980,2026-08-28,4,103,22.52,0.085,supermarket,wholesale,Nürnberg,completed
6981,2026-08-28,1,102,22.93,0.130,beverage_wholesaler,wholesale,Kulmbach,completed
6982,2026-08-28,5,255,21.77,0.150,beverage_wholesaler,wholesale,Bayreuth,completed
6983,2026-08-28,1,79,23.18,0.070,supermarket,wholesale,Hof,completed
6984,2026-08-28,11,92,23.15,0.085,supermarket,wholesale,Nürnberg,completed
6985,2026-08-28,1,175,22.78,0.150,beverage_wholesaler,wholesale,Bamberg,completed
6986,2026-08-28,1,36,22.66,0.040,bar,direct,Bayreuth,completed
6987,2026-08-28,12,108,26.71,0.085,supermarket,wholesale,Kulmbach,completed
6988,2026-08-28,8,75,24.42,0.060,event_catering,wholesale,Bamberg,completed
6989,2026-08-28,1,86,23.01,0.075,event_catering,wholesale,Coburg,completed
6990,2026-08-28,4,33,22.32,0.030,restaurant,direct,Bayreuth,completed
6991,2026-08-28,1,31,22.72,0.050,bar,direct,Coburg,completed
6992,2026-08-28,7,31,32.12,0.040,restaurant,wholesale,Marktredwitz,completed
6993,2026-08-28,2,261,24.79,0.150,beverage_wholesaler,wholesale,Marktredwitz,completed
6994,2026-08-28,1,49,22.83,0.030,restaurant,direct,Bayreuth,completed
6995,2026-08-28,1,273,23.16,0.160,beverage_wholesaler,wholesale,Bamberg,completed
6996,2026-08-28,11,98,23.73,0.085,supermarket,wholesale,Coburg,completed
6997,2026-08-28,1,59,22.56,0.070,supermarket,wholesale,Bayreuth,completed
6998,2026-08-28,3,34,24.15,0.025,restaurant,direct,Kulmbach,completed
6999,2026-08-28,2,69,24.72,0.070,supermarket,wholesale,Bayreuth,completed
7000,2026-08-29,7,102,31.74,0.135,beverage_wholesaler,wholesale,Nürnberg,completed
7001,2026-08-29,4,102,22.73,0.085,supermarket,wholesale,Hof,completed
7002,2026-08-29,3,130,23.83,0.085,supermarket,wholesale,Coburg,completed
7003,2026-08-29,1,43,23.06,0.030,restaurant,direct,Bamberg,completed
7004,2026-08-29,2,366,25.13,0.160,beverage_wholesaler,wholesale,Bamberg,completed
7005,2026-08-29,5,136,22.02,0.085,supermarket,wholesale,Bayreuth,completed
7006,2026-08-29,4,115,22.22,0.085,supermarket,wholesale,Bayreuth,completed
7007,2026-08-29,1,37,22.60,0.070,supermarket,wholesale,Kulmbach,completed
7008,2026-08-29,11,75,23.40,0.060,event_catering,direct,Nürnberg,completed
7009,2026-08-29,1,90,22.64,0.080,supermarket,wholesale,Kulmbach,completed
7010,2026-08-29,2,182,24.56,0.145,beverage_wholesaler,wholesale,Bayreuth,completed
7011,2026-08-29,6,24,24.67,0.030,restaurant,wholesale,Hof,completed
7012,2026-08-29,4,65,22.36,0.035,bar,direct,Hof,completed
7013,2026-08-29,1,111,22.98,0.135,beverage_wholesaler,wholesale,Kulmbach,completed
7014,2026-08-29,9,80,26.18,0.095,supermarket,wholesale,Kulmbach,completed
7015,2026-08-29,6,102,24.82,0.080,supermarket,wholesale,Nürnberg,completed
7016,2026-08-29,11,76,23.16,0.120,beverage_wholesaler,wholesale,Bamberg,completed
7017,2026-08-29,9,82,26.28,0.080,supermarket,wholesale,Nürnberg,completed
7018,2026-08-29,5,49,21.60,0.030,restaurant,wholesale,Bamberg,completed
7019,2026-08-29,9,43,25.97,0.035,bar,direct,Nürnberg,completed
7020,2026-08-29,1,34,23.18,0.040,bar,direct,Coburg,completed
7021,2026-08-29,2,37,25.09,0.030,restaurant,direct,Hof,completed
7022,2026-08-29,2,45,24.93,0.030,restaurant,direct,Bamberg,completed
7023,2026-08-29,1,24,23.07,0.030,restaurant,wholesale,Nürnberg,completed
7024,2026-08-29,6,98,24.24,0.135,beverage_wholesaler,wholesale,Kulmbach,completed
7025,2026-08-29,11,35,23.63,0.040,restaurant,direct,Bayreuth,completed
7026,2026-08-29,2,34,24.82,0.030,restaurant,direct,Nürnberg,completed
7027,2026-08-29,1,80,22.94,0.085,supermarket,wholesale,Bamberg,completed
7028,2026-08-30,9,153,25.68,0.145,beverage_wholesaler,wholesale,Kulmbach,completed
7029,2026-08-30,2,56,24.99,0.070,event_catering,direct,Kulmbach,completed
7030,2026-08-30,1,165,22.84,0.150,beverage_wholesaler,wholesale,Nürnberg,completed
7031,2026-08-30,2,26,24.91,0.040,bar,wholesale,Nürnberg,completed
7032,2026-08-30,7,50,31.70,0.070,supermarket,wholesale,Nürnberg,completed
7033,2026-08-30,4,87,22.36,0.135,beverage_wholesaler,wholesale,Bayreuth,completed
7034,2026-08-30,3,20,23.68,0.025,restaurant,wholesale,Bayreuth,completed
7035,2026-08-30,7,23,31.45,0.025,restaurant,direct,Nürnberg,completed
7036,2026-08-30,2,58,25.06,0.060,event_catering,wholesale,Kulmbach,completed
7037,2026-08-30,3,124,24.03,0.085,supermarket,wholesale,Nürnberg,completed
7038,2026-08-30,5,41,21.79,0.035,bar,direct,Bayreuth,completed
7039,2026-08-30,2,39,24.80,0.040,bar,direct,Bamberg,completed
7040,2026-08-30,1,67,22.90,0.070,supermarket,wholesale,Bayreuth,completed
7041,2026-08-30,5,57,21.90,0.080,supermarket,wholesale,Marktredwitz,completed
7042,2026-08-30,7,30,31.91,0.040,restaurant,direct,Nürnberg,completed
7043,2026-08-30,1,27,22.96,0.030,restaurant,direct,Bamberg,completed
7044,2026-08-30,1,24,23.13,0.030,restaurant,direct,Bamberg,completed
7045,2026-08-31,5,94,21.80,0.050,bar,direct,Kulmbach,completed
7046,2026-08-31,4,33,22.34,0.050,bar,direct,Hof,completed
7047,2026-08-31,11,53,23.83,0.080,supermarket,wholesale,Nürnberg,completed
7048,2026-08-31,4,133,22.49,0.095,supermarket,wholesale,Hof,completed
7049,2026-08-31,7,64,32.33,0.040,bar,wholesale,Bayreuth,completed
7050,2026-08-31,8,63,24.36,0.070,event_catering,direct,Bayreuth,completed
7051,2026-08-31,3,69,23.85,0.060,event_catering,direct,Hof,completed
7052,2026-08-31,12,39,26.55,0.040,bar,direct,Bayreuth,completed
7053,2026-08-31,7,45,32.34,0.030,restaurant,direct,Coburg,completed
7054,2026-08-31,5,247,21.60,0.150,beverage_wholesaler,wholesale,Kulmbach,completed
7055,2026-08-31,9,87,26.22,0.085,supermarket,wholesale,Bamberg,completed
7056,2026-08-31,6,73,24.34,0.080,supermarket,direct,Bayreuth,completed
7057,2026-08-31,8,57,23.88,0.055,event_catering,direct,Bamberg,completed
7058,2026-08-31,7,44,31.53,0.035,bar,direct,Kulmbach,completed
7059,2026-08-31,6,204,24.81,0.145,beverage_wholesaler,wholesale,Bamberg,completed
7060,2026-08-31,12,70,26.76,0.040,bar,direct,Bayreuth,completed
7061,2026-08-31,2,33,25.17,0.025,restaurant,wholesale,Bamberg,completed
7062,2026-08-31,2,28,24.63,0.030,restaurant,direct,Marktredwitz,completed
7063,2026-08-31,3,35,24.08,0.030,restaurant,direct,Kulmbach,completed
7064,2026-08-31,3,57,23.67,0.055,event_catering,direct,Bamberg,completed
7065,2026-08-31,7,28,31.91,0.040,bar,direct,Bayreuth,completed
7066,2026-08-31,2,75,25.25,0.065,supermarket,wholesale,Nürnberg,completed
7067,2026-08-31,1,20,22.65,0.025,restaurant,direct,Marktredwitz,completed
7068,2026-08-31,8,47,24.53,0.070,supermarket,wholesale,Bayreuth,completed
3986,2026-04-17,2,52,25.03,0.070,supermarket,wholesale,Marktredwitz,completed
916,2025-10-22,2,22,24.82,0.040,restaurant,direct,Bayreuth,completed
692,2025-10-08,6,132,24.55,0.130,beverage_wholesaler,wholesale,Kulmbach,completed
2287,2026-01-11,3,33,23.56,0.050,bar,direct,Nürnberg,completed
3104,2026-03-04,4,53,22.67,0.130,beverage_wholesaler,wholesale,Kulmbach,completed
3805,2026-04-08,6,34,24.29,0.070,supermarket,wholesale,Marktredwitz,completed
2594,2026-01-30,1,79,23.13,0.070,supermarket,wholesale,Nürnberg,completed
1716,2025-12-09,12,85,26.71,0.085,supermarket,wholesale,Nürnberg,completed
268,2025-09-14,4,31,22.59,0.030,restaurant,wholesale,Kulmbach,completed
748,2025-10-11,9,76,25.61,0.080,supermarket,wholesale,Nürnberg,completed
2578,2026-01-29,2,16,24.66,0.030,restaurant,direct,Bayreuth,completed
6378,2026-08-02,5,35,22.19,0.035,bar,wholesale,Bamberg,completed
